{
"type": "FeatureCollection",
"name": "datacube_wgs84",
"crs": { "type": "name", "properties": { "name": "urn:ogc:def:crs:OGC:1.3:CRS84" } },
"features": [
{"type":"Feature","properties":{"Tile_ID":"X0084_Y-025","Tile_X":84,"Tile_Y":-25,"TOTAL_SCENES":310,"TILE_SIZE":2.14},"geometry":{"type":"Polygon","coordinates":[[[27.407962798490697,70.30917775354628],[28.166148780163926,70.23925008292467],[27.938666777405569,69.978146108838459],[27.188931221211913,70.047135574000293],[27.407962798490697,70.30917775354628]]]}},
{"type":"Feature","properties":{"Tile_ID":"X0085_Y-025","Tile_X":85,"Tile_Y":-25,"TOTAL_SCENES":375,"TILE_SIZE":2.03},"geometry":{"type":"Polygon","coordinates":[[[28.166148780163926,70.23925008292467],[28.919450644970926,70.166442941192983],[28.683706470258173,69.906309011479749],[27.938666777405569,69.978146108838459],[28.166148780163926,70.23925008292467]]]}},
{"type":"Feature","properties":{"Tile_ID":"X0083_Y-024","Tile_X":83,"Tile_Y":-24,"TOTAL_SCENES":352,"TILE_SIZE":1.85},"geometry":{"type":"Polygon","coordinates":[[[26.434643489354862,70.113249258893262],[27.188931221211913,70.047135574000293],[26.975706542914267,69.784902614435339],[26.229860808618003,69.850134571658046],[26.434643489354862,70.113249258893262]]]}},
{"type":"Feature","properties":{"Tile_ID":"X0084_Y-024","Tile_X":84,"Tile_Y":-24,"TOTAL_SCENES":333,"TILE_SIZE":2.43},"geometry":{"type":"Polygon","coordinates":[[[27.188931221211913,70.047135574000293],[27.938666777405569,69.978146108838459],[27.71717523247143,69.716827227498797],[26.975706542914267,69.784902614435339],[27.188931221211913,70.047135574000293]]]}},
{"type":"Feature","properties":{"Tile_ID":"X0085_Y-024","Tile_X":85,"Tile_Y":-24,"TOTAL_SCENES":415,"TILE_SIZE":2.0},"geometry":{"type":"Polygon","coordinates":[[[27.938666777405569,69.978146108838459],[28.683706470258173,69.906309011479749],[28.45412710114552,69.645935488710776],[27.71717523247143,69.716827227498797],[27.938666777405569,69.978146108838459]]]}},
{"type":"Feature","properties":{"Tile_ID":"X0086_Y-024","Tile_X":86,"Tile_Y":-24,"TOTAL_SCENES":344,"TILE_SIZE":2.57},"geometry":{"type":"Polygon","coordinates":[[[28.683706470258173,69.906309011479749],[29.42391385842485,69.831653176545032],[29.186429195014782,69.572255206753013],[28.45412710114552,69.645935488710776],[28.683706470258173,69.906309011479749]]]}},
{"type":"Feature","properties":{"Tile_ID":"X0087_Y-024","Tile_X":87,"Tile_Y":-24,"TOTAL_SCENES":290,"TILE_SIZE":2.13},"geometry":{"type":"Polygon","coordinates":[[[29.42391385842485,69.831653176545032],[30.159159791149158,69.754208191412047],[29.913955430932372,69.495814870373636],[29.186429195014782,69.572255206753013],[29.42391385842485,69.831653176545032]]]}},
{"type":"Feature","properties":{"Tile_ID":"X0082_Y-023","Tile_X":82,"Tile_Y":-23,"TOTAL_SCENES":302,"TILE_SIZE":2.19},"geometry":{"type":"Polygon","coordinates":[[[25.479784557177105,69.912496802762348],[26.229860808618003,69.850134571658046],[26.030476474140865,69.586861442530918],[25.28881732857926,69.648397353619671],[25.479784557177105,69.912496802762348]]]}},
{"type":"Feature","properties":{"Tile_ID":"X0083_Y-023","Tile_X":83,"Tile_Y":-23,"TOTAL_SCENES":374,"TILE_SIZE":1.85},"geometry":{"type":"Polygon","coordinates":[[[26.229860808618003,69.850134571658046],[26.975706542914267,69.784902614435339],[26.768067429947251,69.522488553924745],[26.030476474140865,69.586861442530918],[26.229860808618003,69.850134571658046]]]}},
{"type":"Feature","properties":{"Tile_ID":"X0084_Y-023","Tile_X":84,"Tile_Y":-23,"TOTAL_SCENES":318,"TILE_SIZE":2.28},"geometry":{"type":"Polygon","coordinates":[[[26.975706542914267,69.784902614435339],[27.71717523247143,69.716827227498797],[27.501447888062753,69.455303983417679],[26.768067429947251,69.522488553924745],[26.975706542914267,69.784902614435339]]]}},
{"type":"Feature","properties":{"Tile_ID":"X0085_Y-023","Tile_X":85,"Tile_Y":-23,"TOTAL_SCENES":374,"TILE_SIZE":2.11},"geometry":{"type":"Polygon","coordinates":[[[27.71717523247143,69.716827227498797],[28.45412710114552,69.645935488710776],[28.230481894386319,69.385333789397677],[27.501447888062753,69.455303983417679],[27.71717523247143,69.716827227498797]]]}},
{"type":"Feature","properties":{"Tile_ID":"X0086_Y-023","Tile_X":86,"Tile_Y":-23,"TOTAL_SCENES":365,"TILE_SIZE":2.51},"geometry":{"type":"Polygon","coordinates":[[[28.45412710114552,69.645935488710776],[29.186429195014782,69.572255206753013],[28.955039921209117,69.31260474528095],[28.230481894386319,69.385333789397677],[28.45412710114552,69.645935488710776]]]}},
{"type":"Feature","properties":{"Tile_ID":"X0087_Y-023","Tile_X":87,"Tile_Y":-23,"TOTAL_SCENES":353,"TILE_SIZE":2.19},"geometry":{"type":"Polygon","coordinates":[[[29.186429195014782,69.572255206753013],[29.913955430932372,69.495814870373636],[29.674998919184365,69.237144291606668],[28.955039921209117,69.31260474528095],[29.186429195014782,69.572255206753013]]]}},
{"type":"Feature","properties":{"Tile_ID":"X0082_Y-022","Tile_X":82,"Tile_Y":-22,"TOTAL_SCENES":317,"TILE_SIZE":2.09},"geometry":{"type":"Polygon","coordinates":[[[25.28881732857926,69.648397353619671],[26.030476474140865,69.586861442530918],[25.836285296102748,69.323438160849975],[25.102853392977263,69.384168953709974],[25.28881732857926,69.648397353619671]]]}},
{"type":"Feature","properties":{"Tile_ID":"X0083_Y-022","Tile_X":83,"Tile_Y":-22,"TOTAL_SCENES":342,"TILE_SIZE":2.01},"geometry":{"type":"Polygon","coordinates":[[[26.030476474140865,69.586861442530918],[26.768067429947251,69.522488553924745],[26.565803375886194,69.259902498564998],[25.836285296102748,69.323438160849975],[26.030476474140865,69.586861442530918]]]}},
{"type":"Feature","properties":{"Tile_ID":"X0084_Y-022","Tile_X":84,"Tile_Y":-22,"TOTAL_SCENES":352,"TILE_SIZE":2.32},"geometry":{"type":"Polygon","coordinates":[[[26.768067429947251,69.522488553924745],[27.501447888062753,69.455303983417679],[27.291269425396447,69.193586309401155],[26.565803375886194,69.259902498564998],[26.768067429947251,69.522488553924745]]]}},
{"type":"Feature","properties":{"Tile_ID":"X0085_Y-022","Tile_X":85,"Tile_Y":-22,"TOTAL_SCENES":392,"TILE_SIZE":2.33},"geometry":{"type":"Polygon","coordinates":[[[27.501447888062753,69.455303983417679],[28.230481894386319,69.385333789397677],[28.012551220760525,69.124514680178649],[27.291269425396447,69.193586309401155],[27.501447888062753,69.455303983417679]]]}},
{"type":"Feature","properties":{"Tile_ID":"X0086_Y-022","Tile_X":86,"Tile_Y":-22,"TOTAL_SCENES":398,"TILE_SIZE":2.5},"geometry":{"type":"Polygon","coordinates":[[[28.230481894386319,69.385333789397677],[28.955039921209117,69.31260474528095],[28.729522594876812,69.052713396957074],[28.012551220760525,69.124514680178649],[28.230481894386319,69.385333789397677]]]}},
{"type":"Feature","properties":{"Tile_ID":"X0087_Y-022","Tile_X":87,"Tile_Y":-22,"TOTAL_SCENES":366,"TILE_SIZE":2.34},"geometry":{"type":"Polygon","coordinates":[[[28.955039921209117,69.31260474528095],[29.674998919184365,69.237144291606668],[29.442063492044948,68.978208899798545],[28.729522594876812,69.052713396957074],[28.955039921209117,69.31260474528095]]]}},
{"type":"Feature","properties":{"Tile_ID":"X0082_Y-021","Tile_X":82,"Tile_Y":-21,"TOTAL_SCENES":370,"TILE_SIZE":2.27},"geometry":{"type":"Polygon","coordinates":[[[25.102853392977263,69.384168953709974],[25.836285296102748,69.323438160849975],[25.647092128475673,69.05987251542895],[24.921703242409155,69.119818625048254],[25.102853392977263,69.384168953709974]]]}},
{"type":"Feature","properties":{"Tile_ID":"X0083_Y-021","Tile_X":83,"Tile_Y":-21,"TOTAL_SCENES":371,"TILE_SIZE":2.17},"geometry":{"type":"Polygon","coordinates":[[[25.836285296102748,69.323438160849975],[26.565803375886194,69.259902498564998],[26.368714066426627,68.997153016903937],[25.647092128475673,69.05987251542895],[25.836285296102748,69.323438160849975]]]}},
{"type":"Feature","properties":{"Tile_ID":"X0084_Y-021","Tile_X":84,"Tile_Y":-21,"TOTAL_SCENES":377,"TILE_SIZE":2.3},"geometry":{"type":"Polygon","coordinates":[[[26.565803375886194,69.259902498564998],[27.291269425396447,69.193586309401155],[27.086434832169001,68.931683563973195],[26.368714066426627,68.997153016903937],[26.565803375886194,69.259902498564998]]]}},
{"type":"Feature","properties":{"Tile_ID":"X0085_Y-021","Tile_X":85,"Tile_Y":-21,"TOTAL_SCENES":409,"TILE_SIZE":2.3},"geometry":{"type":"Polygon","coordinates":[[[27.291269425396447,69.193586309401155],[28.012551220760525,69.124514680178649],[27.800125838723769,68.863488317143677],[27.086434832169001,68.931683563973195],[27.291269425396447,69.193586309401155]]]}},
{"type":"Feature","properties":{"Tile_ID":"X0086_Y-021","Tile_X":86,"Tile_Y":-21,"TOTAL_SCENES":412,"TILE_SIZE":2.29},"geometry":{"type":"Polygon","coordinates":[[[28.012551220760525,69.124514680178649],[28.729522594876812,69.052713396957074],[28.509664210560878,68.792592120429489],[27.800125838723769,68.863488317143677],[28.012551220760525,69.124514680178649]]]}},
{"type":"Feature","properties":{"Tile_ID":"X0087_Y-021","Tile_X":87,"Tile_Y":-21,"TOTAL_SCENES":391,"TILE_SIZE":2.38},"geometry":{"type":"Polygon","coordinates":[[[28.729522594876812,69.052713396957074],[29.442063492044948,68.978208899798545],[29.214932840238816,68.719020458617038],[28.509664210560878,68.792592120429489],[28.729522594876812,69.052713396957074]]]}},
{"type":"Feature","properties":{"Tile_ID":"X0076_Y-020","Tile_X":76,"Tile_Y":-20,"TOTAL_SCENES":327,"TILE_SIZE":2.19},"geometry":{"type":"Polygon","coordinates":[[[20.498463701318112,69.420043740279723],[21.243333848602298,69.377184207581564],[21.108078183778844,69.109385359632412],[20.371812277091834,69.151681975420345],[20.498463701318112,69.420043740279723]]]}},
{"type":"Feature","properties":{"Tile_ID":"X0077_Y-020","Tile_X":77,"Tile_Y":-20,"TOTAL_SCENES":357,"TILE_SIZE":2.29},"geometry":{"type":"Polygon","coordinates":[[[21.243333848602298,69.377184207581564],[21.985354310596605,69.331428236613263],[21.841604415019255,69.064227853165121],[21.108078183778844,69.109385359632412],[21.243333848602298,69.377184207581564]]]}},
{"type":"Feature","properties":{"Tile_ID":"X0078_Y-020","Tile_X":78,"Tile_Y":-20,"TOTAL_SCENES":382,"TILE_SIZE":2.43},"geometry":{"type":"Polygon","coordinates":[[[21.985354310596605,69.331428236613263],[22.724359624804549,69.282794046003062],[22.572231237600356,69.016226967075028],[21.841604415019255,69.064227853165121],[21.985354310596605,69.331428236613263]]]}},
{"type":"Feature","properties":{"Tile_ID":"X0082_Y-020","Tile_X":82,"Tile_Y":-20,"TOTAL_SCENES":383,"TILE_SIZE":2.09},"geometry":{"type":"Polygon","coordinates":[[[24.921703242409155,69.119818625048254],[25.647092128475673,69.05987251542895],[25.46271127714752,68.796171825498092],[24.745186641042096,68.855352955180109],[24.921703242409155,69.119818625048254]]]}},
{"type":"Feature","properties":{"Tile_ID":"X0083_Y-020","Tile_X":83,"Tile_Y":-20,"TOTAL_SCENES":355,"TILE_SIZE":2.19},"geometry":{"type":"Polygon","coordinates":[[[25.647092128475673,69.05987251542895],[26.368714066426627,68.997153016903937],[26.176608787014182,68.734248172839017],[25.46271127714752,68.796171825498092],[25.647092128475673,69.05987251542895]]]}},
{"type":"Feature","properties":{"Tile_ID":"X0084_Y-020","Tile_X":84,"Tile_Y":-20,"TOTAL_SCENES":363,"TILE_SIZE":2.11},"geometry":{"type":"Polygon","coordinates":[[[26.368714066426627,68.997153016903937],[27.086434832169001,68.931683563973195],[26.886748812229506,68.669604566159407],[26.176608787014182,68.734248172839017],[26.368714066426627,68.997153016903937]]]}},
{"type":"Feature","properties":{"Tile_ID":"X0085_Y-020","Tile_X":85,"Tile_Y":-20,"TOTAL_SCENES":370,"TILE_SIZE":2.32},"geometry":{"type":"Polygon","coordinates":[[[27.086434832169001,68.931683563973195],[27.800125838723769,68.863488317143677],[27.593006308536644,68.602264282420322],[26.886748812229506,68.669604566159407],[27.086434832169001,68.931683563973195]]]}},
{"type":"Feature","properties":{"Tile_ID":"X0086_Y-020","Tile_X":86,"Tile_Y":-20,"TOTAL_SCENES":356,"TILE_SIZE":1.97},"geometry":{"type":"Polygon","coordinates":[[[27.800125838723769,68.863488317143677],[28.509664210560878,68.792592120429489],[28.295261620341496,68.53225126646096],[27.593006308536644,68.602264282420322],[27.800125838723769,68.863488317143677]]]}},
{"type":"Feature","properties":{"Tile_ID":"X0087_Y-020","Tile_X":87,"Tile_Y":-20,"TOTAL_SCENES":355,"TILE_SIZE":2.25},"geometry":{"type":"Polygon","coordinates":[[[28.509664210560878,68.792592120429489],[29.214932840238816,68.719020458617038],[28.99340053880378,68.459590090609652],[28.295261620341496,68.53225126646096],[28.509664210560878,68.792592120429489]]]}},
{"type":"Feature","properties":{"Tile_ID":"X0075_Y-019","Tile_X":75,"Tile_Y":-19,"TOTAL_SCENES":343,"TILE_SIZE":2.24},"geometry":{"type":"Polygon","coordinates":[[[19.632970747536561,69.191101158872414],[20.371812277091834,69.151681975420345],[20.248451640709447,68.883310273011887],[19.518103402752946,68.922216487626159],[19.632970747536561,69.191101158872414]]]}},
{"type":"Feature","properties":{"Tile_ID":"X0076_Y-019","Tile_X":76,"Tile_Y":-19,"TOTAL_SCENES":367,"TILE_SIZE":2.05},"geometry":{"type":"Polygon","coordinates":[[[20.371812277091834,69.151681975420345],[21.108078183778844,69.109385359632412],[20.976323020471991,68.841561985699684],[20.248451640709447,68.883310273011887],[20.371812277091834,69.151681975420345]]]}},
{"type":"Feature","properties":{"Tile_ID":"X0077_Y-019","Tile_X":77,"Tile_Y":-19,"TOTAL_SCENES":359,"TILE_SIZE":2.28},"geometry":{"type":"Polygon","coordinates":[[[21.108078183778844,69.109385359632412],[21.841604415019255,69.064227853165121],[21.701559237844805,68.796987527832712],[20.976323020471991,68.841561985699684],[21.108078183778844,69.109385359632412]]]}},
{"type":"Feature","properties":{"Tile_ID":"X0078_Y-019","Tile_X":78,"Tile_Y":-19,"TOTAL_SCENES":392,"TILE_SIZE":2.09},"geometry":{"type":"Polygon","coordinates":[[[21.841604415019255,69.064227853165121],[22.572231237600356,69.016226967075028],[22.42400604394755,68.749603737948064],[21.701559237844805,68.796987527832712],[21.841604415019255,69.064227853165121]]]}},
{"type":"Feature","properties":{"Tile_ID":"X0080_Y-019","Tile_X":80,"Tile_Y":-19,"TOTAL_SCENES":362,"TILE_SIZE":2.02},"geometry":{"type":"Polygon","coordinates":[[[23.299803430314643,68.965401147600929],[24.024170460048502,68.911769740656155],[23.859935787688119,68.646480004166349],[23.143513428463876,68.699428358836244],[23.299803430314643,68.965401147600929]]]}},
{"type":"Feature","properties":{"Tile_ID":"X0081_Y-019","Tile_X":81,"Tile_Y":-19,"TOTAL_SCENES":328,"TILE_SIZE":2.16},"geometry":{"type":"Polygon","coordinates":[[[24.024170460048502,68.911769740656155],[24.745186641042096,68.855352955180109],[24.573132077095963,68.590778124014335],[23.859935787688119,68.646480004166349],[24.024170460048502,68.911769740656155]]]}},
{"type":"Feature","properties":{"Tile_ID":"X0082_Y-019","Tile_X":82,"Tile_Y":-19,"TOTAL_SCENES":345,"TILE_SIZE":1.85},"geometry":{"type":"Polygon","coordinates":[[[24.745186641042096,68.855352955180109],[25.46271127714752,68.796171825498092],[25.282965948259935,68.532342969430886],[24.573132077095963,68.590778124014335],[24.745186641042096,68.855352955180109]]]}},
{"type":"Feature","properties":{"Tile_ID":"X0083_Y-019","Tile_X":83,"Tile_Y":-19,"TOTAL_SCENES":348,"TILE_SIZE":2.17},"geometry":{"type":"Polygon","coordinates":[[[25.46271127714752,68.796171825498092],[26.176608787014182,68.734248172839017],[25.989305870022687,68.471195556187823],[25.282965948259935,68.532342969430886],[25.46271127714752,68.796171825498092]]]}},
{"type":"Feature","properties":{"Tile_ID":"X0084_Y-019","Tile_X":84,"Tile_Y":-19,"TOTAL_SCENES":321,"TILE_SIZE":1.8},"geometry":{"type":"Polygon","coordinates":[[[26.176608787014182,68.734248172839017],[26.886748812229506,68.669604566159407],[26.692025233930387,68.407357627839389],[25.989305870022687,68.471195556187823],[26.176608787014182,68.734248172839017]]]}},
{"type":"Feature","properties":{"Tile_ID":"X0085_Y-019","Tile_X":85,"Tile_Y":-19,"TOTAL_SCENES":329,"TILE_SIZE":2.09},"geometry":{"type":"Polygon","coordinates":[[[26.886748812229506,68.669604566159407],[27.593006308536644,68.602264282420322],[27.391002444014799,68.340851618234623],[26.692025233930387,68.407357627839389],[26.886748812229506,68.669604566159407]]]}},
{"type":"Feature","properties":{"Tile_ID":"X0086_Y-019","Tile_X":86,"Tile_Y":-19,"TOTAL_SCENES":288,"TILE_SIZE":1.74},"geometry":{"type":"Polygon","coordinates":[[[27.593006308536644,68.602264282420322],[28.295261620341496,68.53225126646096],[28.086120991093779,68.271700613614257],[27.391002444014799,68.340851618234623],[27.593006308536644,68.602264282420322]]]}},
{"type":"Feature","properties":{"Tile_ID":"X0087_Y-019","Tile_X":87,"Tile_Y":-19,"TOTAL_SCENES":337,"TILE_SIZE":2.08},"geometry":{"type":"Polygon","coordinates":[[[28.295261620341496,68.53225126646096],[28.99340053880378,68.459590090609652],[28.777269511837186,68.199928314422152],[28.086120991093779,68.271700613614257],[28.295261620341496,68.53225126646096]]]}},
{"type":"Feature","properties":{"Tile_ID":"X0076_Y-018","Tile_X":76,"Tile_Y":-18,"TOTAL_SCENES":306,"TILE_SIZE":1.78},"geometry":{"type":"Polygon","coordinates":[[[20.248451640709447,68.883310273011887],[20.976323020471991,68.841561985699684],[20.84793614690647,68.573716819436953],[20.128256845900101,68.614930823569466],[20.248451640709447,68.883310273011887]]]}},
{"type":"Feature","properties":{"Tile_ID":"X0077_Y-018","Tile_X":77,"Tile_Y":-18,"TOTAL_SCENES":365,"TILE_SIZE":2.36},"geometry":{"type":"Polygon","coordinates":[[[20.976323020471991,68.841561985699684],[21.701559237844805,68.796987527832712],[21.565079637044455,68.529710563444297],[20.84793614690647,68.573716819436953],[20.976323020471991,68.841561985699684]]]}},
{"type":"Feature","properties":{"Tile_ID":"X0078_Y-018","Tile_X":78,"Tile_Y":-18,"TOTAL_SCENES":299,"TILE_SIZE":1.92},"geometry":{"type":"Polygon","coordinates":[[[21.701559237844805,68.796987527832712],[22.42400604394755,68.749603737948064],[22.279538318714504,68.482928254559425],[21.565079637044455,68.529710563444297],[21.701559237844805,68.796987527832712]]]}},
{"type":"Feature","properties":{"Tile_ID":"X0079_Y-018","Tile_X":79,"Tile_Y":-18,"TOTAL_SCENES":345,"TILE_SIZE":2.16},"geometry":{"type":"Polygon","coordinates":[[[22.42400604394755,68.749603737948064],[23.143513428463876,68.699428358836244],[22.991167178816202,68.433386966276984],[22.279538318714504,68.482928254559425],[22.42400604394755,68.749603737948064]]]}},
{"type":"Feature","properties":{"Tile_ID":"X0080_Y-018","Tile_X":80,"Tile_Y":-18,"TOTAL_SCENES":290,"TILE_SIZE":1.77},"geometry":{"type":"Polygon","coordinates":[[[23.143513428463876,68.699428358836244],[23.859935787688119,68.646480004166349],[23.699825349100923,68.381104615227898],[22.991167178816202,68.433386966276984],[23.143513428463876,68.699428358836244]]]}},
{"type":"Feature","properties":{"Tile_ID":"X0081_Y-018","Tile_X":81,"Tile_Y":-18,"TOTAL_SCENES":333,"TILE_SIZE":2.05},"geometry":{"type":"Polygon","coordinates":[[[23.859935787688119,68.646480004166349],[24.573132077095963,68.590778124014335],[24.405376252280842,68.326099928734266],[23.699825349100923,68.381104615227898],[23.859935787688119,68.646480004166349]]]}},
{"type":"Feature","properties":{"Tile_ID":"X0082_Y-018","Tile_X":82,"Tile_Y":-18,"TOTAL_SCENES":252,"TILE_SIZE":1.76},"geometry":{"type":"Polygon","coordinates":[[[24.573132077095963,68.590778124014335],[25.282965948259935,68.532342969430886],[25.107687733711483,68.268392411436025],[24.405376252280842,68.326099928734266],[24.573132077095963,68.590778124014335]]]}},
{"type":"Feature","properties":{"Tile_ID":"X0083_Y-018","Tile_X":83,"Tile_Y":-18,"TOTAL_SCENES":338,"TILE_SIZE":2.09},"geometry":{"type":"Polygon","coordinates":[[[25.282965948259935,68.532342969430886],[25.989305870022687,68.471195556187823],[25.80663217854832,68.208002311117369],[25.107687733711483,68.268392411436025],[25.282965948259935,68.532342969430886]]]}},
{"type":"Feature","properties":{"Tile_ID":"X0084_Y-018","Tile_X":84,"Tile_Y":-18,"TOTAL_SCENES":245,"TILE_SIZE":1.71},"geometry":{"type":"Polygon","coordinates":[[[25.989305870022687,68.471195556187823],[26.692025233930387,68.407357627839389],[26.50208661435915,68.144950583858787],[25.80663217854832,68.208002311117369],[25.989305870022687,68.471195556187823]]]}},
{"type":"Feature","properties":{"Tile_ID":"X0085_Y-018","Tile_X":85,"Tile_Y":-18,"TOTAL_SCENES":303,"TILE_SIZE":1.96},"geometry":{"type":"Polygon","coordinates":[[[26.692025233930387,68.407357627839389],[27.391002444014799,68.340851618234623],[27.193932799252313,68.079258858641523],[26.50208661435915,68.144950583858787],[26.692025233930387,68.407357627839389]]]}},
{"type":"Feature","properties":{"Tile_ID":"X0086_Y-018","Tile_X":86,"Tile_Y":-18,"TOTAL_SCENES":244,"TILE_SIZE":1.72},"geometry":{"type":"Polygon","coordinates":[[[27.391002444014799,68.340851618234623],[28.086120991093779,68.271700613614257],[27.882057295655056,68.010949401527455],[27.193932799252313,68.079258858641523],[27.391002444014799,68.340851618234623]]]}},
{"type":"Feature","properties":{"Tile_ID":"X0087_Y-018","Tile_X":87,"Tile_Y":-18,"TOTAL_SCENES":316,"TILE_SIZE":1.95},"geometry":{"type":"Polygon","coordinates":[[[28.086120991093779,68.271700613614257],[28.777269511837186,68.199928314422152],[28.566351529946878,67.940045079535921],[27.882057295655056,68.010949401527455],[28.086120991093779,68.271700613614257]]]}},
{"type":"Feature","properties":{"Tile_ID":"X0088_Y-018","Tile_X":88,"Tile_Y":-18,"TOTAL_SCENES":276,"TILE_SIZE":1.91},"geometry":{"type":"Polygon","coordinates":[[[28.777269511837186,68.199928314422152],[29.464341832916226,68.125558996958915],[29.246711838218538,67.86656932433614],[28.566351529946878,67.940045079535921],[28.777269511837186,68.199928314422152]]]}},
{"type":"Feature","properties":{"Tile_ID":"X0089_Y-018","Tile_X":89,"Tile_Y":-18,"TOTAL_SCENES":366,"TILE_SIZE":2.23},"geometry":{"type":"Polygon","coordinates":[[[29.464341832916226,68.125558996958915],[30.147237000620784,68.048617474999247],[29.923039498487924,67.79054609586872],[29.246711838218538,67.86656932433614],[29.464341832916226,68.125558996958915]]]}},
{"type":"Feature","properties":{"Tile_ID":"X0073_Y-017","Tile_X":73,"Tile_Y":-17,"TOTAL_SCENES":322,"TILE_SIZE":2.21},"geometry":{"type":"Polygon","coordinates":[[[17.955550065364353,68.721671078187839],[18.681905664588168,68.688921832971502],[18.581013378695925,68.419596834257504],[17.862905455617117,68.4519280908344],[17.955550065364353,68.721671078187839]]]}},
{"type":"Feature","properties":{"Tile_ID":"X0074_Y-017","Tile_X":74,"Tile_Y":-17,"TOTAL_SCENES":316,"TILE_SIZE":2.04},"geometry":{"type":"Polygon","coordinates":[[[18.681905664588168,68.688921832971502],[19.406194541796157,68.653337281610533],[19.297132665107071,68.384465050519552],[18.581013378695925,68.419596834257504],[18.681905664588168,68.688921832971502]]]}},
{"type":"Feature","properties":{"Tile_ID":"X0075_Y-017","Tile_X":75,"Tile_Y":-17,"TOTAL_SCENES":334,"TILE_SIZE":2.12},"geometry":{"type":"Polygon","coordinates":[[[19.406194541796157,68.653337281610533],[20.128256845900101,68.614930823569466],[20.011109146847332,68.346545626748593],[19.297132665107071,68.384465050519552],[19.406194541796157,68.653337281610533]]]}},
{"type":"Feature","properties":{"Tile_ID":"X0076_Y-017","Tile_X":76,"Tile_Y":-17,"TOTAL_SCENES":305,"TILE_SIZE":1.85},"geometry":{"type":"Polygon","coordinates":[[[20.128256845900101,68.614930823569466],[20.84793614690647,68.573716819436953],[20.72279186944742,68.305852377430767],[20.011109146847332,68.346545626748593],[20.128256845900101,68.614930823569466]]]}},
{"type":"Feature","properties":{"Tile_ID":"X0077_Y-017","Tile_X":77,"Tile_Y":-17,"TOTAL_SCENES":321,"TILE_SIZE":1.98},"geometry":{"type":"Polygon","coordinates":[[[20.84793614690647,68.573716819436953],[21.565079637044455,68.529710563444297],[21.432033282451918,68.262400018592004],[20.72279186944742,68.305852377430767],[20.84793614690647,68.573716819436953]]]}},
{"type":"Feature","properties":{"Tile_ID":"X0078_Y-017","Tile_X":78,"Tile_Y":-17,"TOTAL_SCENES":276,"TILE_SIZE":1.85},"geometry":{"type":"Polygon","coordinates":[[[21.565079637044455,68.529710563444297],[22.279538318714504,68.482928254559425],[22.138689417797018,68.216204140626388],[21.432033282451918,68.262400018592004],[21.565079637044455,68.529710563444297]]]}},
{"type":"Feature","properties":{"Tile_ID":"X0079_Y-017","Tile_X":79,"Tile_Y":-17,"TOTAL_SCENES":322,"TILE_SIZE":1.96},"geometry":{"type":"Polygon","coordinates":[[[22.279538318714504,68.482928254559425],[22.991167178816202,68.433386966276984],[22.842620055668906,68.167281179881826],[22.138689417797018,68.216204140626388],[22.279538318714504,68.482928254559425]]]}},
{"type":"Feature","properties":{"Tile_ID":"X0080_Y-017","Tile_X":80,"Tile_Y":-17,"TOTAL_SCENES":256,"TILE_SIZE":1.77},"geometry":{"type":"Polygon","coordinates":[[[22.991167178816202,68.433386966276984],[23.699825349100923,68.381104615227898],[23.543688877503513,68.115648389116814],[22.842620055668906,68.167281179881826],[22.991167178816202,68.433386966276984]]]}},
{"type":"Feature","properties":{"Tile_ID":"X0081_Y-017","Tile_X":81,"Tile_Y":-17,"TOTAL_SCENES":309,"TILE_SIZE":2.05},"geometry":{"type":"Polygon","coordinates":[[[23.699825349100923,68.381104615227898],[24.405376252280842,68.326099928734266],[24.241763605866208,68.061323806943932],[23.543688877503513,68.115648389116814],[23.699825349100923,68.381104615227898]]]}},
{"type":"Feature","properties":{"Tile_ID":"X0082_Y-017","Tile_X":82,"Tile_Y":-17,"TOTAL_SCENES":273,"TILE_SIZE":1.82},"geometry":{"type":"Polygon","coordinates":[[[24.405376252280842,68.326099928734266],[25.107687733711483,68.268392411436025],[24.936716131026976,68.004326226377088],[24.241763605866208,68.061323806943932],[24.405376252280842,68.326099928734266]]]}},
{"type":"Feature","properties":{"Tile_ID":"X0083_Y-017","Tile_X":83,"Tile_Y":-17,"TOTAL_SCENES":339,"TILE_SIZE":2.07},"geometry":{"type":"Polygon","coordinates":[[[25.107687733711483,68.268392411436025],[25.80663217854832,68.208002311117369],[25.628422624122418,67.944675162600504],[24.936716131026976,68.004326226377088],[25.107687733711483,68.268392411436025]]]}},
{"type":"Feature","properties":{"Tile_ID":"X0084_Y-017","Tile_X":84,"Tile_Y":-17,"TOTAL_SCENES":275,"TILE_SIZE":1.81},"geometry":{"type":"Polygon","coordinates":[[[25.80663217854832,68.208002311117369],[26.50208661435915,68.144950583858787],[26.316763636869542,67.882390820075614],[25.628422624122418,67.944675162600504],[25.80663217854832,68.208002311117369]]]}},
{"type":"Feature","properties":{"Tile_ID":"X0085_Y-017","Tile_X":85,"Tile_Y":-17,"TOTAL_SCENES":342,"TILE_SIZE":2.09},"geometry":{"type":"Polygon","coordinates":[[[26.50208661435915,68.144950583858787],[27.193932799252313,68.079258858641523],[27.001624187867595,67.81749405910422],[26.316763636869542,67.882390820075614],[26.50208661435915,68.144950583858787]]]}},
{"type":"Feature","properties":{"Tile_ID":"X0086_Y-017","Tile_X":86,"Tile_Y":-17,"TOTAL_SCENES":276,"TILE_SIZE":1.77},"geometry":{"type":"Polygon","coordinates":[[[27.193932799252313,68.079258858641523],[27.882057295655056,68.010949401527455],[27.682893835591958,67.750006361960985],[27.001624187867595,67.81749405910422],[27.193932799252313,68.079258858641523]]]}},
{"type":"Feature","properties":{"Tile_ID":"X0087_Y-017","Tile_X":87,"Tile_Y":-17,"TOTAL_SCENES":338,"TILE_SIZE":2.07},"geometry":{"type":"Polygon","coordinates":[[[27.882057295655056,68.010949401527455],[28.566351529946878,67.940045079535921],[28.360466738248867,67.679949798709529],[27.682893835591958,67.750006361960985],[27.882057295655056,68.010949401527455]]]}},
{"type":"Feature","properties":{"Tile_ID":"X0088_Y-017","Tile_X":88,"Tile_Y":-17,"TOTAL_SCENES":291,"TILE_SIZE":1.98},"geometry":{"type":"Polygon","coordinates":[[[28.566351529946878,67.940045079535921],[29.246711838218538,67.86656932433614],[29.034241700720006,67.607346992811259],[28.360466738248867,67.679949798709529],[28.566351529946878,67.940045079535921]]]}},
{"type":"Feature","properties":{"Tile_ID":"X0089_Y-017","Tile_X":89,"Tile_Y":-17,"TOTAL_SCENES":387,"TILE_SIZE":2.29},"geometry":{"type":"Polygon","coordinates":[[[29.246711838218538,67.86656932433614],[29.923039498487924,67.79054609586872],[29.704122208882527,67.532221086634408],[29.034241700720006,67.607346992811259],[29.246711838218538,67.86656932433614]]]}},
{"type":"Feature","properties":{"Tile_ID":"X0090_Y-017","Tile_X":90,"Tile_Y":-17,"TOTAL_SCENES":305,"TILE_SIZE":2.16},"geometry":{"type":"Polygon","coordinates":[[[29.923039498487924,67.79054609586872],[30.595240749760507,67.711999846007188],[30.370016451641341,67.45459570696606],[29.704122208882527,67.532221086634408],[29.923039498487924,67.79054609586872]]]}},
{"type":"Feature","properties":{"Tile_ID":"X0073_Y-016","Tile_X":73,"Tile_Y":-16,"TOTAL_SCENES":308,"TILE_SIZE":1.92},"geometry":{"type":"Polygon","coordinates":[[[17.862905455617117,68.4519280908344],[18.581013378695925,68.419596834257504],[18.482664798998712,68.150291614143313],[17.772603438015064,68.182215499426349],[17.862905455617117,68.4519280908344]]]}},
{"type":"Feature","properties":{"Tile_ID":"X0074_Y-016","Tile_X":74,"Tile_Y":-16,"TOTAL_SCENES":335,"TILE_SIZE":2.26},"geometry":{"type":"Polygon","coordinates":[[[18.581013378695925,68.419596834257504],[19.297132665107071,68.384465050519552],[19.190811774269342,68.115601148817632],[18.482664798998712,68.150291614143313],[18.581013378695925,68.419596834257504]]]}},
{"type":"Feature","properties":{"Tile_ID":"X0075_Y-016","Tile_X":75,"Tile_Y":-16,"TOTAL_SCENES":365,"TILE_SIZE":2.18},"geometry":{"type":"Polygon","coordinates":[[[19.297132665107071,68.384465050519552],[20.011109146847332,68.346545626748593],[19.896895621703059,68.078156503362507],[19.190811774269342,68.115601148817632],[19.297132665107071,68.384465050519552]]]}},
{"type":"Feature","properties":{"Tile_ID":"X0076_Y-016","Tile_X":76,"Tile_Y":-16,"TOTAL_SCENES":345,"TILE_SIZE":2.08},"geometry":{"type":"Polygon","coordinates":[[[20.011109146847332,68.346545626748593],[20.72279186944742,68.305852377430767],[20.600770619951575,68.0379709727533],[19.896895621703059,68.078156503362507],[20.011109146847332,68.346545626748593]]]}},
{"type":"Feature","properties":{"Tile_ID":"X0077_Y-016","Tile_X":77,"Tile_Y":-16,"TOTAL_SCENES":327,"TILE_SIZE":1.85},"geometry":{"type":"Polygon","coordinates":[[[20.72279186944742,68.305852377430767],[21.432033282451918,68.262400018592004],[21.302294248903568,67.995058722754933],[20.600770619951575,68.0379709727533],[20.72279186944742,68.305852377430767]]]}},
{"type":"Feature","properties":{"Tile_ID":"X0078_Y-016","Tile_X":78,"Tile_Y":-16,"TOTAL_SCENES":308,"TILE_SIZE":1.8},"geometry":{"type":"Polygon","coordinates":[[[21.432033282451918,68.262400018592004],[22.138689417797018,68.216204140626388],[22.001327359022799,67.949434764363076],[21.302294248903568,67.995058722754933],[21.432033282451918,68.262400018592004]]]}},
{"type":"Feature","properties":{"Tile_ID":"X0079_Y-016","Tile_X":79,"Tile_Y":-16,"TOTAL_SCENES":316,"TILE_SIZE":1.87},"geometry":{"type":"Polygon","coordinates":[[[22.138689417797018,68.216204140626388],[22.842620055668906,68.167281179881826],[22.69773432916891,67.901114927060959],[22.001327359022799,67.949434764363076],[22.138689417797018,68.216204140626388]]]}},
{"type":"Feature","properties":{"Tile_ID":"X0080_Y-016","Tile_X":80,"Tile_Y":-16,"TOTAL_SCENES":326,"TILE_SIZE":1.82},"geometry":{"type":"Polygon","coordinates":[[[22.842620055668906,68.167281179881826],[23.543688877503513,68.115648389116814],[23.391383212576933,67.850115830997169],[22.69773432916891,67.901114927060959],[22.842620055668906,68.167281179881826]]]}},
{"type":"Feature","properties":{"Tile_ID":"X0081_Y-016","Tile_X":81,"Tile_Y":-16,"TOTAL_SCENES":325,"TILE_SIZE":2.04},"geometry":{"type":"Polygon","coordinates":[[[23.543688877503513,68.115648389116814],[24.241763605866208,68.061323806943932],[24.082145870741797,67.796454858190202],[23.391383212576933,67.850115830997169],[23.543688877503513,68.115648389116814]]]}},
{"type":"Feature","properties":{"Tile_ID":"X0082_Y-016","Tile_X":82,"Tile_Y":-16,"TOTAL_SCENES":359,"TILE_SIZE":2.01},"geometry":{"type":"Polygon","coordinates":[[[24.241763605866208,68.061323806943932],[24.936716131026976,68.004326226377088],[24.769898095023741,67.740150122868499],[24.082145870741797,67.796454858190202],[24.241763605866208,68.061323806943932]]]}},
{"type":"Feature","properties":{"Tile_ID":"X0083_Y-016","Tile_X":83,"Tile_Y":-16,"TOTAL_SCENES":374,"TILE_SIZE":2.25},"geometry":{"type":"Polygon","coordinates":[[[24.936716131026976,68.004326226377088],[25.628422624122418,67.944675162600504],[25.454519715859394,67.681220441054364],[24.769898095023741,67.740150122868499],[24.936716131026976,68.004326226377088]]]}},
{"type":"Feature","properties":{"Tile_ID":"X0084_Y-016","Tile_X":84,"Tile_Y":-16,"TOTAL_SCENES":334,"TILE_SIZE":2.09},"geometry":{"type":"Polygon","coordinates":[[[25.628422624122418,67.944675162600504],[26.316763636869542,67.882390820075614],[26.135894699529828,67.619685299500262],[25.454519715859394,67.681220441054364],[25.628422624122418,67.944675162600504]]]}},
{"type":"Feature","properties":{"Tile_ID":"X0085_Y-016","Tile_X":85,"Tile_Y":-16,"TOTAL_SCENES":363,"TILE_SIZE":2.13},"geometry":{"type":"Polygon","coordinates":[[[26.316763636869542,67.882390820075614],[27.001624187867595,67.81749405910422],[26.813911232502058,67.55556482408619],[26.135894699529828,67.619685299500262],[26.316763636869542,67.882390820075614]]]}},
{"type":"Feature","properties":{"Tile_ID":"X0086_Y-016","Tile_X":86,"Tile_Y":-16,"TOTAL_SCENES":302,"TILE_SIZE":1.93},"geometry":{"type":"Polygon","coordinates":[[[27.001624187867595,67.81749405910422],[27.682893835591958,67.750006361960985],[27.488461793422442,67.488879747783827],[26.813911232502058,67.55556482408619],[27.001624187867595,67.81749405910422]]]}},
{"type":"Feature","properties":{"Tile_ID":"X0087_Y-016","Tile_X":87,"Tile_Y":-16,"TOTAL_SCENES":361,"TILE_SIZE":2.24},"geometry":{"type":"Polygon","coordinates":[[[27.682893835591958,67.750006361960985],[28.360466738248867,67.679949798709529],[28.159443212899419,67.419651378293423],[27.488461793422442,67.488879747783827],[27.682893835591958,67.750006361960985]]]}},
{"type":"Feature","properties":{"Tile_ID":"X0088_Y-016","Tile_X":88,"Tile_Y":-16,"TOTAL_SCENES":310,"TILE_SIZE":2.1},"geometry":{"type":"Polygon","coordinates":[[[28.360466738248867,67.679949798709529],[29.034241700720006,67.607346992811259],[28.826756721268868,67.34790156545553],[28.159443212899419,67.419651378293423],[28.360466738248867,67.679949798709529]]]}},
{"type":"Feature","properties":{"Tile_ID":"X0089_Y-016","Tile_X":89,"Tile_Y":-16,"TOTAL_SCENES":388,"TILE_SIZE":2.22},"geometry":{"type":"Polygon","coordinates":[[[29.034241700720006,67.607346992811259],[29.704122208882527,67.532221086634408],[29.490307984587076,67.273652668537565],[28.826756721268868,67.34790156545553],[29.034241700720006,67.607346992811259]]]}},
{"type":"Feature","properties":{"Tile_ID":"X0090_Y-016","Tile_X":90,"Tile_Y":-16,"TOTAL_SCENES":289,"TILE_SIZE":2.15},"geometry":{"type":"Polygon","coordinates":[[[29.704122208882527,67.532221086634408],[30.370016451641341,67.45459570696606],[30.150007129144608,67.196927523491539],[29.490307984587076,67.273652668537565],[29.704122208882527,67.532221086634408]]]}},
{"type":"Feature","properties":{"Tile_ID":"X0071_Y-015","Tile_X":71,"Tile_Y":-15,"TOTAL_SCENES":312,"TILE_SIZE":2.37},"geometry":{"type":"Polygon","coordinates":[[[16.347346474426246,68.237718541371905],[17.060779263096631,68.211361322703823],[16.980650801115296,67.941315959822248],[16.275195636741206,67.967343581744728],[16.347346474426246,68.237718541371905]]]}},
{"type":"Feature","properties":{"Tile_ID":"X0072_Y-015","Tile_X":72,"Tile_Y":-15,"TOTAL_SCENES":312,"TILE_SIZE":2.11},"geometry":{"type":"Polygon","coordinates":[[[17.060779263096631,68.211361322703823],[17.772603438015064,68.182215499426349],[17.68455713854549,67.912533705620106],[16.980650801115296,67.941315959822248],[17.060779263096631,68.211361322703823]]]}},
{"type":"Feature","properties":{"Tile_ID":"X0073_Y-015","Tile_X":73,"Tile_Y":-15,"TOTAL_SCENES":243,"TILE_SIZE":1.4},"geometry":{"type":"Polygon","coordinates":[[[17.772603438015064,68.182215499426349],[18.482664798998712,68.150291614143313],[18.386765958073649,67.881006963965518],[17.68455713854549,67.912533705620106],[17.772603438015064,68.182215499426349]]]}},
{"type":"Feature","properties":{"Tile_ID":"X0074_Y-015","Tile_X":74,"Tile_Y":-15,"TOTAL_SCENES":325,"TILE_SIZE":2.03},"geometry":{"type":"Polygon","coordinates":[[[18.482664798998712,68.150291614143313],[19.190811774269342,68.115601148817632],[19.087131039388034,67.846746785493039],[18.386765958073649,67.881006963965518],[18.482664798998712,68.150291614143313]]]}},
{"type":"Feature","properties":{"Tile_ID":"X0075_Y-015","Tile_X":75,"Tile_Y":-15,"TOTAL_SCENES":320,"TILE_SIZE":1.99},"geometry":{"type":"Polygon","coordinates":[[[19.190811774269342,68.115601148817632],[19.896895621703059,68.078156503362507],[19.785508822957922,67.809765106521709],[19.087131039388034,67.846746785493039],[19.190811774269342,68.115601148817632]]]}},
{"type":"Feature","properties":{"Tile_ID":"X0076_Y-015","Tile_X":76,"Tile_Y":-15,"TOTAL_SCENES":377,"TILE_SIZE":2.22},"geometry":{"type":"Polygon","coordinates":[[[19.896895621703059,68.078156503362507],[20.600770619951575,68.0379709727533],[20.481758590865372,67.770074727532872],[19.785508822957922,67.809765106521709],[19.896895621703059,68.078156503362507]]]}},
{"type":"Feature","properties":{"Tile_ID":"X0077_Y-015","Tile_X":77,"Tile_Y":-15,"TOTAL_SCENES":351,"TILE_SIZE":1.92},"geometry":{"type":"Polygon","coordinates":[[[20.600770619951575,68.0379709727533],[21.302294248903568,67.995058722754933],[21.175742637838557,67.727689290334681],[20.481758590865372,67.770074727532872],[20.600770619951575,68.0379709727533]]]}},
{"type":"Feature","properties":{"Tile_ID":"X0078_Y-015","Tile_X":78,"Tile_Y":-15,"TOTAL_SCENES":349,"TILE_SIZE":2.1},"geometry":{"type":"Polygon","coordinates":[[[21.302294248903568,67.995058722754933],[22.001327359022799,67.949434764363076],[21.867326432052195,67.682623254004298],[21.175742637838557,67.727689290334681],[21.302294248903568,67.995058722754933]]]}},
{"type":"Feature","properties":{"Tile_ID":"X0079_Y-015","Tile_X":79,"Tile_Y":-15,"TOTAL_SCENES":329,"TILE_SIZE":1.9},"geometry":{"type":"Polygon","coordinates":[[[22.001327359022799,67.949434764363076],[22.69773432916891,67.901114927060959],[22.556378765323284,67.634891869701647],[21.867326432052195,67.682623254004298],[22.001327359022799,67.949434764363076]]]}},
{"type":"Feature","properties":{"Tile_ID":"X0080_Y-015","Tile_X":80,"Tile_Y":-15,"TOTAL_SCENES":378,"TILE_SIZE":2.1},"geometry":{"type":"Polygon","coordinates":[[[22.69773432916891,67.901114927060959],[23.391383212576933,67.850115830997169],[23.242771892393176,67.584511154451249],[22.556378765323284,67.634891869701647],[22.69773432916891,67.901114927060959]]]}},
{"type":"Feature","properties":{"Tile_ID":"X0081_Y-015","Tile_X":81,"Tile_Y":-15,"TOTAL_SCENES":366,"TILE_SIZE":2.11},"geometry":{"type":"Polygon","coordinates":[[[23.391383212576933,67.850115830997169],[24.082145870741797,67.796454858190202],[23.926381659050769,67.531497863990225],[23.242771892393176,67.584511154451249],[23.391383212576933,67.850115830997169]]]}},
{"type":"Feature","properties":{"Tile_ID":"X0082_Y-015","Tile_X":82,"Tile_Y":-15,"TOTAL_SCENES":387,"TILE_SIZE":2.31},"geometry":{"type":"Polygon","coordinates":[[[24.082145870741797,67.796454858190202],[24.769898095023741,67.740150122868499],[24.607087618914605,67.475869464782832],[23.926381659050769,67.531497863990225],[24.082145870741797,67.796454858190202]]]}},
{"type":"Feature","properties":{"Tile_ID":"X0083_Y-015","Tile_X":83,"Tile_Y":-15,"TOTAL_SCENES":387,"TILE_SIZE":2.34},"geometry":{"type":"Polygon","coordinates":[[[24.769898095023741,67.740150122868499],[25.454519715859394,67.681220441054364],[25.284773138753781,67.417644105301406],[24.607087618914605,67.475869464782832],[24.769898095023741,67.740150122868499]]]}},
{"type":"Feature","properties":{"Tile_ID":"X0084_Y-015","Tile_X":84,"Tile_Y":-15,"TOTAL_SCENES":396,"TILE_SIZE":2.24},"geometry":{"type":"Polygon","coordinates":[[[25.454519715859394,67.681220441054364],[26.135894699529828,67.619685299500262],[25.959325492288585,67.356840586675091],[25.284773138753781,67.417644105301406],[25.454519715859394,67.681220441054364]]]}},
{"type":"Feature","properties":{"Tile_ID":"X0085_Y-015","Tile_X":85,"Tile_Y":-15,"TOTAL_SCENES":373,"TILE_SIZE":2.19},"geometry":{"type":"Polygon","coordinates":[[[26.135894699529828,67.619685299500262],[26.813911232502058,67.55556482408619],[26.6306359424707,67.293478332805918],[25.959325492288585,67.356840586675091],[26.135894699529828,67.619685299500262]]]}},
{"type":"Feature","properties":{"Tile_ID":"X0086_Y-015","Tile_X":86,"Tile_Y":-15,"TOTAL_SCENES":353,"TILE_SIZE":2.12},"geometry":{"type":"Polygon","coordinates":[[[26.813911232502058,67.55556482408619],[27.488461793422442,67.488879747783827],[27.298599812299646,67.227577360051811],[26.6306359424707,67.293478332805918],[26.813911232502058,67.55556482408619]]]}},
{"type":"Feature","properties":{"Tile_ID":"X0087_Y-015","Tile_X":87,"Tile_Y":-15,"TOTAL_SCENES":379,"TILE_SIZE":2.27},"geometry":{"type":"Polygon","coordinates":[[[27.488461793422442,67.488879747783827],[28.159443212899419,67.419651378293423],[27.963116544286304,67.159158246574037],[27.298599812299646,67.227577360051811],[27.488461793422442,67.488879747783827]]]}},
{"type":"Feature","properties":{"Tile_ID":"X0088_Y-015","Tile_X":88,"Tile_Y":-15,"TOTAL_SCENES":332,"TILE_SIZE":2.23},"geometry":{"type":"Polygon","coordinates":[[[28.159443212899419,67.419651378293423],[28.826756721268868,67.34790156545553],[28.624089748725318,67.088242101445161],[27.963116544286304,67.159158246574037],[28.159443212899419,67.419651378293423]]]}},
{"type":"Feature","properties":{"Tile_ID":"X0089_Y-015","Tile_X":89,"Tile_Y":-15,"TOTAL_SCENES":384,"TILE_SIZE":2.27},"geometry":{"type":"Polygon","coordinates":[[[28.826756721268868,67.34790156545553],[29.490307984587076,67.273652668537565],[29.281427240986563,67.014850533610058],[28.624089748725318,67.088242101445161],[28.826756721268868,67.34790156545553]]]}},
{"type":"Feature","properties":{"Tile_ID":"X0090_Y-015","Tile_X":90,"Tile_Y":-15,"TOTAL_SCENES":305,"TILE_SIZE":2.28},"geometry":{"type":"Polygon","coordinates":[[[29.490307984587076,67.273652668537565],[30.150007129144608,67.196927523491539],[29.935041068079791,66.93900562079115],[29.281427240986563,67.014850533610058],[29.490307984587076,67.273652668537565]]]}},
{"type":"Feature","properties":{"Tile_ID":"X0071_Y-014","Tile_X":71,"Tile_Y":-14,"TOTAL_SCENES":301,"TILE_SIZE":2.2},"geometry":{"type":"Polygon","coordinates":[[[16.275195636741206,67.967343581744728],[16.980650801115296,67.941315959822248],[16.902505014861763,67.671310757031861],[16.204834183752695,67.697017023745175],[16.275195636741206,67.967343581744728]]]}},
{"type":"Feature","properties":{"Tile_ID":"X0072_Y-014","Tile_X":72,"Tile_Y":-14,"TOTAL_SCENES":371,"TILE_SIZE":2.31},"geometry":{"type":"Polygon","coordinates":[[[16.980650801115296,67.941315959822248],[17.68455713854549,67.912533705620106],[17.59868391227733,67.642883013163342],[16.902505014861763,67.671310757031861],[16.980650801115296,67.941315959822248]]]}},
{"type":"Feature","properties":{"Tile_ID":"X0073_Y-014","Tile_X":73,"Tile_Y":-14,"TOTAL_SCENES":260,"TILE_SIZE":1.9},"geometry":{"type":"Polygon","coordinates":[[[17.68455713854549,67.912533705620106],[18.386765958073649,67.881006963965518],[18.293227441014242,67.611743558483127],[17.59868391227733,67.642883013163342],[17.68455713854549,67.912533705620106]]]}},
{"type":"Feature","properties":{"Tile_ID":"X0074_Y-014","Tile_X":74,"Tile_Y":-14,"TOTAL_SCENES":378,"TILE_SIZE":2.31},"geometry":{"type":"Polygon","coordinates":[[[18.386765958073649,67.881006963965518],[19.087131039388034,67.846746785493039],[18.98599449013571,67.577903033101492],[18.293227441014242,67.611743558483127],[18.386765958073649,67.881006963965518]]]}},
{"type":"Feature","properties":{"Tile_ID":"X0075_Y-014","Tile_X":75,"Tile_Y":-14,"TOTAL_SCENES":316,"TILE_SIZE":2.21},"geometry":{"type":"Polygon","coordinates":[[[19.087131039388034,67.846746785493039],[19.785508822957922,67.809765106521709],[19.67684645248,67.541372931968752],[18.98599449013571,67.577903033101492],[19.087131039388034,67.846746785493039]]]}},
{"type":"Feature","properties":{"Tile_ID":"X0076_Y-014","Tile_X":76,"Tile_Y":-14,"TOTAL_SCENES":387,"TILE_SIZE":2.27},"geometry":{"type":"Polygon","coordinates":[[[19.785508822957922,67.809765106521709],[20.481758590865372,67.770074727532872],[20.365647395834248,67.502165584622887],[19.67684645248,67.541372931968752],[19.785508822957922,67.809765106521709]]]}},
{"type":"Feature","properties":{"Tile_ID":"X0077_Y-014","Tile_X":77,"Tile_Y":-14,"TOTAL_SCENES":333,"TILE_SIZE":2.2},"geometry":{"type":"Polygon","coordinates":[[[20.481758590865372,67.770074727532872],[21.175742637838557,67.727689290334681],[21.052264225093435,67.460294133691761],[20.365647395834248,67.502165584622887],[20.481758590865372,67.770074727532872]]]}},
{"type":"Feature","properties":{"Tile_ID":"X0078_Y-014","Tile_X":78,"Tile_Y":-14,"TOTAL_SCENES":372,"TILE_SIZE":2.21},"geometry":{"type":"Polygon","coordinates":[[[21.175742637838557,67.727689290334681],[21.867326432052195,67.682623254004298],[21.736566834997163,67.415772512233715],[21.052264225093435,67.460294133691761],[21.175742637838557,67.727689290334681]]]}},
{"type":"Feature","properties":{"Tile_ID":"X0079_Y-014","Tile_X":79,"Tile_Y":-14,"TOTAL_SCENES":299,"TILE_SIZE":2.09},"geometry":{"type":"Polygon","coordinates":[[[21.867326432052195,67.682623254004298],[22.556378765323284,67.634891869701647],[22.418428253093477,67.368615420002101],[21.736566834997163,67.415772512233715],[21.867326432052195,67.682623254004298]]]}},
{"type":"Feature","properties":{"Tile_ID":"X0080_Y-014","Tile_X":80,"Tile_Y":-14,"TOTAL_SCENES":407,"TILE_SIZE":2.31},"geometry":{"type":"Polygon","coordinates":[[[22.556378765323284,67.634891869701647],[23.242771892393176,67.584511154451249],[23.097724772635853,67.318838298723705],[22.418428253093477,67.368615420002101],[22.556378765323284,67.634891869701647]]]}},
{"type":"Feature","properties":{"Tile_ID":"X0081_Y-014","Tile_X":81,"Tile_Y":-14,"TOTAL_SCENES":332,"TILE_SIZE":2.3},"geometry":{"type":"Polygon","coordinates":[[[23.242771892393176,67.584511154451249],[23.926381659050769,67.531497863990225],[23.774336075176816,67.266457306481371],[23.097724772635853,67.318838298723705],[23.242771892393176,67.584511154451249]]]}},
{"type":"Feature","properties":{"Tile_ID":"X0082_Y-014","Tile_X":82,"Tile_Y":-14,"TOTAL_SCENES":420,"TILE_SIZE":2.41},"geometry":{"type":"Polygon","coordinates":[[[23.926381659050769,67.531497863990225],[24.607087618914605,67.475869464782832],[24.44814534267892,67.211489291293347],[23.774336075176816,67.266457306481371],[23.926381659050769,67.531497863990225]]]}},
{"type":"Feature","properties":{"Tile_ID":"X0083_Y-014","Tile_X":83,"Tile_Y":-14,"TOTAL_SCENES":356,"TILE_SIZE":2.34},"geometry":{"type":"Polygon","coordinates":[[[24.607087618914605,67.475869464782832],[25.284773138753781,67.417644105301406],[25.119039359020299,67.153951763982278],[24.44814534267892,67.211489291293347],[24.607087618914605,67.475869464782832]]]}},
{"type":"Feature","properties":{"Tile_ID":"X0084_Y-014","Tile_X":84,"Tile_Y":-14,"TOTAL_SCENES":391,"TILE_SIZE":2.32},"geometry":{"type":"Polygon","coordinates":[[[25.284773138753781,67.417644105301406],[25.959325492288585,67.356840586675091],[25.786908600827058,67.09386287042723],[25.119039359020299,67.153951763982278],[25.284773138753781,67.417644105301406]]]}},
{"type":"Feature","properties":{"Tile_ID":"X0085_Y-014","Tile_X":85,"Tile_Y":-14,"TOTAL_SCENES":339,"TILE_SIZE":2.13},"geometry":{"type":"Polygon","coordinates":[[[25.959325492288585,67.356840586675091],[26.6306359424707,67.293478332805918],[26.451647317619155,67.031241363291585],[25.786908600827058,67.09386287042723],[25.959325492288585,67.356840586675091]]]}},
{"type":"Feature","properties":{"Tile_ID":"X0086_Y-014","Tile_X":86,"Tile_Y":-14,"TOTAL_SCENES":372,"TILE_SIZE":2.13},"geometry":{"type":"Polygon","coordinates":[[[26.6306359424707,67.293478332805918],[27.298599812299646,67.227577360051811],[27.113153601307676,66.966106573319308],[26.451647317619155,67.031241363291585],[26.6306359424707,67.293478332805918]]]}},
{"type":"Feature","properties":{"Tile_ID":"X0087_Y-014","Tile_X":87,"Tile_Y":-14,"TOTAL_SCENES":354,"TILE_SIZE":2.19},"geometry":{"type":"Polygon","coordinates":[[[27.298599812299646,67.227577360051811],[27.963116544286304,67.159158246574037],[27.77132944513157,66.898478380290442],[27.113153601307676,66.966106573319308],[27.298599812299646,67.227577360051811]]]}},
{"type":"Feature","properties":{"Tile_ID":"X0088_Y-014","Tile_X":88,"Tile_Y":-14,"TOTAL_SCENES":330,"TILE_SIZE":2.14},"geometry":{"type":"Polygon","coordinates":[[[27.963116544286304,67.159158246574037],[28.624089748725318,67.088242101445161],[28.426080792168651,66.828377183724825],[27.77132944513157,66.898478380290442],[27.963116544286304,67.159158246574037]]]}},
{"type":"Feature","properties":{"Tile_ID":"X0089_Y-014","Tile_X":89,"Tile_Y":-14,"TOTAL_SCENES":368,"TILE_SIZE":2.24},"geometry":{"type":"Polygon","coordinates":[[[28.624089748725318,67.088242101445161],[29.281427240986563,67.014850533610058],[29.077317573600066,66.755823873421846],[28.426080792168651,66.828377183724825],[28.624089748725318,67.088242101445161]]]}},
{"type":"Feature","properties":{"Tile_ID":"X0090_Y-014","Tile_X":90,"Tile_Y":-14,"TOTAL_SCENES":311,"TILE_SIZE":2.36},"geometry":{"type":"Polygon","coordinates":[[[29.281427240986563,67.014850533610058],[29.935041068079791,66.93900562079115],[29.724953736948599,66.68083979992015],[29.077317573600066,66.755823873421846],[29.281427240986563,67.014850533610058]]]}},
{"type":"Feature","properties":{"Tile_ID":"X0070_Y-013","Tile_X":70,"Tile_Y":-13,"TOTAL_SCENES":316,"TILE_SIZE":2.26},"geometry":{"type":"Polygon","coordinates":[[[15.505816990219449,67.719992938252915],[16.204834183752695,67.697017023745175],[16.136196920036031,67.426738454275593],[15.444826620580278,67.44943365121739],[15.505816990219449,67.719992938252915]]]}},
{"type":"Feature","properties":{"Tile_ID":"X0071_Y-013","Tile_X":71,"Tile_Y":-13,"TOTAL_SCENES":359,"TILE_SIZE":2.1},"geometry":{"type":"Polygon","coordinates":[[[16.204834183752695,67.697017023745175],[16.902505014861763,67.671310757031861],[16.826269886133783,67.401345599762436],[16.136196920036031,67.426738454275593],[16.204834183752695,67.697017023745175]]]}},
{"type":"Feature","properties":{"Tile_ID":"X0072_Y-013","Tile_X":72,"Tile_Y":-13,"TOTAL_SCENES":342,"TILE_SIZE":1.97},"geometry":{"type":"Polygon","coordinates":[[[16.902505014861763,67.671310757031861],[17.59868391227733,67.642883013163342],[17.514905090393722,67.373263634039986],[16.826269886133783,67.401345599762436],[16.902505014861763,67.671310757031861]]]}},
{"type":"Feature","properties":{"Tile_ID":"X0073_Y-013","Tile_X":73,"Tile_Y":-13,"TOTAL_SCENES":350,"TILE_SIZE":2.09},"geometry":{"type":"Polygon","coordinates":[[[17.59868391227733,67.642883013163342],[18.293227441014242,67.611743558483127],[18.201964114674219,67.342501963117044],[17.514905090393722,67.373263634039986],[17.59868391227733,67.642883013163342]]]}},
{"type":"Feature","properties":{"Tile_ID":"X0074_Y-013","Tile_X":74,"Tile_Y":-13,"TOTAL_SCENES":426,"TILE_SIZE":2.45},"geometry":{"type":"Polygon","coordinates":[[[18.293227441014242,67.611743558483127],[18.98599449013571,67.577903033101492],[18.887310728539081,67.309070836159265],[18.201964114674219,67.342501963117044],[18.293227441014242,67.611743558483127]]]}},
{"type":"Feature","properties":{"Tile_ID":"X0075_Y-013","Tile_X":75,"Tile_Y":-13,"TOTAL_SCENES":355,"TILE_SIZE":2.38},"geometry":{"type":"Polygon","coordinates":[[[18.98599449013571,67.577903033101492],[19.67684645248,67.541372931968752],[19.570811059233389,67.272981327674472],[18.887310728539081,67.309070836159265],[18.98599449013571,67.577903033101492]]]}},
{"type":"Feature","properties":{"Tile_ID":"X0076_Y-013","Tile_X":76,"Tile_Y":-13,"TOTAL_SCENES":415,"TILE_SIZE":2.43},"geometry":{"type":"Polygon","coordinates":[[[19.67684645248,67.541372931968752],[20.365647395834248,67.502165584622887],[20.252333753788644,67.234245318442618],[19.570811059233389,67.272981327674472],[19.67684645248,67.541372931968752]]]}},
{"type":"Feature","properties":{"Tile_ID":"X0077_Y-013","Tile_X":77,"Tile_Y":-13,"TOTAL_SCENES":326,"TILE_SIZE":2.27},"geometry":{"type":"Polygon","coordinates":[[[20.365647395834248,67.502165584622887],[21.052264225093435,67.460294133691761],[20.931750132826416,67.192875475264216],[20.252333753788644,67.234245318442618],[20.365647395834248,67.502165584622887]]]}},
{"type":"Feature","properties":{"Tile_ID":"X0078_Y-013","Tile_X":78,"Tile_Y":-13,"TOTAL_SCENES":388,"TILE_SIZE":2.3},"geometry":{"type":"Polygon","coordinates":[[[21.052264225093435,67.460294133691761],[21.736566834997163,67.415772512233715],[21.608934335678676,67.148885229603707],[20.931750132826416,67.192875475264216],[21.052264225093435,67.460294133691761]]]}},
{"type":"Feature","properties":{"Tile_ID":"X0079_Y-013","Tile_X":79,"Tile_Y":-13,"TOTAL_SCENES":307,"TILE_SIZE":2.24},"geometry":{"type":"Polygon","coordinates":[[[21.736566834997163,67.415772512233715],[22.418428253093477,67.368615420002101],[22.283763456494107,67.102288755207795],[21.608934335678676,67.148885229603707],[21.736566834997163,67.415772512233715]]]}},
{"type":"Feature","properties":{"Tile_ID":"X0080_Y-013","Tile_X":80,"Tile_Y":-13,"TOTAL_SCENES":406,"TILE_SIZE":2.42},"geometry":{"type":"Polygon","coordinates":[[[22.418428253093477,67.368615420002101],[23.097724772635853,67.318838298723705],[22.956117671050997,67.053100944780795],[22.283763456494107,67.102288755207795],[22.418428253093477,67.368615420002101]]]}},
{"type":"Feature","properties":{"Tile_ID":"X0081_Y-013","Tile_X":81,"Tile_Y":-13,"TOTAL_SCENES":314,"TILE_SIZE":2.31},"geometry":{"type":"Polygon","coordinates":[[[23.097724772635853,67.318838298723705],[23.774336075176816,67.266457306481371],[23.625880354049507,67.001337385801236],[22.956117671050997,67.053100944780795],[23.097724772635853,67.318838298723705]]]}},
{"type":"Feature","properties":{"Tile_ID":"X0082_Y-013","Tile_X":82,"Tile_Y":-13,"TOTAL_SCENES":426,"TILE_SIZE":2.42},"geometry":{"type":"Polygon","coordinates":[[[23.774336075176816,67.266457306481371],[24.44814534267892,67.211489291293347],[24.29293818670763,66.947014335564489],[23.625880354049507,67.001337385801236],[23.774336075176816,67.266457306481371]]]}},
{"type":"Feature","properties":{"Tile_ID":"X0083_Y-013","Tile_X":83,"Tile_Y":-13,"TOTAL_SCENES":301,"TILE_SIZE":2.23},"geometry":{"type":"Polygon","coordinates":[[[24.44814534267892,67.211489291293347],[25.119039359020299,67.153951763982278],[24.957181254536575,66.890148695538315],[24.29293818670763,66.947014335564489],[24.44814534267892,67.211489291293347]]]}},
{"type":"Feature","properties":{"Tile_ID":"X0084_Y-013","Tile_X":84,"Tile_Y":-13,"TOTAL_SCENES":383,"TILE_SIZE":2.29},"geometry":{"type":"Polygon","coordinates":[[[25.119039359020299,67.153951763982278],[25.786908600827058,67.09386287042723],[25.618503135221911,66.830757985117231],[24.957181254536575,66.890148695538315],[25.119039359020299,67.153951763982278]]]}},
{"type":"Feature","properties":{"Tile_ID":"X0085_Y-013","Tile_X":85,"Tile_Y":-13,"TOTAL_SCENES":292,"TILE_SIZE":2.2},"geometry":{"type":"Polygon","coordinates":[[[25.786908600827058,67.09386287042723],[26.451647317619155,67.031241363291585],[26.276800976585321,66.76886031486255],[25.618503135221911,66.830757985117231],[25.786908600827058,67.09386287042723]]]}},
{"type":"Feature","properties":{"Tile_ID":"X0086_Y-013","Tile_X":86,"Tile_Y":-13,"TOTAL_SCENES":369,"TILE_SIZE":2.13},"geometry":{"type":"Polygon","coordinates":[[[26.451647317619155,67.031241363291585],[27.113153601307676,66.966106573319308],[26.931975564650024,66.704474359313693],[26.276800976585321,66.76886031486255],[26.451647317619155,67.031241363291585]]]}},
{"type":"Feature","properties":{"Tile_ID":"X0087_Y-013","Tile_X":87,"Tile_Y":-13,"TOTAL_SCENES":290,"TILE_SIZE":2.13},"geometry":{"type":"Polygon","coordinates":[[[27.113153601307676,66.966106573319308],[27.77132944513157,66.898478380290442],[27.583931381877761,66.637619329455305],[26.931975564650024,66.704474359313693],[27.113153601307676,66.966106573319308]]]}},
{"type":"Feature","properties":{"Tile_ID":"X0088_Y-013","Tile_X":88,"Tile_Y":-13,"TOTAL_SCENES":375,"TILE_SIZE":2.09},"geometry":{"type":"Polygon","coordinates":[[[27.77132944513157,66.898478380290442],[28.426080792168651,66.828377183724825],[28.232576655689019,66.568314944923998],[27.583931381877761,66.637619329455305],[27.77132944513157,66.898478380290442]]]}},
{"type":"Feature","properties":{"Tile_ID":"X0089_Y-013","Tile_X":89,"Tile_Y":-13,"TOTAL_SCENES":362,"TILE_SIZE":2.26},"geometry":{"type":"Polygon","coordinates":[[[28.426080792168651,66.828377183724825],[29.077317573600066,66.755823873421846],[28.87782339741868,66.496581406035489],[28.232576655689019,66.568314944923998],[28.426080792168651,66.828377183724825]]]}},
{"type":"Feature","properties":{"Tile_ID":"X0090_Y-013","Tile_X":90,"Tile_Y":-13,"TOTAL_SCENES":319,"TILE_SIZE":2.21},"geometry":{"type":"Polygon","coordinates":[[[29.077317573600066,66.755823873421846],[29.724953736948599,66.68083979992015],[29.51958743189758,66.422439365712265],[28.87782339741868,66.496581406035489],[29.077317573600066,66.755823873421846]]]}},
{"type":"Feature","properties":{"Tile_ID":"X0091_Y-013","Tile_X":91,"Tile_Y":-13,"TOTAL_SCENES":400,"TILE_SIZE":2.35},"geometry":{"type":"Polygon","coordinates":[[[29.724953736948599,66.68083979992015],[30.368907264549026,66.603446744959356],[30.157788417885829,66.345909901387529],[29.51958743189758,66.422439365712265],[29.724953736948599,66.68083979992015]]]}},
{"type":"Feature","properties":{"Tile_ID":"X0070_Y-012","Tile_X":70,"Tile_Y":-12,"TOTAL_SCENES":292,"TILE_SIZE":2.27},"geometry":{"type":"Polygon","coordinates":[[[15.444826620580278,67.44943365121739],[16.136196920036031,67.426738454275593],[16.069221775085005,67.156507403736072],[15.385316083501111,67.178928763706963],[15.444826620580278,67.44943365121739]]]}},
{"type":"Feature","properties":{"Tile_ID":"X0071_Y-012","Tile_X":71,"Tile_Y":-12,"TOTAL_SCENES":345,"TILE_SIZE":2.01},"geometry":{"type":"Polygon","coordinates":[[[16.136196920036031,67.426738454275593],[16.826269886133783,67.401345599762436],[16.751876835736567,67.131420302779873],[16.069221775085005,67.156507403736072],[16.136196920036031,67.426738454275593]]]}},
{"type":"Feature","properties":{"Tile_ID":"X0072_Y-012","Tile_X":72,"Tile_Y":-12,"TOTAL_SCENES":207,"TILE_SIZE":1.51},"geometry":{"type":"Polygon","coordinates":[[[16.826269886133783,67.401345599762436],[17.514905090393722,67.373263634039986],[17.433145745079948,67.103675694171585],[16.751876835736567,67.131420302779873],[16.826269886133783,67.401345599762436]]]}},
{"type":"Feature","properties":{"Tile_ID":"X0073_Y-012","Tile_X":73,"Tile_Y":-12,"TOTAL_SCENES":303,"TILE_SIZE":1.89},"geometry":{"type":"Polygon","coordinates":[[[17.514905090393722,67.373263634039986],[18.201964114674219,67.342501963117044],[18.112894875894689,67.073282640670868],[17.433145745079948,67.103675694171585],[17.514905090393722,67.373263634039986]]]}},
{"type":"Feature","properties":{"Tile_ID":"X0074_Y-012","Tile_X":74,"Tile_Y":-12,"TOTAL_SCENES":365,"TILE_SIZE":2.2},"geometry":{"type":"Polygon","coordinates":[[[18.201964114674219,67.342501963117044],[18.887310728539081,67.309070836159265],[18.790992661755411,67.040251018938164],[18.112894875894689,67.073282640670868],[18.201964114674219,67.342501963117044]]]}},
{"type":"Feature","properties":{"Tile_ID":"X0075_Y-012","Tile_X":75,"Tile_Y":-12,"TOTAL_SCENES":408,"TILE_SIZE":2.39},"geometry":{"type":"Polygon","coordinates":[[[18.887310728539081,67.309070836159265],[19.570811059233389,67.272981327674472],[19.467309757867493,67.004591502755332],[18.790992661755411,67.040251018938164],[18.887310728539081,67.309070836159265]]]}},
{"type":"Feature","properties":{"Tile_ID":"X0076_Y-012","Tile_X":76,"Tile_Y":-12,"TOTAL_SCENES":405,"TILE_SIZE":2.38},"geometry":{"type":"Polygon","coordinates":[[[19.570811059233389,67.272981327674472],[20.252333753788644,67.234245318442618],[20.141719194653518,66.966315545057228],[19.467309757867493,67.004591502755332],[19.570811059233389,67.272981327674472]]]}},
{"type":"Feature","properties":{"Tile_ID":"X0077_Y-012","Tile_X":77,"Tile_Y":-12,"TOTAL_SCENES":342,"TILE_SIZE":2.25},"geometry":{"type":"Polygon","coordinates":[[[20.252333753788644,67.234245318442618],[20.931750132826416,67.192875475264216],[20.814096523688114,66.925435358841426],[20.141719194653518,66.966315545057228],[20.252333753788644,67.234245318442618]]]}},
{"type":"Feature","properties":{"Tile_ID":"X0078_Y-012","Tile_X":78,"Tile_Y":-12,"TOTAL_SCENES":385,"TILE_SIZE":2.34},"geometry":{"type":"Polygon","coordinates":[[[20.931750132826416,67.192875475264216],[21.608934335678676,67.148885229603707],[21.484319955623565,66.881963897027077],[20.814096523688114,66.925435358841426],[20.931750132826416,67.192875475264216]]]}},
{"type":"Feature","properties":{"Tile_ID":"X0079_Y-012","Tile_X":79,"Tile_Y":-12,"TOTAL_SCENES":329,"TILE_SIZE":2.36},"geometry":{"type":"Polygon","coordinates":[[[21.608934335678676,67.148885229603707],[22.283763456494107,67.102288755207795],[22.152270489794475,66.835914831336837],[21.484319955623565,66.881963897027077],[21.608934335678676,67.148885229603707]]]}},
{"type":"Feature","properties":{"Tile_ID":"X0080_Y-012","Tile_X":80,"Tile_Y":-12,"TOTAL_SCENES":395,"TILE_SIZE":2.34},"geometry":{"type":"Polygon","coordinates":[[[22.283763456494107,67.102288755207795],[22.956117671050997,67.053100944780795],[22.817832035236233,66.78730253027733],[22.152270489794475,66.835914831336837],[22.283763456494107,67.102288755207795]]]}},
{"type":"Feature","properties":{"Tile_ID":"X0081_Y-012","Tile_X":81,"Tile_Y":-12,"TOTAL_SCENES":324,"TILE_SIZE":2.39},"geometry":{"type":"Polygon","coordinates":[[[22.956117671050997,67.053100944780795],[23.625880354049507,67.001337385801236],[23.480891522899277,66.736142036295988],[22.817832035236233,66.78730253027733],[22.956117671050997,67.053100944780795]]]}},
{"type":"Feature","properties":{"Tile_ID":"X0082_Y-012","Tile_X":82,"Tile_Y":-12,"TOTAL_SCENES":418,"TILE_SIZE":2.38},"geometry":{"type":"Polygon","coordinates":[[[23.625880354049507,67.001337385801236],[24.29293818670763,66.947014335564489],[24.141339008887996,66.682449042193539],[23.480891522899277,66.736142036295988],[23.625880354049507,67.001337385801236]]]}},
{"type":"Feature","properties":{"Tile_ID":"X0083_Y-012","Tile_X":83,"Tile_Y":-12,"TOTAL_SCENES":314,"TILE_SIZE":2.28},"geometry":{"type":"Polygon","coordinates":[[[24.29293818670763,66.947014335564489],[24.957181254536575,66.890148695538315],[24.799067768599688,66.626239866871444],[24.141339008887996,66.682449042193539],[24.29293818670763,66.947014335564489]]]}},
{"type":"Feature","properties":{"Tile_ID":"X0084_Y-012","Tile_X":84,"Tile_Y":-12,"TOTAL_SCENES":416,"TILE_SIZE":2.27},"geometry":{"type":"Polygon","coordinates":[[[24.957181254536575,66.890148695538315],[25.618503135221911,66.830757985117231],[25.453974381685146,66.567531430495094],[24.799067768599688,66.626239866871444],[24.957181254536575,66.890148695538315]]]}},
{"type":"Feature","properties":{"Tile_ID":"X0085_Y-012","Tile_X":85,"Tile_Y":-12,"TOTAL_SCENES":327,"TILE_SIZE":2.28},"geometry":{"type":"Polygon","coordinates":[[[25.618503135221911,66.830757985117231],[26.276800976585321,66.76886031486255],[26.105958807796956,66.506341229152923],[25.453974381685146,66.567531430495094],[25.618503135221911,66.830757985117231]]]}},
{"type":"Feature","properties":{"Tile_ID":"X0086_Y-012","Tile_X":86,"Tile_Y":-12,"TOTAL_SCENES":398,"TILE_SIZE":2.12},"geometry":{"type":"Polygon","coordinates":[[[26.276800976585321,66.76886031486255],[26.931975564650024,66.704474359313693],[26.754924453135128,66.442687309090999],[26.105958807796956,66.506341229152923],[26.276800976585321,66.76886031486255]]]}},
{"type":"Feature","properties":{"Tile_ID":"X0087_Y-012","Tile_X":87,"Tile_Y":-12,"TOTAL_SCENES":318,"TILE_SIZE":2.24},"geometry":{"type":"Polygon","coordinates":[[[26.931975564650024,66.704474359313693],[27.583931381877761,66.637619329455305],[27.400778227841482,66.37658824060243],[26.754924453135128,66.442687309090999],[26.931975564650024,66.704474359313693]]]}},
{"type":"Feature","properties":{"Tile_ID":"X0088_Y-012","Tile_X":88,"Tile_Y":-12,"TOTAL_SCENES":420,"TILE_SIZE":2.19},"geometry":{"type":"Polygon","coordinates":[[[27.583931381877761,66.637619329455305],[28.232576655689019,66.568314944923998],[28.043430594334037,66.308063091649103],[27.400778227841482,66.37658824060243],[27.583931381877761,66.637619329455305]]]}},
{"type":"Feature","properties":{"Tile_ID":"X0089_Y-012","Tile_X":89,"Tile_Y":-12,"TOTAL_SCENES":316,"TILE_SIZE":2.26},"geometry":{"type":"Polygon","coordinates":[[[28.232576655689019,66.568314944923998],[28.87782339741868,66.496581406035489],[28.682795606710059,66.23713140129189],[28.043430594334037,66.308063091649103],[28.232576655689019,66.568314944923998]]]}},
{"type":"Feature","properties":{"Tile_ID":"X0090_Y-012","Tile_X":90,"Tile_Y":-12,"TOTAL_SCENES":345,"TILE_SIZE":2.23},"geometry":{"type":"Polygon","coordinates":[[[28.87782339741868,66.496581406035489],[29.51958743189758,66.422439365712265],[29.318790941382218,66.163813153004043],[28.682795606710059,66.23713140129189],[28.87782339741868,66.496581406035489]]]}},
{"type":"Feature","properties":{"Tile_ID":"X0091_Y-012","Tile_X":91,"Tile_Y":-12,"TOTAL_SCENES":396,"TILE_SIZE":2.48},"geometry":{"type":"Polygon","coordinates":[[[29.51958743189758,66.422439365712265],[30.157788417885829,66.345909901387529],[29.951337919144738,66.088128747938995],[29.318790941382218,66.163813153004043],[29.51958743189758,66.422439365712265]]]}},
{"type":"Feature","properties":{"Tile_ID":"X0071_Y-011","Tile_X":71,"Tile_Y":-11,"TOTAL_SCENES":297,"TILE_SIZE":1.7},"geometry":{"type":"Polygon","coordinates":[[[16.069221775085005,67.156507403736072],[16.751876835736567,67.131420302779873],[16.679260521435037,66.861534614589445],[16.003849618894591,66.886323349603131],[16.069221775085005,67.156507403736072]]]}},
{"type":"Feature","properties":{"Tile_ID":"X0072_Y-011","Tile_X":72,"Tile_Y":-11,"TOTAL_SCENES":198,"TILE_SIZE":1.58},"geometry":{"type":"Polygon","coordinates":[[[16.751876835736567,67.131420302779873],[17.433145745079948,67.103675694171585],[17.353334470820776,66.834119238711395],[16.679260521435037,66.861534614589445],[16.751876835736567,67.131420302779873]]]}},
{"type":"Feature","properties":{"Tile_ID":"X0073_Y-011","Tile_X":73,"Tile_Y":-11,"TOTAL_SCENES":358,"TILE_SIZE":2.13},"geometry":{"type":"Polygon","coordinates":[[[17.433145745079948,67.103675694171585],[18.112894875894689,67.073282640670868],[18.025942417189075,66.804085957574657],[17.353334470820776,66.834119238711395],[17.433145745079948,67.103675694171585]]]}},
{"type":"Feature","properties":{"Tile_ID":"X0074_Y-011","Tile_X":74,"Tile_Y":-11,"TOTAL_SCENES":299,"TILE_SIZE":2.21},"geometry":{"type":"Polygon","coordinates":[[[18.112894875894689,67.073282640670868],[18.790992661755411,67.040251018938164],[18.696957253245824,66.771444292711692],[18.025942417189075,66.804085957574657],[18.112894875894689,67.073282640670868]]]}},
{"type":"Feature","properties":{"Tile_ID":"X0075_Y-011","Tile_X":75,"Tile_Y":-11,"TOTAL_SCENES":390,"TILE_SIZE":2.29},"geometry":{"type":"Polygon","coordinates":[[[18.790992661755411,67.040251018938164],[19.467309757867493,67.004591502755332],[19.366253966529428,66.736204535767385],[18.696957253245824,66.771444292711692],[18.790992661755411,67.040251018938164]]]}},
{"type":"Feature","properties":{"Tile_ID":"X0076_Y-011","Tile_X":76,"Tile_Y":-11,"TOTAL_SCENES":312,"TILE_SIZE":2.36},"geometry":{"type":"Polygon","coordinates":[[[19.467309757867493,67.004591502755332],[20.141719194653518,66.966315545057228],[20.033709784991565,66.69837773155723],[19.366253966529428,66.736204535767385],[19.467309757867493,67.004591502755332]]]}},
{"type":"Feature","properties":{"Tile_ID":"X0077_Y-011","Tile_X":77,"Tile_Y":-11,"TOTAL_SCENES":400,"TILE_SIZE":2.35},"geometry":{"type":"Polygon","coordinates":[[[20.141719194653518,66.966315545057228],[20.814096523688114,66.925435358841426],[20.699204315519392,66.657975660060501],[20.033709784991565,66.69837773155723],[20.141719194653518,66.966315545057228]]]}},
{"type":"Feature","properties":{"Tile_ID":"X0078_Y-011","Tile_X":78,"Tile_Y":-11,"TOTAL_SCENES":369,"TILE_SIZE":2.22},"geometry":{"type":"Polygon","coordinates":[[[20.814096523688114,66.925435358841426],[21.484319955623565,66.881963897027077],[21.362619675063939,66.615010817413918],[20.699204315519392,66.657975660060501],[20.814096523688114,66.925435358841426]]]}},
{"type":"Feature","properties":{"Tile_ID":"X0079_Y-011","Tile_X":79,"Tile_Y":-11,"TOTAL_SCENES":397,"TILE_SIZE":2.39},"geometry":{"type":"Polygon","coordinates":[[[21.484319955623565,66.881963897027077],[22.152270489794475,66.835914831336837],[22.023840614081109,66.56949639597353],[21.362619675063939,66.615010817413918],[21.484319955623565,66.881963897027077]]]}},
{"type":"Feature","properties":{"Tile_ID":"X0080_Y-011","Tile_X":80,"Tile_Y":-11,"TOTAL_SCENES":439,"TILE_SIZE":2.47},"geometry":{"type":"Polygon","coordinates":[[[22.152270489794475,66.835914831336837],[22.817832035236233,66.78730253027733],[22.682754632033575,66.521446263515273],[22.023840614081109,66.56949639597353],[22.152270489794475,66.835914831336837]]]}},
{"type":"Feature","properties":{"Tile_ID":"X0081_Y-011","Tile_X":81,"Tile_Y":-11,"TOTAL_SCENES":389,"TILE_SIZE":2.45},"geometry":{"type":"Polygon","coordinates":[[[22.817832035236233,66.78730253027733],[23.480891522899277,66.736142036295988],[23.33925208474497,66.470874941645931],[22.682754632033575,66.521446263515273],[22.817832035236233,66.78730253027733]]]}},
{"type":"Feature","properties":{"Tile_ID":"X0082_Y-011","Tile_X":82,"Tile_Y":-11,"TOTAL_SCENES":472,"TILE_SIZE":2.48},"geometry":{"type":"Polygon","coordinates":[[[23.480891522899277,66.736142036295988],[24.141339008887996,66.682449042193539],[23.993226283440006,66.417797583497787],[23.33925208474497,66.470874941645931],[23.480891522899277,66.736142036295988]]]}},
{"type":"Feature","properties":{"Tile_ID":"X0083_Y-011","Tile_X":83,"Tile_Y":-11,"TOTAL_SCENES":348,"TILE_SIZE":2.38},"geometry":{"type":"Polygon","coordinates":[[[24.141339008887996,66.682449042193539],[24.799067768599688,66.626239866871444],[24.644573585346738,66.362229950780872],[23.993226283440006,66.417797583497787],[24.141339008887996,66.682449042193539]]]}},
{"type":"Feature","properties":{"Tile_ID":"X0084_Y-011","Tile_X":84,"Tile_Y":-11,"TOTAL_SCENES":441,"TILE_SIZE":2.4},"geometry":{"type":"Polygon","coordinates":[[[24.799067768599688,66.626239866871444],[25.453974381685146,66.567531430495094],[25.293193475779184,66.304188390267569],[24.644573585346738,66.362229950780872],[24.799067768599688,66.626239866871444]]]}},
{"type":"Feature","properties":{"Tile_ID":"X0085_Y-011","Tile_X":85,"Tile_Y":-11,"TOTAL_SCENES":357,"TILE_SIZE":2.53},"geometry":{"type":"Polygon","coordinates":[[[25.453974381685146,66.567531430495094],[26.105958807796956,66.506341229152923],[25.938988641659204,66.243689809784115],[25.293193475779184,66.304188390267569],[25.453974381685146,66.567531430495094]]]}},
{"type":"Feature","properties":{"Tile_ID":"X0086_Y-011","Tile_X":86,"Tile_Y":-11,"TOTAL_SCENES":448,"TILE_SIZE":2.36},"geometry":{"type":"Polygon","coordinates":[[[26.105958807796956,66.506341229152923],[26.754924453135128,66.442687309090999],[26.581865036476131,66.180751653783247],[25.938988641659204,66.243689809784115],[26.105958807796956,66.506341229152923]]]}},
{"type":"Feature","properties":{"Tile_ID":"X0087_Y-011","Tile_X":87,"Tile_Y":-11,"TOTAL_SCENES":348,"TILE_SIZE":2.36},"geometry":{"type":"Polygon","coordinates":[[[26.754924453135128,66.442687309090999],[27.400778227841482,66.37658824060243],[27.2217319367216,66.115391878571728],[26.581865036476131,66.180751653783247],[26.754924453135128,66.442687309090999]]]}},
{"type":"Feature","properties":{"Tile_ID":"X0088_Y-011","Tile_X":88,"Tile_Y":-11,"TOTAL_SCENES":425,"TILE_SIZE":2.21},"geometry":{"type":"Polygon","coordinates":[[[27.400778227841482,66.37658824060243],[28.043430594334037,66.308063091649103],[27.858501989872938,66.047628927265492],[27.2217319367216,66.115391878571728],[27.400778227841482,66.37658824060243]]]}},
{"type":"Feature","properties":{"Tile_ID":"X0089_Y-011","Tile_X":89,"Tile_Y":-11,"TOTAL_SCENES":343,"TILE_SIZE":2.43},"geometry":{"type":"Polygon","coordinates":[[[28.043430594334037,66.308063091649103],[28.682795606710059,66.23713140129189],[28.492091254033408,65.977481704543109],[27.858501989872938,66.047628927265492],[28.043430594334037,66.308063091649103]]]}},
{"type":"Feature","properties":{"Tile_ID":"X0090_Y-011","Tile_X":90,"Tile_Y":-11,"TOTAL_SCENES":392,"TILE_SIZE":2.31},"geometry":{"type":"Polygon","coordinates":[[[28.682795606710059,66.23713140129189],[29.318790941382218,66.163813153004043],[29.122419229370934,65.904969551267925],[28.492091254033408,65.977481704543109],[28.682795606710059,66.23713140129189]]]}},
{"type":"Feature","properties":{"Tile_ID":"X0091_Y-011","Tile_X":91,"Tile_Y":-11,"TOTAL_SCENES":346,"TILE_SIZE":2.45},"geometry":{"type":"Polygon","coordinates":[[[29.318790941382218,66.163813153004043],[29.951337919144738,66.088128747938995],[29.749408881526467,65.830112219045901],[29.122419229370934,65.904969551267925],[29.318790941382218,66.163813153004043]]]}},
{"type":"Feature","properties":{"Tile_ID":"X0092_Y-011","Tile_X":92,"Tile_Y":-11,"TOTAL_SCENES":337,"TILE_SIZE":2.47},"geometry":{"type":"Polygon","coordinates":[[[29.951337919144738,66.088128747938995],[30.580361518896844,66.010098978222899],[30.372986657192158,65.752929844784575],[29.749408881526467,65.830112219045901],[29.951337919144738,66.088128747938995]]]}},
{"type":"Feature","properties":{"Tile_ID":"X0070_Y-010","Tile_X":70,"Tile_Y":-10,"TOTAL_SCENES":292,"TILE_SIZE":1.92},"geometry":{"type":"Polygon","coordinates":[[[15.327232597098186,66.908477508701324],[16.003849618894591,66.886323349603131],[15.940024090412741,66.61618571975103],[15.270525859073643,66.638079080974336],[15.327232597098186,66.908477508701324]]]}},
{"type":"Feature","properties":{"Tile_ID":"X0071_Y-010","Tile_X":71,"Tile_Y":-10,"TOTAL_SCENES":276,"TILE_SIZE":1.53},"geometry":{"type":"Polygon","coordinates":[[[16.003849618894591,66.886323349603131],[16.679260521435037,66.861534614589445],[16.608358649932338,66.591688221525857],[15.940024090412741,66.61618571975103],[16.003849618894591,66.886323349603131]]]}},
{"type":"Feature","properties":{"Tile_ID":"X0072_Y-010","Tile_X":72,"Tile_Y":-10,"TOTAL_SCENES":266,"TILE_SIZE":1.84},"geometry":{"type":"Polygon","coordinates":[[[16.679260521435037,66.861534614589445],[17.353334470820776,66.834119238711395],[17.275403180792942,66.564594236964268],[16.608358649932338,66.591688221525857],[16.679260521435037,66.861534614589445]]]}},
{"type":"Feature","properties":{"Tile_ID":"X0073_Y-010","Tile_X":73,"Tile_Y":-10,"TOTAL_SCENES":382,"TILE_SIZE":2.17},"geometry":{"type":"Polygon","coordinates":[[[17.353334470820776,66.834119238711395],[18.025942417189075,66.804085957574657],[17.941033008497911,66.534912189690303],[17.275403180792942,66.564594236964268],[17.353334470820776,66.834119238711395]]]}},
{"type":"Feature","properties":{"Tile_ID":"X0074_Y-010","Tile_X":74,"Tile_Y":-10,"TOTAL_SCENES":320,"TILE_SIZE":2.24},"geometry":{"type":"Polygon","coordinates":[[[18.025942417189075,66.804085957574657],[18.696957253245824,66.771444292711692],[18.605125290895113,66.502651262495718],[17.941033008497911,66.534912189690303],[18.025942417189075,66.804085957574657]]]}},
{"type":"Feature","properties":{"Tile_ID":"X0075_Y-010","Tile_X":75,"Tile_Y":-10,"TOTAL_SCENES":423,"TILE_SIZE":2.33},"geometry":{"type":"Polygon","coordinates":[[[18.696957253245824,66.771444292711692],[19.366253966529428,66.736204535767385],[19.267559162397614,66.467821382425228],[18.605125290895113,66.502651262495718],[18.696957253245824,66.771444292711692]]]}},
{"type":"Feature","properties":{"Tile_ID":"X0076_Y-010","Tile_X":76,"Tile_Y":-10,"TOTAL_SCENES":336,"TILE_SIZE":2.4},"geometry":{"type":"Polygon","coordinates":[[[19.366253966529428,66.736204535767385],[20.033709784991565,66.69837773155723],[19.928215872037942,66.430433204792735],[19.267559162397614,66.467821382425228],[19.366253966529428,66.736204535767385]]]}},
{"type":"Feature","properties":{"Tile_ID":"X0077_Y-010","Tile_X":77,"Tile_Y":-10,"TOTAL_SCENES":459,"TILE_SIZE":2.48},"geometry":{"type":"Polygon","coordinates":[[[20.033709784991565,66.69837773155723],[20.699204315519392,66.657975660060501],[20.58697891500514,66.390498096185922],[19.928215872037942,66.430433204792735],[20.033709784991565,66.69837773155723]]]}},
{"type":"Feature","properties":{"Tile_ID":"X0078_Y-010","Tile_X":78,"Tile_Y":-10,"TOTAL_SCENES":355,"TILE_SIZE":2.56},"geometry":{"type":"Polygon","coordinates":[[[20.699204315519392,66.657975660060501],[21.362619675063939,66.615010817413918],[21.243734157350517,66.348028116519671],[20.58697891500514,66.390498096185922],[20.699204315519392,66.657975660060501]]]}},
{"type":"Feature","properties":{"Tile_ID":"X0079_Y-010","Tile_X":79,"Tile_Y":-10,"TOTAL_SCENES":491,"TILE_SIZE":2.53},"geometry":{"type":"Polygon","coordinates":[[[21.362619675063939,66.615010817413918],[22.023840614081109,66.56949639597353],[21.898369953585622,66.303036000201089],[21.243734157350517,66.348028116519671],[21.362619675063939,66.615010817413918]]]}},
{"type":"Feature","properties":{"Tile_ID":"X0080_Y-010","Tile_X":80,"Tile_Y":-10,"TOTAL_SCENES":394,"TILE_SIZE":2.8},"geometry":{"type":"Polygon","coordinates":[[[22.023840614081109,66.56949639597353],[22.682754632033575,66.521446263515273],[22.550777256933827,66.255535136471423],[21.898369953585622,66.303036000201089],[22.023840614081109,66.56949639597353]]]}},
{"type":"Feature","properties":{"Tile_ID":"X0081_Y-010","Tile_X":81,"Tile_Y":-10,"TOTAL_SCENES":464,"TILE_SIZE":2.84},"geometry":{"type":"Polygon","coordinates":[[[22.682754632033575,66.521446263515273],[23.33925208474497,66.470874941645931],[23.200849722036001,66.205539548990714],[22.550777256933827,66.255535136471423],[22.682754632033575,66.521446263515273]]]}},
{"type":"Feature","properties":{"Tile_ID":"X0082_Y-010","Tile_X":82,"Tile_Y":-10,"TOTAL_SCENES":488,"TILE_SIZE":2.8},"geometry":{"type":"Polygon","coordinates":[[[23.33925208474497,66.470874941645931],[23.993226283440006,66.417797583497787],[23.848483799949413,66.153063874734045],[23.200849722036001,66.205539548990714],[23.33925208474497,66.470874941645931]]]}},
{"type":"Feature","properties":{"Tile_ID":"X0083_Y-010","Tile_X":83,"Tile_Y":-10,"TOTAL_SCENES":432,"TILE_SIZE":2.78},"geometry":{"type":"Polygon","coordinates":[[[23.993226283440006,66.417797583497787],[24.644573585346738,66.362229950780872],[24.493578825317368,66.098123342266959],[23.848483799949413,66.153063874734045],[23.993226283440006,66.417797583497787]]]}},
{"type":"Feature","properties":{"Tile_ID":"X0084_Y-010","Tile_X":84,"Tile_Y":-10,"TOTAL_SCENES":472,"TILE_SIZE":2.69},"geometry":{"type":"Polygon","coordinates":[[[24.644573585346738,66.362229950780872],[25.293193475779184,66.304188390267569],[25.136037095625742,66.040733749470462],[24.493578825317368,66.098123342266959],[24.644573585346738,66.362229950780872]]]}},
{"type":"Feature","properties":{"Tile_ID":"X0085_Y-010","Tile_X":85,"Tile_Y":-10,"TOTAL_SCENES":392,"TILE_SIZE":2.72},"geometry":{"type":"Polygon","coordinates":[[[25.293193475779184,66.304188390267569],[25.938988641659204,66.243689809784115],[25.775763942499331,65.980911440784169],[25.136037095625742,66.040733749470462],[25.293193475779184,66.304188390267569]]]}},
{"type":"Feature","properties":{"Tile_ID":"X0086_Y-010","Tile_X":86,"Tile_Y":-10,"TOTAL_SCENES":481,"TILE_SIZE":2.5},"geometry":{"type":"Polygon","coordinates":[[[25.938988641659204,66.243689809784115],[26.581865036476131,66.180751653783247],[26.412667795027964,65.918673284037283],[25.775763942499331,65.980911440784169],[25.938988641659204,66.243689809784115]]]}},
{"type":"Feature","properties":{"Tile_ID":"X0087_Y-010","Tile_X":87,"Tile_Y":-10,"TOTAL_SCENES":350,"TILE_SIZE":2.54},"geometry":{"type":"Polygon","coordinates":[[[26.581865036476131,66.180751653783247],[27.2217319367216,66.115391878571728],[27.046660235146895,65.854036646935896],[26.412667795027964,65.918673284037283],[26.581865036476131,66.180751653783247]]]}},
{"type":"Feature","properties":{"Tile_ID":"X0088_Y-010","Tile_X":88,"Tile_Y":-10,"TOTAL_SCENES":442,"TILE_SIZE":2.31},"geometry":{"type":"Polygon","coordinates":[[[27.2217319367216,66.115391878571728],[27.858501989872938,66.047628927265492],[27.677656045130291,65.787019373274504],[27.046660235146895,65.854036646935896],[27.2217319367216,66.115391878571728]]]}},
{"type":"Feature","properties":{"Tile_ID":"X0089_Y-010","Tile_X":89,"Tile_Y":-10,"TOTAL_SCENES":330,"TILE_SIZE":2.43},"geometry":{"type":"Polygon","coordinates":[[[27.858501989872938,66.047628927265492],[28.492091254033408,65.977481704543109],[28.305573247288084,65.717639758938375],[27.677656045130291,65.787019373274504],[27.858501989872938,66.047628927265492]]]}},
{"type":"Feature","properties":{"Tile_ID":"X0090_Y-010","Tile_X":90,"Tile_Y":-10,"TOTAL_SCENES":394,"TILE_SIZE":2.18},"geometry":{"type":"Polygon","coordinates":[[[28.492091254033408,65.977481704543109],[29.122419229370934,65.904969551267925],[28.930333135987429,65.645916527762097],[28.305573247288084,65.717639758938375],[28.492091254033408,65.977481704543109]]]}},
{"type":"Feature","properties":{"Tile_ID":"X0091_Y-010","Tile_X":91,"Tile_Y":-10,"TOTAL_SCENES":327,"TILE_SIZE":2.49},"geometry":{"type":"Polygon","coordinates":[[[29.122419229370934,65.904969551267925],[29.749408881526467,65.830112219045901],[29.551860302147663,65.571868807307354],[28.930333135987429,65.645916527762097],[29.122419229370934,65.904969551267925]]]}},
{"type":"Feature","properties":{"Tile_ID":"X0092_Y-010","Tile_X":92,"Tile_Y":-10,"TOTAL_SCENES":330,"TILE_SIZE":2.42},"geometry":{"type":"Polygon","coordinates":[[[29.749408881526467,65.830112219045901],[30.372986657192158,65.752929844784575],[30.170082650384717,65.495516104622055],[29.551860302147663,65.571868807307354],[29.749408881526467,65.830112219045901]]]}},
{"type":"Feature","properties":{"Tile_ID":"X0070_Y-009","Tile_X":70,"Tile_Y":-9,"TOTAL_SCENES":303,"TILE_SIZE":1.63},"geometry":{"type":"Polygon","coordinates":[[[15.270525859073643,66.638079080974336],[15.940024090412741,66.61618571975103],[15.877691437828574,66.346093895537379],[15.215147903150537,66.367732639526167],[15.270525859073643,66.638079080974336]]]}},
{"type":"Feature","properties":{"Tile_ID":"X0071_Y-009","Tile_X":71,"Tile_Y":-9,"TOTAL_SCENES":273,"TILE_SIZE":2.01},"geometry":{"type":"Polygon","coordinates":[[[15.940024090412741,66.61618571975103],[16.608358649932338,66.591688221525857],[16.539111801755968,66.321880751554744],[15.877691437828574,66.346093895537379],[15.940024090412741,66.61618571975103]]]}},
{"type":"Feature","properties":{"Tile_ID":"X0072_Y-009","Tile_X":72,"Tile_Y":-9,"TOTAL_SCENES":396,"TILE_SIZE":2.12},"geometry":{"type":"Polygon","coordinates":[[[16.608358649932338,66.591688221525857],[17.275403180792942,66.564594236964268],[17.199286917156524,66.295100586962107],[16.539111801755968,66.321880751554744],[16.608358649932338,66.591688221525857]]]}},
{"type":"Feature","properties":{"Tile_ID":"X0073_Y-009","Tile_X":73,"Tile_Y":-9,"TOTAL_SCENES":398,"TILE_SIZE":2.43},"geometry":{"type":"Polygon","coordinates":[[[17.275403180792942,66.564594236964268],[17.941033008497911,66.534912189690303],[17.858096293749604,66.265761527713693],[17.199286917156524,66.295100586962107],[17.275403180792942,66.564594236964268]]]}},
{"type":"Feature","properties":{"Tile_ID":"X0074_Y-009","Tile_X":74,"Tile_Y":-9,"TOTAL_SCENES":362,"TILE_SIZE":2.41},"geometry":{"type":"Polygon","coordinates":[[[17.941033008497911,66.534912189690303],[18.605125290895113,66.502651262495718],[18.515421170755641,66.233872433323924],[17.858096293749604,66.265761527713693],[17.941033008497911,66.534912189690303]]]}},
{"type":"Feature","properties":{"Tile_ID":"X0075_Y-009","Tile_X":75,"Tile_Y":-9,"TOTAL_SCENES":422,"TILE_SIZE":2.33},"geometry":{"type":"Polygon","coordinates":[[[18.605125290895113,66.502651262495718],[19.267559162397614,66.467821382425228],[19.171144653565975,66.199442882792198],[18.515421170755641,66.233872433323924],[18.605125290895113,66.502651262495718]]]}},
{"type":"Feature","properties":{"Tile_ID":"X0076_Y-009","Tile_X":76,"Tile_Y":-9,"TOTAL_SCENES":356,"TILE_SIZE":2.52},"geometry":{"type":"Polygon","coordinates":[[[19.267559162397614,66.467821382425228],[19.928215872037942,66.430433204792735],[19.825151844717883,66.162483159513613],[19.171144653565975,66.199442882792198],[19.267559162397614,66.467821382425228]]]}},
{"type":"Feature","properties":{"Tile_ID":"X0077_Y-009","Tile_X":77,"Tile_Y":-9,"TOTAL_SCENES":469,"TILE_SIZE":2.59},"geometry":{"type":"Polygon","coordinates":[[[19.928215872037942,66.430433204792735],[20.58697891500514,66.390498096185922],[20.4773299688473,66.123004235228279],[19.825151844717883,66.162483159513613],[19.928215872037942,66.430433204792735]]]}},
{"type":"Feature","properties":{"Tile_ID":"X0078_Y-009","Tile_X":78,"Tile_Y":-9,"TOTAL_SCENES":403,"TILE_SIZE":2.81},"geometry":{"type":"Polygon","coordinates":[[[20.58697891500514,66.390498096185922],[21.243734157350517,66.348028116519671],[21.127568491324872,66.081017753065467],[20.4773299688473,66.123004235228279],[20.58697891500514,66.390498096185922]]]}},
{"type":"Feature","properties":{"Tile_ID":"X0079_Y-009","Tile_X":79,"Tile_Y":-9,"TOTAL_SCENES":530,"TILE_SIZE":2.79},"geometry":{"type":"Polygon","coordinates":[[[21.243734157350517,66.348028116519671],[21.898369953585622,66.303036000201089],[21.775759230314772,66.036536009740431],[21.127568491324872,66.081017753065467],[21.243734157350517,66.348028116519671]]]}},
{"type":"Feature","properties":{"Tile_ID":"X0080_Y-009","Tile_X":80,"Tile_Y":-9,"TOTAL_SCENES":407,"TILE_SIZE":2.99},"geometry":{"type":"Polygon","coordinates":[[[21.898369953585622,66.303036000201089],[22.550777256933827,66.255535136471423],[22.42179646203056,65.989571936964495],[21.775759230314772,66.036536009740431],[21.898369953585622,66.303036000201089]]]}},
{"type":"Feature","properties":{"Tile_ID":"X0081_Y-009","Tile_X":81,"Tile_Y":-9,"TOTAL_SCENES":543,"TILE_SIZE":2.98},"geometry":{"type":"Polygon","coordinates":[[[22.550777256933827,66.255535136471423],[23.200849722036001,66.205539548990714],[23.065577018997391,65.940139082129406],[22.42179646203056,65.989571936964495],[22.550777256933827,66.255535136471423]]]}},
{"type":"Feature","properties":{"Tile_ID":"X0082_Y-009","Tile_X":82,"Tile_Y":-9,"TOTAL_SCENES":428,"TILE_SIZE":3.17},"geometry":{"type":"Polygon","coordinates":[[[23.200849722036001,66.205539548990714],[23.848483799949413,66.153063874734045],[23.707000381165301,65.88825158832951],[23.065577018997391,65.940139082129406],[23.200849722036001,66.205539548990714]]]}},
{"type":"Feature","properties":{"Tile_ID":"X0083_Y-009","Tile_X":83,"Tile_Y":-9,"TOTAL_SCENES":457,"TILE_SIZE":3.1},"geometry":{"type":"Polygon","coordinates":[[[23.848483799949413,66.153063874734045],[24.493578825317368,66.098123342266959],[24.34596875975323,65.833924173785348],[23.707000381165301,65.88825158832951],[23.848483799949413,66.153063874734045]]]}},
{"type":"Feature","properties":{"Tile_ID":"X0084_Y-009","Tile_X":84,"Tile_Y":-9,"TOTAL_SCENES":472,"TILE_SIZE":2.87},"geometry":{"type":"Polygon","coordinates":[[[24.493578825317368,66.098123342266959],[25.136037095625742,66.040733749470462],[24.982387173738598,65.777172110732948],[24.34596875975323,65.833924173785348],[24.493578825317368,66.098123342266959]]]}},
{"type":"Feature","properties":{"Tile_ID":"X0085_Y-009","Tile_X":85,"Tile_Y":-9,"TOTAL_SCENES":404,"TILE_SIZE":2.92},"geometry":{"type":"Polygon","coordinates":[[[25.136037095625742,66.040733749470462],[25.775763942499331,65.980911440784169],[25.616163518940979,65.718011203843602],[24.982387173738598,65.777172110732948],[25.136037095625742,66.040733749470462]]]}},
{"type":"Feature","properties":{"Tile_ID":"X0086_Y-009","Tile_X":86,"Tile_Y":-9,"TOTAL_SCENES":470,"TILE_SIZE":2.45},"geometry":{"type":"Polygon","coordinates":[[[25.775763942499331,65.980911440784169],[26.412667795027964,65.918673284037283],[26.247208629682309,65.656457768238624],[25.616163518940979,65.718011203843602],[25.775763942499331,65.980911440784169]]]}},
{"type":"Feature","properties":{"Tile_ID":"X0087_Y-009","Tile_X":87,"Tile_Y":-9,"TOTAL_SCENES":354,"TILE_SIZE":2.57},"geometry":{"type":"Polygon","coordinates":[[[26.412667795027964,65.918673284037283],[27.046660235146895,65.854036646935896],[26.875436333037797,65.592528607163189],[26.247208629682309,65.656457768238624],[26.412667795027964,65.918673284037283]]]}},
{"type":"Feature","properties":{"Tile_ID":"X0088_Y-009","Tile_X":88,"Tile_Y":-9,"TOTAL_SCENES":450,"TILE_SIZE":2.32},"geometry":{"type":"Polygon","coordinates":[[[27.046660235146895,65.854036646935896],[27.677656045130291,65.787019373274504],[27.500763495723245,65.526240989382359],[26.875436333037797,65.592528607163189],[27.046660235146895,65.854036646935896]]]}},
{"type":"Feature","properties":{"Tile_ID":"X0089_Y-009","Tile_X":89,"Tile_Y":-9,"TOTAL_SCENES":319,"TILE_SIZE":2.45},"geometry":{"type":"Polygon","coordinates":[[[27.677656045130291,65.787019373274504],[28.305573247288084,65.717639758938375],[28.123110063693598,65.457612626362177],[27.500763495723245,65.526240989382359],[27.677656045130291,65.787019373274504]]]}},
{"type":"Feature","properties":{"Tile_ID":"X0090_Y-009","Tile_X":90,"Tile_Y":-9,"TOTAL_SCENES":425,"TILE_SIZE":2.22},"geometry":{"type":"Polygon","coordinates":[[[28.305573247288084,65.717639758938375],[28.930333135987429,65.645916527762097],[28.742399094556109,65.386661649296499],[28.123110063693598,65.457612626362177],[28.305573247288084,65.717639758938375]]]}},
{"type":"Feature","properties":{"Tile_ID":"X0091_Y-009","Tile_X":91,"Tile_Y":-9,"TOTAL_SCENES":339,"TILE_SIZE":2.6},"geometry":{"type":"Polygon","coordinates":[[[28.930333135987429,65.645916527762097],[29.551860302147663,65.571868807307354],[29.358556782927423,65.313406586039335],[28.742399094556109,65.386661649296499],[28.930333135987429,65.645916527762097]]]}},
{"type":"Feature","properties":{"Tile_ID":"X0092_Y-009","Tile_X":92,"Tile_Y":-9,"TOTAL_SCENES":364,"TILE_SIZE":2.45},"geometry":{"type":"Polygon","coordinates":[[[29.551860302147663,65.571868807307354],[30.170082650384717,65.495516104622055],[29.971512478888549,65.237866338000757],[29.358556782927423,65.313406586039335],[29.551860302147663,65.571868807307354]]]}},
{"type":"Feature","properties":{"Tile_ID":"X0069_Y-008","Tile_X":69,"Tile_Y":-8,"TOTAL_SCENES":290,"TILE_SIZE":1.96},"geometry":{"type":"Polygon","coordinates":[[[14.551604716041762,66.386790362606561],[15.215147903150537,66.367732639526167],[15.161052965346517,66.097437309842235],[14.504340400706541,66.11627567541079],[14.551604716041762,66.386790362606561]]]}},
{"type":"Feature","properties":{"Tile_ID":"X0070_Y-008","Tile_X":70,"Tile_Y":-8,"TOTAL_SCENES":298,"TILE_SIZE":1.56},"geometry":{"type":"Polygon","coordinates":[[[15.215147903150537,66.367732639526167],[15.877691437828574,66.346093895537379],[15.816800369757914,66.076047214671121],[15.161052965346517,66.097437309842235],[15.215147903150537,66.367732639526167]]]}},
{"type":"Feature","properties":{"Tile_ID":"X0071_Y-008","Tile_X":71,"Tile_Y":-8,"TOTAL_SCENES":263,"TILE_SIZE":1.84},"geometry":{"type":"Polygon","coordinates":[[[15.877691437828574,66.346093895537379],[16.539111801755968,66.321880751554744],[16.47146326803319,66.052111777808875],[15.816800369757914,66.076047214671121],[15.877691437828574,66.346093895537379]]]}},
{"type":"Feature","properties":{"Tile_ID":"X0072_Y-008","Tile_X":72,"Tile_Y":-8,"TOTAL_SCENES":414,"TILE_SIZE":2.15},"geometry":{"type":"Polygon","coordinates":[[[16.539111801755968,66.321880751554744],[17.199286917156524,66.295100586962107],[17.124923674156026,66.025638119722387],[16.47146326803319,66.052111777808875],[16.539111801755968,66.321880751554744]]]}},
{"type":"Feature","properties":{"Tile_ID":"X0073_Y-008","Tile_X":73,"Tile_Y":-8,"TOTAL_SCENES":358,"TILE_SIZE":2.54},"geometry":{"type":"Polygon","coordinates":[[[17.199286917156524,66.295100586962107],[17.858096293749604,66.265761527713693],[17.77706510107484,65.996634082204977],[17.124923674156026,66.025638119722387],[17.199286917156524,66.295100586962107]]]}},
{"type":"Feature","properties":{"Tile_ID":"X0074_Y-008","Tile_X":74,"Tile_Y":-8,"TOTAL_SCENES":442,"TILE_SIZE":2.46},"geometry":{"type":"Polygon","coordinates":[[[17.858096293749604,66.265761527713693],[18.515421170755641,66.233872433323924],[18.427772695209196,65.965108216094464],[17.77706510107484,65.996634082204977],[17.858096293749604,66.265761527713693]]]}},
{"type":"Feature","properties":{"Tile_ID":"X0075_Y-008","Tile_X":75,"Tile_Y":-8,"TOTAL_SCENES":387,"TILE_SIZE":2.56},"geometry":{"type":"Polygon","coordinates":[[[18.515421170755641,66.233872433323924],[19.171144653565975,66.199442882792198],[19.07693336602717,65.931069767982564],[18.427772695209196,65.965108216094464],[18.515421170755641,66.233872433323924]]]}},
{"type":"Feature","properties":{"Tile_ID":"X0076_Y-008","Tile_X":76,"Tile_Y":-8,"TOTAL_SCENES":403,"TILE_SIZE":2.67},"geometry":{"type":"Polygon","coordinates":[[[19.171144653565975,66.199442882792198],[19.825151844717883,66.162483159513613],[19.724435910359098,65.894528665960607],[19.07693336602717,65.931069767982564],[19.171144653565975,66.199442882792198]]]}},
{"type":"Feature","properties":{"Tile_ID":"X0077_Y-008","Tile_X":77,"Tile_Y":-8,"TOTAL_SCENES":485,"TILE_SIZE":2.71},"geometry":{"type":"Polygon","coordinates":[[[19.825151844717883,66.162483159513613],[20.4773299688473,66.123004235228279],[20.370171131141788,65.855495504452705],[19.724435910359098,65.894528665960607],[19.825151844717883,66.162483159513613]]]}},
{"type":"Feature","properties":{"Tile_ID":"X0078_Y-008","Tile_X":78,"Tile_Y":-8,"TOTAL_SCENES":412,"TILE_SIZE":2.98},"geometry":{"type":"Polygon","coordinates":[[[20.4773299688473,66.123004235228279],[21.127568491324872,66.081017753065467],[21.014031950317069,65.813981528186062],[20.370171131141788,65.855495504452705],[20.4773299688473,66.123004235228279]]]}},
{"type":"Feature","properties":{"Tile_ID":"X0079_Y-008","Tile_X":79,"Tile_Y":-8,"TOTAL_SCENES":552,"TILE_SIZE":2.84},"geometry":{"type":"Polygon","coordinates":[[[21.127568491324872,66.081017753065467],[21.775759230314772,66.036536009740431],[21.6559135156396,65.769998615353998],[21.014031950317069,65.813981528186062],[21.127568491324872,66.081017753065467]]]}},
{"type":"Feature","properties":{"Tile_ID":"X0080_Y-008","Tile_X":80,"Tile_Y":-8,"TOTAL_SCENES":423,"TILE_SIZE":3.06},"geometry":{"type":"Polygon","coordinates":[[[21.775759230314772,66.036536009740431],[22.42179646203056,65.989571936964495],[22.295713301180005,65.723559260026136],[21.6559135156396,65.769998615353998],[21.775759230314772,66.036536009740431]]]}},
{"type":"Feature","properties":{"Tile_ID":"X0081_Y-008","Tile_X":81,"Tile_Y":-8,"TOTAL_SCENES":596,"TILE_SIZE":3.02},"geometry":{"type":"Polygon","coordinates":[[[22.42179646203056,65.989571936964495],[23.065577018997391,65.940139082129406],[22.933331201341659,65.674676553863449],[22.295713301180005,65.723559260026136],[22.42179646203056,65.989571936964495]]]}},
{"type":"Feature","properties":{"Tile_ID":"X0082_Y-008","Tile_X":82,"Tile_Y":-8,"TOTAL_SCENES":449,"TILE_SIZE":3.11},"geometry":{"type":"Polygon","coordinates":[[[23.065577018997391,65.940139082129406],[23.707000381165301,65.88825158832951],[23.568669618241405,65.623364167196954],[22.933331201341659,65.674676553863449],[23.065577018997391,65.940139082129406]]]}},
{"type":"Feature","properties":{"Tile_ID":"X0083_Y-008","Tile_X":83,"Tile_Y":-8,"TOTAL_SCENES":515,"TILE_SIZE":2.62},"geometry":{"type":"Polygon","coordinates":[[[23.707000381165301,65.88825158832951],[24.34596875975323,65.833924173785348],[24.201633542336616,65.569636329528436],[23.568669618241405,65.623364167196954],[23.707000381165301,65.88825158832951]]]}},
{"type":"Feature","properties":{"Tile_ID":"X0084_Y-008","Tile_X":84,"Tile_Y":-8,"TOTAL_SCENES":423,"TILE_SIZE":2.72},"geometry":{"type":"Polygon","coordinates":[[[24.34596875975323,65.833924173785348],[24.982387173738598,65.777172110732948],[24.832130626212688,65.513507809514238],[24.201633542336616,65.569636329528436],[24.34596875975323,65.833924173785348]]]}},
{"type":"Feature","properties":{"Tile_ID":"X0085_Y-008","Tile_X":85,"Tile_Y":-8,"TOTAL_SCENES":438,"TILE_SIZE":2.96},"geometry":{"type":"Polygon","coordinates":[[[24.982387173738598,65.777172110732948],[25.616163518940979,65.718011203843602],[25.46007125147646,65.454993894491125],[24.832130626212688,65.513507809514238],[24.982387173738598,65.777172110732948]]]}},
{"type":"Feature","properties":{"Tile_ID":"X0086_Y-008","Tile_X":86,"Tile_Y":-8,"TOTAL_SCENES":438,"TILE_SIZE":2.49},"geometry":{"type":"Polygon","coordinates":[[[25.616163518940979,65.718011203843602],[26.247208629682309,65.656457768238624],[26.085368588731523,65.394110369605514],[25.46007125147646,65.454993894491125],[25.616163518940979,65.718011203843602]]]}},
{"type":"Feature","properties":{"Tile_ID":"X0087_Y-008","Tile_X":87,"Tile_Y":-8,"TOTAL_SCENES":360,"TILE_SIZE":2.62},"geometry":{"type":"Polygon","coordinates":[[[26.247208629682309,65.656457768238624],[26.875436333037797,65.592528607163189],[26.707938650641232,65.33087349660488],[26.085368588731523,65.394110369605514],[26.247208629682309,65.656457768238624]]]}},
{"type":"Feature","properties":{"Tile_ID":"X0088_Y-008","Tile_X":88,"Tile_Y":-8,"TOTAL_SCENES":464,"TILE_SIZE":2.33},"geometry":{"type":"Polygon","coordinates":[[[26.875436333037797,65.592528607163189],[27.500763495723245,65.526240989382359],[27.327700338113356,65.265299992351359],[26.707938650641232,65.33087349660488],[26.875436333037797,65.592528607163189]]]}},
{"type":"Feature","properties":{"Tile_ID":"X0089_Y-008","Tile_X":89,"Tile_Y":-8,"TOTAL_SCENES":339,"TILE_SIZE":2.52},"geometry":{"type":"Polygon","coordinates":[[[27.500763495723245,65.526240989382359],[28.123110063693598,65.457612626362177],[27.944575479668277,65.197407007115444],[27.327700338113356,65.265299992351359],[27.500763495723245,65.526240989382359]]]}},
{"type":"Feature","properties":{"Tile_ID":"X0090_Y-008","Tile_X":90,"Tile_Y":-8,"TOTAL_SCENES":457,"TILE_SIZE":2.21},"geometry":{"type":"Polygon","coordinates":[[[28.123110063693598,65.457612626362177],[28.742399094556109,65.386661649296499],[28.558488864078107,65.127212102707446],[27.944575479668277,65.197407007115444],[28.123110063693598,65.457612626362177]]]}},
{"type":"Feature","properties":{"Tile_ID":"X0091_Y-008","Tile_X":91,"Tile_Y":-8,"TOTAL_SCENES":364,"TILE_SIZE":2.75},"geometry":{"type":"Polygon","coordinates":[[[28.742399094556109,65.386661649296499],[29.358556782927423,65.313406586039335],[29.169368266388659,65.054733230502336],[28.558488864078107,65.127212102707446],[28.742399094556109,65.386661649296499]]]}},
{"type":"Feature","properties":{"Tile_ID":"X0092_Y-008","Tile_X":92,"Tile_Y":-8,"TOTAL_SCENES":377,"TILE_SIZE":2.44},"geometry":{"type":"Polygon","coordinates":[[[29.358556782927423,65.313406586039335],[29.971512478888549,65.237866338000757],[29.77714446745933,64.979988709412766],[29.169368266388659,65.054733230502336],[29.358556782927423,65.313406586039335]]]}},
{"type":"Feature","properties":{"Tile_ID":"X0069_Y-007","Tile_X":69,"Tile_Y":-7,"TOTAL_SCENES":278,"TILE_SIZE":1.81},"geometry":{"type":"Polygon","coordinates":[[[14.504340400706541,66.11627567541079],[15.161052965346517,66.097437309842235],[15.10819735931025,65.827192185993027],[14.458160582866904,65.845816292761839],[14.504340400706541,66.11627567541079]]]}},
{"type":"Feature","properties":{"Tile_ID":"X0070_Y-007","Tile_X":70,"Tile_Y":-7,"TOTAL_SCENES":303,"TILE_SIZE":1.46},"geometry":{"type":"Polygon","coordinates":[[[15.161052965346517,66.097437309842235],[15.816800369757914,66.076047214671121],[15.757301916470905,65.806044973880859],[15.10819735931025,65.827192185993027],[15.161052965346517,66.097437309842235]]]}},
{"type":"Feature","properties":{"Tile_ID":"X0071_Y-007","Tile_X":71,"Tile_Y":-7,"TOTAL_SCENES":275,"TILE_SIZE":1.98},"geometry":{"type":"Polygon","coordinates":[[[15.816800369757914,66.076047214671121],[16.47146326803319,66.052111777808875],[16.405358898227941,65.782380821879741],[15.757301916470905,65.806044973880859],[15.816800369757914,66.076047214671121]]]}},
{"type":"Feature","properties":{"Tile_ID":"X0072_Y-007","Tile_X":72,"Tile_Y":-7,"TOTAL_SCENES":415,"TILE_SIZE":2.21},"geometry":{"type":"Polygon","coordinates":[[[16.47146326803319,66.052111777808875],[17.124923674156026,66.025638119722387],[17.052254233037598,65.756206603214466],[16.405358898227941,65.782380821879741],[16.47146326803319,66.052111777808875]]]}},
{"type":"Feature","properties":{"Tile_ID":"X0073_Y-007","Tile_X":73,"Tile_Y":-7,"TOTAL_SCENES":349,"TILE_SIZE":2.57},"geometry":{"type":"Polygon","coordinates":[[[17.124923674156026,66.025638119722387],[17.77706510107484,65.996634082204977],[17.69787526562326,65.727529888276209],[17.052254233037598,65.756206603214466],[17.124923674156026,66.025638119722387]]]}},
{"type":"Feature","properties":{"Tile_ID":"X0074_Y-007","Tile_X":74,"Tile_Y":-7,"TOTAL_SCENES":462,"TILE_SIZE":2.42},"geometry":{"type":"Polygon","coordinates":[[[17.77706510107484,65.996634082204977],[18.427772695209196,65.965108216094464],[18.342110884444757,65.696358933021344],[17.69787526562326,65.727529888276209],[17.77706510107484,65.996634082204977]]]}},
{"type":"Feature","properties":{"Tile_ID":"X0075_Y-007","Tile_X":75,"Tile_Y":-7,"TOTAL_SCENES":345,"TILE_SIZE":2.58},"geometry":{"type":"Polygon","coordinates":[[[18.427772695209196,65.965108216094464],[19.07693336602717,65.931069767982564],[18.984851644610512,65.662702666413296],[18.342110884444757,65.696358933021344],[18.427772695209196,65.965108216094464]]]}},
{"type":"Feature","properties":{"Tile_ID":"X0076_Y-007","Tile_X":76,"Tile_Y":-7,"TOTAL_SCENES":419,"TILE_SIZE":2.47},"geometry":{"type":"Polygon","coordinates":[[[19.07693336602717,65.931069767982564],[19.724435910359098,65.894528665960607],[19.625989885920561,65.626570676950095],[18.984851644610512,65.662702666413296],[19.07693336602717,65.931069767982564]]]}},
{"type":"Feature","properties":{"Tile_ID":"X0077_Y-007","Tile_X":77,"Tile_Y":-7,"TOTAL_SCENES":371,"TILE_SIZE":2.69},"geometry":{"type":"Polygon","coordinates":[[[19.724435910359098,65.894528665960607],[20.370171131141788,65.855495504452705],[20.265419845754565,65.587973198323283],[19.625989885920561,65.626570676950095],[19.724435910359098,65.894528665960607]]]}},
{"type":"Feature","properties":{"Tile_ID":"X0078_Y-007","Tile_X":78,"Tile_Y":-7,"TOTAL_SCENES":419,"TILE_SIZE":2.95},"geometry":{"type":"Polygon","coordinates":[[[20.370171131141788,65.855495504452705],[21.014031950317069,65.813981528186062],[20.90303776654585,65.546921094256064],[20.265419845754565,65.587973198323283],[20.370171131141788,65.855495504452705]]]}},
{"type":"Feature","properties":{"Tile_ID":"X0079_Y-007","Tile_X":79,"Tile_Y":-7,"TOTAL_SCENES":530,"TILE_SIZE":2.85},"geometry":{"type":"Polygon","coordinates":[[[21.014031950317069,65.813981528186062],[21.6559135156396,65.769998615353998],[21.538741997610838,65.503425842570309],[20.90303776654585,65.546921094256064],[21.014031950317069,65.813981528186062]]]}},
{"type":"Feature","properties":{"Tile_ID":"X0080_Y-007","Tile_X":80,"Tile_Y":-7,"TOTAL_SCENES":436,"TILE_SIZE":3.25},"geometry":{"type":"Polygon","coordinates":[[[21.6559135156396,65.769998615353998],[22.295713301180005,65.723559260026136],[22.17243309113142,65.457499518534732],[21.538741997610838,65.503425842570309],[21.6559135156396,65.769998615353998]]]}},
{"type":"Feature","properties":{"Tile_ID":"X0081_Y-007","Tile_X":81,"Tile_Y":-7,"TOTAL_SCENES":599,"TILE_SIZE":2.75},"geometry":{"type":"Polygon","coordinates":[[[22.295713301180005,65.723559260026136],[22.933331201341659,65.674676553863449],[22.804013892117087,65.409154777546391],[22.17243309113142,65.457499518534732],[22.295713301180005,65.723559260026136]]]}},
{"type":"Feature","properties":{"Tile_ID":"X0082_Y-007","Tile_X":82,"Tile_Y":-7,"TOTAL_SCENES":467,"TILE_SIZE":2.57},"geometry":{"type":"Polygon","coordinates":[[[22.933331201341659,65.674676553863449],[23.568669618241405,65.623364167196954],[23.43338962220303,65.358404837200538],[22.804013892117087,65.409154777546391],[22.933331201341659,65.674676553863449]]]}},
{"type":"Feature","properties":{"Tile_ID":"X0085_Y-007","Tile_X":85,"Tile_Y":-7,"TOTAL_SCENES":469,"TILE_SIZE":2.36},"geometry":{"type":"Polygon","coordinates":[[[24.832130626212688,65.513507809514238],[25.46007125147646,65.454993894491125],[25.307375836095403,65.19186403726529],[24.685159098095848,65.24974492838524],[24.832130626212688,65.513507809514238]]]}},
{"type":"Feature","properties":{"Tile_ID":"X0086_Y-007","Tile_X":86,"Tile_Y":-7,"TOTAL_SCENES":406,"TILE_SIZE":2.73},"geometry":{"type":"Polygon","coordinates":[[[25.46007125147646,65.454993894491125],[26.085368588731523,65.394110369605514],[25.927033610596769,65.131636062232118],[25.307375836095403,65.19186403726529],[25.46007125147646,65.454993894491125]]]}},
{"type":"Feature","properties":{"Tile_ID":"X0087_Y-007","Tile_X":87,"Tile_Y":-7,"TOTAL_SCENES":400,"TILE_SIZE":2.73},"geometry":{"type":"Polygon","coordinates":[[[26.085368588731523,65.394110369605514],[26.707938650641232,65.33087349660488],[26.544050561175332,65.069076745387662],[25.927033610596769,65.131636062232118],[26.085368588731523,65.394110369605514]]]}},
{"type":"Feature","properties":{"Tile_ID":"X0088_Y-007","Tile_X":88,"Tile_Y":-7,"TOTAL_SCENES":487,"TILE_SIZE":2.38},"geometry":{"type":"Polygon","coordinates":[[[26.707938650641232,65.33087349660488],[27.327700338113356,65.265299992351359],[27.158347572956323,65.004202273715237],[26.544050561175332,65.069076745387662],[26.707938650641232,65.33087349660488]]]}},
{"type":"Feature","properties":{"Tile_ID":"X0089_Y-007","Tile_X":89,"Tile_Y":-7,"TOTAL_SCENES":380,"TILE_SIZE":2.7},"geometry":{"type":"Polygon","coordinates":[[[27.327700338113356,65.265299992351359],[27.944575479668277,65.197407007115444],[27.769848315640161,64.937029258424332],[27.158347572956323,65.004202273715237],[27.327700338113356,65.265299992351359]]]}},
{"type":"Feature","properties":{"Tile_ID":"X0090_Y-007","Tile_X":90,"Tile_Y":-7,"TOTAL_SCENES":492,"TILE_SIZE":2.32},"geometry":{"type":"Polygon","coordinates":[[[27.944575479668277,65.197407007115444],[28.558488864078107,65.127212102707446],[28.378479276224184,64.867574714126292],[27.769848315640161,64.937029258424332],[27.944575479668277,65.197407007115444]]]}},
{"type":"Feature","properties":{"Tile_ID":"X0091_Y-007","Tile_X":91,"Tile_Y":-7,"TOTAL_SCENES":395,"TILE_SIZE":2.73},"geometry":{"type":"Polygon","coordinates":[[[28.558488864078107,65.127212102707446],[29.169368266388659,65.054733230502336],[28.984169785516926,64.795856037893444],[28.378479276224184,64.867574714126292],[28.558488864078107,65.127212102707446]]]}},
{"type":"Feature","properties":{"Tile_ID":"X0092_Y-007","Tile_X":92,"Tile_Y":-7,"TOTAL_SCENES":401,"TILE_SIZE":2.39},"geometry":{"type":"Polygon","coordinates":[[[29.169368266388659,65.054733230502336],[29.77714446745933,64.979988709412766],[29.586852038563105,64.721890988252952],[28.984169785516926,64.795856037893444],[29.169368266388659,65.054733230502336]]]}},
{"type":"Feature","properties":{"Tile_ID":"X0093_Y-007","Tile_X":93,"Tile_Y":-7,"TOTAL_SCENES":365,"TILE_SIZE":2.57},"geometry":{"type":"Polygon","coordinates":[[[29.77714446745933,64.979988709412766],[30.381751267176657,64.902997203862625],[30.186461109116944,64.645697664165326],[29.586852038563105,64.721890988252952],[29.77714446745933,64.979988709412766]]]}},
{"type":"Feature","properties":{"Tile_ID":"X0069_Y-006","Tile_X":69,"Tile_Y":-6,"TOTAL_SCENES":320,"TILE_SIZE":1.56},"geometry":{"type":"Polygon","coordinates":[[[14.458160582866904,65.845816292761839],[15.10819735931025,65.827192185993027],[15.056539360013584,65.556996332587374],[14.41302867605263,65.575411107491917],[14.458160582866904,65.845816292761839]]]}},
{"type":"Feature","properties":{"Tile_ID":"X0070_Y-006","Tile_X":70,"Tile_Y":-6,"TOTAL_SCENES":248,"TILE_SIZE":1.89},"geometry":{"type":"Polygon","coordinates":[[[15.10819735931025,65.827192185993027],[15.757301916470905,65.806044973880859],[15.699149300382153,65.536086431398374],[15.056539360013584,65.556996332587374],[15.10819735931025,65.827192185993027]]]}},
{"type":"Feature","properties":{"Tile_ID":"X0071_Y-006","Tile_X":71,"Tile_Y":-6,"TOTAL_SCENES":274,"TILE_SIZE":1.91},"geometry":{"type":"Polygon","coordinates":[[[15.757301916470905,65.806044973880859],[16.405358898227941,65.782380821879741],[16.340746957992966,65.512687356883845],[15.699149300382153,65.536086431398374],[15.757301916470905,65.806044973880859]]]}},
{"type":"Feature","properties":{"Tile_ID":"X0072_Y-006","Tile_X":72,"Tile_Y":-6,"TOTAL_SCENES":340,"TILE_SIZE":2.17},"geometry":{"type":"Polygon","coordinates":[[[16.405358898227941,65.782380821879741],[17.052254233037598,65.756206603214466],[16.981222007875878,65.486805746056419],[16.340746957992966,65.512687356883845],[16.405358898227941,65.782380821879741]]]}},
{"type":"Feature","properties":{"Tile_ID":"X0073_Y-006","Tile_X":73,"Tile_Y":-6,"TOTAL_SCENES":329,"TILE_SIZE":2.49},"geometry":{"type":"Polygon","coordinates":[[[17.052254233037598,65.756206603214466],[17.69787526562326,65.727529888276209],[17.620465464021812,65.45844890996311],[16.981222007875878,65.486805746056419],[17.052254233037598,65.756206603214466]]]}},
{"type":"Feature","properties":{"Tile_ID":"X0074_Y-006","Tile_X":74,"Tile_Y":-6,"TOTAL_SCENES":432,"TILE_SIZE":2.39},"geometry":{"type":"Polygon","coordinates":[[[17.69787526562326,65.727529888276209],[18.342110884444757,65.696358933021344],[18.258369800244878,65.427624822720077],[17.620465464021812,65.45844890996311],[17.69787526562326,65.727529888276209]]]}},
{"type":"Feature","properties":{"Tile_ID":"X0075_Y-006","Tile_X":75,"Tile_Y":-6,"TOTAL_SCENES":344,"TILE_SIZE":2.63},"geometry":{"type":"Polygon","coordinates":[[[18.342110884444757,65.696358933021344],[18.984851644610512,65.662702666413296],[18.894829066827505,65.394342109640064],[18.258369800244878,65.427624822720077],[18.342110884444757,65.696358933021344]]]}},
{"type":"Feature","properties":{"Tile_ID":"X0076_Y-006","Tile_X":76,"Tile_Y":-6,"TOTAL_SCENES":450,"TILE_SIZE":2.39},"geometry":{"type":"Polygon","coordinates":[[[18.984851644610512,65.662702666413296],[19.625989885920561,65.626570676950095],[19.529739002657887,65.358610034490596],[18.894829066827505,65.394342109640064],[18.984851644610512,65.662702666413296]]]}},
{"type":"Feature","properties":{"Tile_ID":"X0077_Y-006","Tile_X":77,"Tile_Y":-6,"TOTAL_SCENES":365,"TILE_SIZE":2.81},"geometry":{"type":"Polygon","coordinates":[[[19.625989885920561,65.626570676950095],[20.265419845754565,65.587973198323283],[20.16299714259214,65.320438485926672],[19.529739002657887,65.358610034490596],[19.625989885920561,65.626570676950095]]]}},
{"type":"Feature","properties":{"Tile_ID":"X0078_Y-006","Tile_X":78,"Tile_Y":-6,"TOTAL_SCENES":416,"TILE_SIZE":2.76},"geometry":{"type":"Polygon","coordinates":[[[20.265419845754565,65.587973198323283],[20.90303776654585,65.546921094256064],[20.794502919798585,65.279837963141119],[20.16299714259214,65.320438485926672],[20.265419845754565,65.587973198323283]]]}},
{"type":"Feature","properties":{"Tile_ID":"X0079_Y-006","Tile_X":79,"Tile_Y":-6,"TOTAL_SCENES":441,"TILE_SIZE":3.07},"geometry":{"type":"Polygon","coordinates":[[[20.90303776654585,65.546921094256064],[21.538741997610838,65.503425842570309],[21.424157762866937,65.236819560779466],[20.794502919798585,65.279837963141119],[20.90303776654585,65.546921094256064]]]}},
{"type":"Feature","properties":{"Tile_ID":"X0080_Y-006","Tile_X":80,"Tile_Y":-6,"TOTAL_SCENES":497,"TILE_SIZE":3.02},"geometry":{"type":"Polygon","coordinates":[[[21.538741997610838,65.503425842570309],[22.17243309113142,65.457499518534732],[22.051865187490726,65.191394953167077],[21.424157762866937,65.236819560779466],[21.538741997610838,65.503425842570309]]]}},
{"type":"Feature","properties":{"Tile_ID":"X0081_Y-006","Tile_X":81,"Tile_Y":-6,"TOTAL_SCENES":610,"TILE_SIZE":2.43},"geometry":{"type":"Polygon","coordinates":[[[22.17243309113142,65.457499518534732],[22.804013892117087,65.409154777546391],[22.677530882558518,65.143576377897759],[22.051865187490726,65.191394953167077],[22.17243309113142,65.457499518534732]]]}},
{"type":"Feature","properties":{"Tile_ID":"X0084_Y-006","Tile_X":84,"Tile_Y":-6,"TOTAL_SCENES":494,"TILE_SIZE":2.63},"geometry":{"type":"Polygon","coordinates":[[[24.060467957169337,65.305263458803609],[24.685159098095848,65.24974492838524],[24.541368723856827,64.985887310423465],[23.922371181883605,65.040808988573488],[24.060467957169337,65.305263458803609]]]}},
{"type":"Feature","properties":{"Tile_ID":"X0085_Y-006","Tile_X":85,"Tile_Y":-6,"TOTAL_SCENES":548,"TILE_SIZE":2.52},"geometry":{"type":"Polygon","coordinates":[[[24.685159098095848,65.24974492838524],[25.307375836095403,65.19186403726529],[25.157970542910267,64.928625899952308],[24.541368723856827,64.985887310423465],[24.685159098095848,65.24974492838524]]]}},
{"type":"Feature","properties":{"Tile_ID":"X0086_Y-006","Tile_X":86,"Tile_Y":-6,"TOTAL_SCENES":463,"TILE_SIZE":3.2},"geometry":{"type":"Polygon","coordinates":[[[25.307375836095403,65.19186403726529],[25.927033610596769,65.131636062232118],[25.772094281392786,64.869039546153914],[25.157970542910267,64.928625899952308],[25.307375836095403,65.19186403726529]]]}},
{"type":"Feature","properties":{"Tile_ID":"X0087_Y-006","Tile_X":87,"Tile_Y":-6,"TOTAL_SCENES":442,"TILE_SIZE":2.95},"geometry":{"type":"Polygon","coordinates":[[[25.927033610596769,65.131636062232118],[26.544050561175332,65.069076745387662],[26.38366014809365,64.807143492286784],[25.772094281392786,64.869039546153914],[25.927033610596769,65.131636062232118]]]}},
{"type":"Feature","properties":{"Tile_ID":"X0088_Y-006","Tile_X":88,"Tile_Y":-6,"TOTAL_SCENES":462,"TILE_SIZE":2.64},"geometry":{"type":"Polygon","coordinates":[[[26.544050561175332,65.069076745387662],[27.158347572956323,65.004202273715237],[26.992590962800012,64.742953416436819],[26.38366014809365,64.807143492286784],[26.544050561175332,65.069076745387662]]]}},
{"type":"Feature","properties":{"Tile_ID":"X0089_Y-006","Tile_X":89,"Tile_Y":-6,"TOTAL_SCENES":413,"TILE_SIZE":2.87},"geometry":{"type":"Polygon","coordinates":[[[27.158347572956323,65.004202273715237],[27.769848315640161,64.937029258424332],[27.598812194884925,64.676485411855126],[26.992590962800012,64.742953416436819],[27.158347572956323,65.004202273715237]]]}},
{"type":"Feature","properties":{"Tile_ID":"X0090_Y-006","Tile_X":90,"Tile_Y":-6,"TOTAL_SCENES":486,"TILE_SIZE":2.28},"geometry":{"type":"Polygon","coordinates":[[[27.769848315640161,64.937029258424332],[28.378479276224184,64.867574714126292],[28.202251995987666,64.607755967121506],[27.598812194884925,64.676485411855126],[27.769848315640161,64.937029258424332]]]}},
{"type":"Feature","properties":{"Tile_ID":"X0091_Y-006","Tile_X":91,"Tile_Y":-6,"TOTAL_SCENES":381,"TILE_SIZE":2.77},"geometry":{"type":"Polygon","coordinates":[[[28.378479276224184,64.867574714126292],[28.984169785516926,64.795856037893444],[28.802841226869496,64.536781946182799],[28.202251995987666,64.607755967121506],[28.378479276224184,64.867574714126292]]]}},
{"type":"Feature","properties":{"Tile_ID":"X0092_Y-006","Tile_X":92,"Tile_Y":-6,"TOTAL_SCENES":408,"TILE_SIZE":2.25},"geometry":{"type":"Polygon","coordinates":[[[28.984169785516926,64.795856037893444],[29.586852038563105,64.721890988252952],[29.400513478547619,64.463580568314683],[28.802841226869496,64.536781946182799],[28.984169785516926,64.795856037893444]]]}},
{"type":"Feature","properties":{"Tile_ID":"X0093_Y-006","Tile_X":93,"Tile_Y":-6,"TOTAL_SCENES":349,"TILE_SIZE":2.44},"geometry":{"type":"Polygon","coordinates":[[[29.586852038563105,64.721890988252952],[30.186461109116944,64.645697664165326],[29.995205087828577,64.388169388053328],[29.400513478547619,64.463580568314683],[29.586852038563105,64.721890988252952]]]}},
{"type":"Feature","properties":{"Tile_ID":"X0094_Y-006","Tile_X":94,"Tile_Y":-6,"TOTAL_SCENES":349,"TILE_SIZE":2.27},"geometry":{"type":"Polygon","coordinates":[[[30.186461109116944,64.645697664165326],[30.782934958319501,64.567294484034633],[30.586855147379634,64.310566275142506],[29.995205087828577,64.388169388053328],[30.186461109116944,64.645697664165326]]]}},
{"type":"Feature","properties":{"Tile_ID":"X0069_Y-005","Tile_X":69,"Tile_Y":-5,"TOTAL_SCENES":333,"TILE_SIZE":1.53},"geometry":{"type":"Polygon","coordinates":[[[14.41302867605263,65.575411107491917],[15.056539360013584,65.556996332587374],[15.006039095154605,65.286848786589971],[14.36890972241631,65.305058992395345],[14.41302867605263,65.575411107491917]]]}},
{"type":"Feature","properties":{"Tile_ID":"X0070_Y-005","Tile_X":70,"Tile_Y":-5,"TOTAL_SCENES":234,"TILE_SIZE":1.75},"geometry":{"type":"Polygon","coordinates":[[[15.056539360013584,65.556996332587374],[15.699149300382153,65.536086431398374],[15.642297815091993,65.266170809272495],[15.006039095154605,65.286848786589971],[15.056539360013584,65.556996332587374]]]}},
{"type":"Feature","properties":{"Tile_ID":"X0071_Y-005","Tile_X":71,"Tile_Y":-5,"TOTAL_SCENES":375,"TILE_SIZE":1.92},"geometry":{"type":"Polygon","coordinates":[[[15.699149300382153,65.536086431398374],[16.340746957992966,65.512687356883845],[16.277577996364428,65.243030810320846],[15.642297815091993,65.266170809272495],[15.699149300382153,65.536086431398374]]]}},
{"type":"Feature","properties":{"Tile_ID":"X0072_Y-005","Tile_X":72,"Tile_Y":-5,"TOTAL_SCENES":329,"TILE_SIZE":2.32},"geometry":{"type":"Polygon","coordinates":[[[16.340746957992966,65.512687356883845],[16.981222007875878,65.486805746056419],[16.911772901481836,65.217435200963024],[16.277577996364428,65.243030810320846],[16.340746957992966,65.512687356883845]]]}},
{"type":"Feature","properties":{"Tile_ID":"X0073_Y-005","Tile_X":73,"Tile_Y":-5,"TOTAL_SCENES":358,"TILE_SIZE":2.43},"geometry":{"type":"Polygon","coordinates":[[[16.981222007875878,65.486805746056419],[17.620465464021812,65.45844890996311],[17.544777059596711,65.189391044304216],[16.911772901481836,65.217435200963024],[16.981222007875878,65.486805746056419]]]}},
{"type":"Feature","properties":{"Tile_ID":"X0074_Y-005","Tile_X":74,"Tile_Y":-5,"TOTAL_SCENES":423,"TILE_SIZE":2.5},"geometry":{"type":"Polygon","coordinates":[[[17.620465464021812,65.45844890996311],[18.258369800244878,65.427624822720077],[18.176486381159073,65.158906044956709],[17.544777059596711,65.189391044304216],[17.620465464021812,65.45844890996311]]]}},
{"type":"Feature","properties":{"Tile_ID":"X0075_Y-005","Tile_X":75,"Tile_Y":-5,"TOTAL_SCENES":374,"TILE_SIZE":2.65},"geometry":{"type":"Polygon","coordinates":[[[18.258369800244878,65.427624822720077],[18.894829066827505,65.394342109640064],[18.80679826866626,65.125988537808482],[18.176486381159073,65.158906044956709],[18.258369800244878,65.427624822720077]]]}},
{"type":"Feature","properties":{"Tile_ID":"X0076_Y-005","Tile_X":76,"Tile_Y":-5,"TOTAL_SCENES":495,"TILE_SIZE":2.46},"geometry":{"type":"Polygon","coordinates":[[[18.894829066827505,65.394342109640064],[19.529739002657887,65.358610034490596],[19.435611723235997,65.090647475966279],[18.80679826866626,65.125988537808482],[18.894829066827505,65.394342109640064]]]}},
{"type":"Feature","properties":{"Tile_ID":"X0077_Y-005","Tile_X":77,"Tile_Y":-5,"TOTAL_SCENES":397,"TILE_SIZE":2.98},"geometry":{"type":"Polygon","coordinates":[[[19.529739002657887,65.358610034490596],[20.16299714259214,65.320438485926672],[20.062827446752799,65.052892417912346],[19.435611723235997,65.090647475966279],[19.529739002657887,65.358610034490596]]]}},
{"type":"Feature","properties":{"Tile_ID":"X0078_Y-005","Tile_X":78,"Tile_Y":-5,"TOTAL_SCENES":544,"TILE_SIZE":2.62},"geometry":{"type":"Polygon","coordinates":[[[20.16299714259214,65.320438485926672],[20.794502919798585,65.279837963141119],[20.688347939359943,65.012733513916544],[20.062827446752799,65.052892417912346],[20.16299714259214,65.320438485926672]]]}},
{"type":"Feature","properties":{"Tile_ID":"X0079_Y-005","Tile_X":79,"Tile_Y":-5,"TOTAL_SCENES":480,"TILE_SIZE":3.41},"geometry":{"type":"Polygon","coordinates":[[[20.794502919798585,65.279837963141119],[21.424157762866937,65.236819560779466],[21.312077592092521,64.970181491745777],[20.688347939359943,65.012733513916544],[20.794502919798585,65.279837963141119]]]}},
{"type":"Feature","properties":{"Tile_ID":"X0080_Y-005","Tile_X":80,"Tile_Y":-5,"TOTAL_SCENES":544,"TILE_SIZE":2.88},"geometry":{"type":"Polygon","coordinates":[[[21.424157762866937,65.236819560779466],[22.051865187490726,65.191394953167077],[21.933922774470449,64.925247641716368],[21.312077592092521,64.970181491745777],[21.424157762866937,65.236819560779466]]]}},
{"type":"Feature","properties":{"Tile_ID":"X0085_Y-005","Tile_X":85,"Tile_Y":-5,"TOTAL_SCENES":609,"TILE_SIZE":2.73},"geometry":{"type":"Polygon","coordinates":[[[24.541368723856827,64.985887310423465],[25.157970542910267,64.928625899952308],[25.011752988795326,64.665283506955291],[24.400659901942728,64.721938571783227],[24.541368723856827,64.985887310423465]]]}},
{"type":"Feature","properties":{"Tile_ID":"X0086_Y-005","Tile_X":86,"Tile_Y":-5,"TOTAL_SCENES":472,"TILE_SIZE":3.4},"geometry":{"type":"Polygon","coordinates":[[[25.157970542910267,64.928625899952308],[25.772094281392786,64.869039546153914],[25.620445606374613,64.606325261502235],[25.011752988795326,64.665283506955291],[25.157970542910267,64.928625899952308]]]}},
{"type":"Feature","properties":{"Tile_ID":"X0087_Y-005","Tile_X":87,"Tile_Y":-5,"TOTAL_SCENES":466,"TILE_SIZE":2.95},"geometry":{"type":"Polygon","coordinates":[[[25.772094281392786,64.869039546153914],[26.38366014809365,64.807143492286784],[26.226659976046051,64.54507859964869],[25.620445606374613,64.606325261502235],[25.772094281392786,64.869039546153914]]]}},
{"type":"Feature","properties":{"Tile_ID":"X0088_Y-005","Tile_X":88,"Tile_Y":-5,"TOTAL_SCENES":416,"TILE_SIZE":2.82},"geometry":{"type":"Polygon","coordinates":[[[26.38366014809365,64.807143492286784],[26.992590962800012,64.742953416436819],[26.830320803244184,64.481558710577787],[26.226659976046051,64.54507859964869],[26.38366014809365,64.807143492286784]]]}},
{"type":"Feature","properties":{"Tile_ID":"X0089_Y-005","Tile_X":89,"Tile_Y":-5,"TOTAL_SCENES":412,"TILE_SIZE":2.91},"geometry":{"type":"Polygon","coordinates":[[[26.992590962800012,64.742953416436819],[27.598812194884925,64.676485411855126],[27.431355315543659,64.415781189707403],[26.830320803244184,64.481558710577787],[26.992590962800012,64.742953416436819]]]}},
{"type":"Feature","properties":{"Tile_ID":"X0090_Y-005","Tile_X":90,"Tile_Y":-5,"TOTAL_SCENES":496,"TILE_SIZE":2.3},"geometry":{"type":"Polygon","coordinates":[[[27.598812194884925,64.676485411855126],[28.202251995987666,64.607755967121506],[28.029693295191969,64.347762019788206],[27.431355315543659,64.415781189707403],[27.598812194884925,64.676485411855126]]]}},
{"type":"Feature","properties":{"Tile_ID":"X0091_Y-005","Tile_X":91,"Tile_Y":-5,"TOTAL_SCENES":375,"TILE_SIZE":2.75},"geometry":{"type":"Polygon","coordinates":[[[28.202251995987666,64.607755967121506],[28.802841226869496,64.536781946182799],[28.625267106174874,64.277517551869622],[28.029693295191969,64.347762019788206],[28.202251995987666,64.607755967121506]]]}},
{"type":"Feature","properties":{"Tile_ID":"X0092_Y-005","Tile_X":92,"Tile_Y":-5,"TOTAL_SCENES":409,"TILE_SIZE":2.2},"geometry":{"type":"Polygon","coordinates":[[[28.802841226869496,64.536781946182799],[29.400513478547619,64.463580568314683],[29.218011715903859,64.205064486179054],[28.625267106174874,64.277517551869622],[28.802841226869496,64.536781946182799]]]}},
{"type":"Feature","properties":{"Tile_ID":"X0093_Y-005","Tile_X":93,"Tile_Y":-5,"TOTAL_SCENES":349,"TILE_SIZE":2.51},"geometry":{"type":"Polygon","coordinates":[[[29.400513478547619,64.463580568314683],[29.995205087828577,64.388169388053328],[29.807864711632696,64.130419852958866],[29.218011715903859,64.205064486179054],[29.400513478547619,64.463580568314683]]]}},
{"type":"Feature","properties":{"Tile_ID":"X0094_Y-005","Tile_X":94,"Tile_Y":-5,"TOTAL_SCENES":337,"TILE_SIZE":2.23},"geometry":{"type":"Polygon","coordinates":[[[29.995205087828577,64.388169388053328],[30.586855147379634,64.310566275142506],[30.394766311725576,64.053600993303419],[29.807864711632696,64.130419852958866],[29.995205087828577,64.388169388053328]]]}},
{"type":"Feature","properties":{"Tile_ID":"X0095_Y-005","Tile_X":95,"Tile_Y":-5,"TOTAL_SCENES":227,"TILE_SIZE":1.74},"geometry":{"type":"Polygon","coordinates":[[[30.586855147379634,64.310566275142506],[31.175405510492212,64.23078939453984],[30.978659371914468,63.974625540038026],[30.394766311725576,64.053600993303419],[30.586855147379634,64.310566275142506]]]}},
{"type":"Feature","properties":{"Tile_ID":"X0068_Y-004","Tile_X":68,"Tile_Y":-4,"TOTAL_SCENES":213,"TILE_SIZE":1.49},"geometry":{"type":"Polygon","coordinates":[[[13.731018609543661,65.320796346706288],[14.36890972241631,65.305058992395345],[14.325770303267861,65.03475880150657],[13.694145650243518,65.050323114990633],[13.731018609543661,65.320796346706288]]]}},
{"type":"Feature","properties":{"Tile_ID":"X0069_Y-004","Tile_X":69,"Tile_Y":-4,"TOTAL_SCENES":310,"TILE_SIZE":1.65},"geometry":{"type":"Polygon","coordinates":[[[14.36890972241631,65.305058992395345],[15.006039095154605,65.286848786589971],[14.956658443683024,65.01674855901453],[14.325770303267861,65.03475880150657],[14.36890972241631,65.305058992395345]]]}},
{"type":"Feature","properties":{"Tile_ID":"X0070_Y-004","Tile_X":70,"Tile_Y":-4,"TOTAL_SCENES":283,"TILE_SIZE":2.08},"geometry":{"type":"Polygon","coordinates":[[[15.006039095154605,65.286848786589971],[15.642297815091993,65.266170809272495],[15.586704712329134,64.996297295525437],[14.956658443683024,65.01674855901453],[15.006039095154605,65.286848786589971]]]}},
{"type":"Feature","properties":{"Tile_ID":"X0071_Y-004","Tile_X":71,"Tile_Y":-4,"TOTAL_SCENES":405,"TILE_SIZE":2.03},"geometry":{"type":"Polygon","coordinates":[[[15.642297815091993,65.266170809272495],[16.277577996364428,65.243030810320846],[16.21580472159285,64.973410566739517],[15.586704712329134,64.996297295525437],[15.642297815091993,65.266170809272495]]]}},
{"type":"Feature","properties":{"Tile_ID":"X0072_Y-004","Tile_X":72,"Tile_Y":-4,"TOTAL_SCENES":346,"TILE_SIZE":2.54},"geometry":{"type":"Polygon","coordinates":[[[16.277577996364428,65.243030810320846],[16.911772901481836,65.217435200963024],[16.84385517063431,64.948094567963807],[16.21580472159285,64.973410566739517],[16.277577996364428,65.243030810320846]]]}},
{"type":"Feature","properties":{"Tile_ID":"X0073_Y-004","Tile_X":73,"Tile_Y":-4,"TOTAL_SCENES":397,"TILE_SIZE":2.3},"geometry":{"type":"Polygon","coordinates":[[[16.911772901481836,65.217435200963024],[17.544777059596711,65.189391044304216],[17.470753957555345,64.920356125150391],[16.84385517063431,64.948094567963807],[16.911772901481836,65.217435200963024]]]}},
{"type":"Feature","properties":{"Tile_ID":"X0074_Y-004","Tile_X":74,"Tile_Y":-4,"TOTAL_SCENES":393,"TILE_SIZE":2.78},"geometry":{"type":"Polygon","coordinates":[[[17.544777059596711,65.189391044304216],[18.176486381159073,65.158906044956709],[18.096400288220021,64.890202685083722],[17.470753957555345,64.920356125150391],[17.544777059596711,65.189391044304216]]]}},
{"type":"Feature","properties":{"Tile_ID":"X0075_Y-004","Tile_X":75,"Tile_Y":-4,"TOTAL_SCENES":433,"TILE_SIZE":2.96},"geometry":{"type":"Polygon","coordinates":[[[18.176486381159073,65.158906044956709],[18.80679826866626,65.125988537808482],[18.720694781455645,64.857642304749618],[18.096400288220021,64.890202685083722],[18.176486381159073,65.158906044956709]]]}},
{"type":"Feature","properties":{"Tile_ID":"X0076_Y-004","Tile_X":76,"Tile_Y":-4,"TOTAL_SCENES":520,"TILE_SIZE":2.72},"geometry":{"type":"Polygon","coordinates":[[[18.80679826866626,65.125988537808482],[19.435611723235997,65.090647475966279],[19.343539570380987,64.822683639919589],[18.720694781455645,64.857642304749618],[18.80679826866626,65.125988537808482]]]}},
{"type":"Feature","properties":{"Tile_ID":"X0077_Y-004","Tile_X":77,"Tile_Y":-4,"TOTAL_SCENES":447,"TILE_SIZE":3.2},"geometry":{"type":"Polygon","coordinates":[[[19.435611723235997,65.090647475966279],[20.062827446752799,65.052892417912346],[19.964838399627634,64.785335932986783],[19.343539570380987,64.822683639919589],[19.435611723235997,65.090647475966279]]]}},
{"type":"Feature","properties":{"Tile_ID":"X0078_Y-004","Tile_X":78,"Tile_Y":-4,"TOTAL_SCENES":586,"TILE_SIZE":2.88},"geometry":{"type":"Polygon","coordinates":[[[20.062827446752799,65.052892417912346],[20.688347939359943,65.012733513916544],[20.584496718240953,64.745609000092131],[19.964838399627634,64.785335932986783],[20.062827446752799,65.052892417912346]]]}},
{"type":"Feature","properties":{"Tile_ID":"X0079_Y-004","Tile_X":79,"Tile_Y":-4,"TOTAL_SCENES":519,"TILE_SIZE":3.63},"geometry":{"type":"Polygon","coordinates":[[[20.688347939359943,65.012733513916544],[21.312077592092521,64.970181491745777],[21.20242176806795,64.703513217579683],[20.584496718240953,64.745609000092131],[20.688347939359943,65.012733513916544]]]}},
{"type":"Feature","properties":{"Tile_ID":"X0080_Y-004","Tile_X":80,"Tile_Y":-4,"TOTAL_SCENES":620,"TILE_SIZE":2.66},"geometry":{"type":"Polygon","coordinates":[[[21.312077592092521,64.970181491745777],[21.933922774470449,64.925247641716368],[21.81852266746106,64.6590595078234],[21.20242176806795,64.703513217579683],[21.312077592092521,64.970181491745777]]]}},
{"type":"Feature","properties":{"Tile_ID":"X0084_Y-004","Tile_X":84,"Tile_Y":-4,"TOTAL_SCENES":533,"TILE_SIZE":3.0},"geometry":{"type":"Polygon","coordinates":[[[23.787246564859529,64.776276135217572],[24.400659901942728,64.721938571783227],[24.262937082492769,64.45790211349852],[23.655001415600729,64.511667915569376],[23.787246564859529,64.776276135217572]]]}},
{"type":"Feature","properties":{"Tile_ID":"X0085_Y-004","Tile_X":85,"Tile_Y":-4,"TOTAL_SCENES":618,"TILE_SIZE":2.79},"geometry":{"type":"Polygon","coordinates":[[[24.400659901942728,64.721938571783227],[25.011752988795326,64.665283506955291],[24.86862492312645,64.401840651854485],[24.262937082492769,64.45790211349852],[24.400659901942728,64.721938571783227]]]}},
{"type":"Feature","properties":{"Tile_ID":"X0086_Y-004","Tile_X":86,"Tile_Y":-4,"TOTAL_SCENES":437,"TILE_SIZE":3.22},"geometry":{"type":"Polygon","coordinates":[[[25.011752988795326,64.665283506955291],[25.620445606374613,64.606325261502235],[25.471986794377298,64.343497401810126],[24.86862492312645,64.401840651854485],[25.011752988795326,64.665283506955291]]]}},
{"type":"Feature","properties":{"Tile_ID":"X0087_Y-004","Tile_X":87,"Tile_Y":-4,"TOTAL_SCENES":467,"TILE_SIZE":2.76},"geometry":{"type":"Polygon","coordinates":[[[25.620445606374613,64.606325261502235],[26.226659976046051,64.54507859964869],[26.072946874676113,64.282886667427405],[25.471986794377298,64.343497401810126],[25.620445606374613,64.606325261502235]]]}},
{"type":"Feature","properties":{"Tile_ID":"X0088_Y-004","Tile_X":88,"Tile_Y":-4,"TOTAL_SCENES":410,"TILE_SIZE":2.88},"geometry":{"type":"Polygon","coordinates":[[[26.226659976046051,64.54507859964869],[26.830320803244184,64.481558710577787],[26.671431706733351,64.220023168047163],[26.072946874676113,64.282886667427405],[26.226659976046051,64.54507859964869]]]}},
{"type":"Feature","properties":{"Tile_ID":"X0089_Y-004","Tile_X":89,"Tile_Y":-4,"TOTAL_SCENES":433,"TILE_SIZE":2.76},"geometry":{"type":"Polygon","coordinates":[[[26.830320803244184,64.481558710577787],[27.431355315543659,64.415781189707403],[27.267370235027258,64.154922020452872],[26.671431706733351,64.220023168047163],[26.830320803244184,64.481558710577787]]]}},
{"type":"Feature","properties":{"Tile_ID":"X0090_Y-004","Tile_X":90,"Tile_Y":-4,"TOTAL_SCENES":457,"TILE_SIZE":2.43},"geometry":{"type":"Polygon","coordinates":[[[27.431355315543659,64.415781189707403],[28.029693295191969,64.347762019788206],[27.860693838097827,64.087598720853038],[27.267370235027258,64.154922020452872],[27.431355315543659,64.415781189707403]]]}},
{"type":"Feature","properties":{"Tile_ID":"X0091_Y-004","Tile_X":91,"Tile_Y":-4,"TOTAL_SCENES":394,"TILE_SIZE":2.94},"geometry":{"type":"Polygon","coordinates":[[[28.029693295191969,64.347762019788206],[28.625267106174874,64.277517551869622],[28.451336355707308,64.018069126725834],[27.860693838097827,64.087598720853038],[28.029693295191969,64.347762019788206]]]}},
{"type":"Feature","properties":{"Tile_ID":"X0092_Y-004","Tile_X":92,"Tile_Y":-4,"TOTAL_SCENES":436,"TILE_SIZE":2.22},"geometry":{"type":"Polygon","coordinates":[[[28.625267106174874,64.277517551869622],[29.218011715903859,64.205064486179054],[29.039234110944477,63.946349438568667],[28.451336355707308,64.018069126725834],[28.625267106174874,64.277517551869622]]]}},
{"type":"Feature","properties":{"Tile_ID":"X0093_Y-004","Tile_X":93,"Tile_Y":-4,"TOTAL_SCENES":357,"TILE_SIZE":2.55},"geometry":{"type":"Polygon","coordinates":[[[29.218011715903859,64.205064486179054],[29.807864711632696,64.130419852958866],[29.624325927367043,63.87245618159443],[29.039234110944477,63.946349438568667],[29.218011715903859,64.205064486179054]]]}},
{"type":"Feature","properties":{"Tile_ID":"X0094_Y-004","Tile_X":94,"Tile_Y":-4,"TOTAL_SCENES":356,"TILE_SIZE":2.17},"geometry":{"type":"Polygon","coordinates":[[[29.807864711632696,64.130419852958866],[30.394766311725576,64.053600993303419],[30.206553141290435,63.796406187414846],[29.624325927367043,63.87245618159443],[29.807864711632696,64.130419852958866]]]}},
{"type":"Feature","properties":{"Tile_ID":"X0095_Y-004","Tile_X":95,"Tile_Y":-4,"TOTAL_SCENES":337,"TILE_SIZE":2.02},"geometry":{"type":"Polygon","coordinates":[[[30.394766311725576,64.053600993303419],[30.978659371914468,63.974625540038026],[30.78585960934609,63.7182165757498],[30.206553141290435,63.796406187414846],[30.394766311725576,64.053600993303419]]]}},
{"type":"Feature","properties":{"Tile_ID":"X0068_Y-003","Tile_X":68,"Tile_Y":-3,"TOTAL_SCENES":314,"TILE_SIZE":1.62},"geometry":{"type":"Polygon","coordinates":[[[13.694145650243518,65.050323114990633],[14.325770303267861,65.03475880150657],[14.283578455434114,64.764509371289336],[13.658083595925683,64.779904507005071],[13.694145650243518,65.050323114990633]]]}},
{"type":"Feature","properties":{"Tile_ID":"X0069_Y-003","Tile_X":69,"Tile_Y":-3,"TOTAL_SCENES":274,"TILE_SIZE":1.8},"geometry":{"type":"Polygon","coordinates":[[[14.325770303267861,65.03475880150657],[14.956658443683024,65.01674855901453],[14.908360940909835,64.746694636501132],[14.283578455434114,64.764509371289336],[14.325770303267861,65.03475880150657]]]}},
{"type":"Feature","properties":{"Tile_ID":"X0070_Y-003","Tile_X":70,"Tile_Y":-3,"TOTAL_SCENES":331,"TILE_SIZE":2.1},"geometry":{"type":"Polygon","coordinates":[[[14.956658443683024,65.01674855901453],[15.586704712329134,64.996297295525437],[15.532329096200563,64.726465046164321],[14.908360940909835,64.746694636501132],[14.956658443683024,65.01674855901453]]]}},
{"type":"Feature","properties":{"Tile_ID":"X0071_Y-003","Tile_X":71,"Tile_Y":-3,"TOTAL_SCENES":394,"TILE_SIZE":2.25},"geometry":{"type":"Polygon","coordinates":[[[15.586704712329134,64.996297295525437],[16.21580472159285,64.973410566739517],[16.155381884964321,64.703825970226134],[15.532329096200563,64.726465046164321],[15.586704712329134,64.996297295525437]]]}},
{"type":"Feature","properties":{"Tile_ID":"X0072_Y-003","Tile_X":72,"Tile_Y":-3,"TOTAL_SCENES":371,"TILE_SIZE":2.64},"geometry":{"type":"Polygon","coordinates":[[[16.21580472159285,64.973410566739517],[16.84385517063431,64.948094567963807],[16.777419299941503,64.678783397408438],[16.155381884964321,64.703825970226134],[16.21580472159285,64.973410566739517]]]}},
{"type":"Feature","properties":{"Tile_ID":"X0073_Y-003","Tile_X":73,"Tile_Y":-3,"TOTAL_SCENES":469,"TILE_SIZE":2.15},"geometry":{"type":"Polygon","coordinates":[[[16.84385517063431,64.948094567963807],[17.470753957555345,64.920356125150391],[17.398342469392027,64.651343926724479],[16.777419299941503,64.678783397408438],[16.84385517063431,64.948094567963807]]]}},
{"type":"Feature","properties":{"Tile_ID":"X0074_Y-003","Tile_X":74,"Tile_Y":-3,"TOTAL_SCENES":401,"TILE_SIZE":2.98},"geometry":{"type":"Polygon","coordinates":[[[17.470753957555345,64.920356125150391],[18.096400288220021,64.890202685083722],[18.018053760428646,64.621514758188169],[17.398342469392027,64.651343926724479],[17.470753957555345,64.920356125150391]]]}},
{"type":"Feature","properties":{"Tile_ID":"X0075_Y-003","Tile_X":75,"Tile_Y":-3,"TOTAL_SCENES":454,"TILE_SIZE":2.78},"geometry":{"type":"Polygon","coordinates":[[[18.096400288220021,64.890202685083722],[18.720694781455645,64.857642304749618],[18.636456878992988,64.589303682745935],[18.018053760428646,64.621514758188169],[18.096400288220021,64.890202685083722]]]}},
{"type":"Feature","properties":{"Tile_ID":"X0076_Y-003","Tile_X":76,"Tile_Y":-3,"TOTAL_SCENES":448,"TILE_SIZE":3.13},"geometry":{"type":"Polygon","coordinates":[[[18.720694781455645,64.857642304749618],[19.343539570380987,64.822683639919589],[19.25345696623771,64.554719071462273],[18.636456878992988,64.589303682745935],[18.720694781455645,64.857642304749618]]]}},
{"type":"Feature","properties":{"Tile_ID":"X0077_Y-003","Tile_X":77,"Tile_Y":-3,"TOTAL_SCENES":464,"TILE_SIZE":3.28},"geometry":{"type":"Polygon","coordinates":[[[19.343539570380987,64.822683639919589],[19.964838399627634,64.785335932986783],[19.868960691095783,64.517769863992697],[19.25345696623771,64.554719071462273],[19.343539570380987,64.822683639919589]]]}},
{"type":"Feature","properties":{"Tile_ID":"X0078_Y-003","Tile_X":78,"Tile_Y":-3,"TOTAL_SCENES":583,"TILE_SIZE":2.95},"geometry":{"type":"Polygon","coordinates":[[[19.964838399627634,64.785335932986783],[20.584496718240953,64.745609000092131],[20.482876338836419,64.478465556379703],[19.868960691095783,64.517769863992697],[19.964838399627634,64.785335932986783]]]}},
{"type":"Feature","properties":{"Tile_ID":"X0079_Y-003","Tile_X":79,"Tile_Y":-3,"TOTAL_SCENES":479,"TILE_SIZE":3.66},"geometry":{"type":"Polygon","coordinates":[[[20.584496718240953,64.745609000092131],[21.20242176806795,64.703513217579683],[21.095113895426234,64.436816188208695],[20.482876338836419,64.478465556379703],[20.584496718240953,64.745609000092131]]]}},
{"type":"Feature","properties":{"Tile_ID":"X0080_Y-003","Tile_X":80,"Tile_Y":-3,"TOTAL_SCENES":646,"TILE_SIZE":2.95},"geometry":{"type":"Polygon","coordinates":[[[21.20242176806795,64.703513217579683],[21.81852266746106,64.6590595078234],[21.705585127533993,64.392832329162147],[21.095113895426234,64.436816188208695],[21.20242176806795,64.703513217579683]]]}},
{"type":"Feature","properties":{"Tile_ID":"X0084_Y-003","Tile_X":84,"Tile_Y":-3,"TOTAL_SCENES":523,"TILE_SIZE":3.34},"geometry":{"type":"Polygon","coordinates":[[[23.655001415600729,64.511667915569376],[24.262937082492769,64.45790211349852],[24.12810856734335,64.193781132571587],[23.525546807389745,64.246987157280699],[23.655001415600729,64.511667915569376]]]}},
{"type":"Feature","properties":{"Tile_ID":"X0085_Y-003","Tile_X":85,"Tile_Y":-3,"TOTAL_SCENES":567,"TILE_SIZE":2.65},"geometry":{"type":"Polygon","coordinates":[[[24.262937082492769,64.45790211349852],[24.86862492312645,64.401840651854485],[24.728492025773498,64.138300909214024],[24.12810856734335,64.193781132571587],[24.262937082492769,64.45790211349852]]]}},
{"type":"Feature","properties":{"Tile_ID":"X0086_Y-003","Tile_X":86,"Tile_Y":-3,"TOTAL_SCENES":424,"TILE_SIZE":3.22},"geometry":{"type":"Polygon","coordinates":[[[24.86862492312645,64.401840651854485],[25.471986794377298,64.343497401810126],[25.326621054422269,64.080559926527144],[24.728492025773498,64.138300909214024],[24.86862492312645,64.401840651854485]]]}},
{"type":"Feature","properties":{"Tile_ID":"X0087_Y-003","Tile_X":87,"Tile_Y":-3,"TOTAL_SCENES":462,"TILE_SIZE":2.64},"geometry":{"type":"Polygon","coordinates":[[[25.471986794377298,64.343497401810126],[26.072946874676113,64.282886667427405],[25.922421734453199,64.020572046393909],[25.326621054422269,64.080559926527144],[25.471986794377298,64.343497401810126]]]}},
{"type":"Feature","properties":{"Tile_ID":"X0088_Y-003","Tile_X":88,"Tile_Y":-3,"TOTAL_SCENES":405,"TILE_SIZE":2.9},"geometry":{"type":"Polygon","coordinates":[[[26.072946874676113,64.282886667427405],[26.671431706733351,64.220023168047163],[26.515822398209533,63.95835153648909],[25.922421734453199,64.020572046393909],[26.072946874676113,64.282886667427405]]]}},
{"type":"Feature","properties":{"Tile_ID":"X0089_Y-003","Tile_X":89,"Tile_Y":-3,"TOTAL_SCENES":407,"TILE_SIZE":2.79},"geometry":{"type":"Polygon","coordinates":[[[26.671431706733351,64.220023168047163],[27.267370235027258,64.154922020452872],[27.106753666064897,63.893913053282446],[26.515822398209533,63.95835153648909],[26.671431706733351,64.220023168047163]]]}},
{"type":"Feature","properties":{"Tile_ID":"X0090_Y-003","Tile_X":90,"Tile_Y":-3,"TOTAL_SCENES":401,"TILE_SIZE":2.44},"geometry":{"type":"Polygon","coordinates":[[[27.267370235027258,64.154922020452872],[27.860693838097827,64.087598720853038],[27.69514847840108,63.827271624858255],[27.106753666064897,63.893913053282446],[27.267370235027258,64.154922020452872]]]}},
{"type":"Feature","properties":{"Tile_ID":"X0091_Y-003","Tile_X":91,"Tile_Y":-3,"TOTAL_SCENES":401,"TILE_SIZE":2.9},"geometry":{"type":"Polygon","coordinates":[[[27.860693838097827,64.087598720853038],[28.451336355707308,64.018069126725834],[28.280942122763953,63.758442633593006],[27.69514847840108,63.827271624858255],[27.860693838097827,64.087598720853038]]]}},
{"type":"Feature","properties":{"Tile_ID":"X0092_Y-003","Tile_X":92,"Tile_Y":-3,"TOTAL_SCENES":443,"TILE_SIZE":2.16},"geometry":{"type":"Polygon","coordinates":[[[28.451336355707308,64.018069126725834],[29.039234110944477,63.946349438568667],[28.864072256264542,63.687441798730106],[28.280942122763953,63.758442633593006],[28.451336355707308,64.018069126725834]]]}},
{"type":"Feature","properties":{"Tile_ID":"X0093_Y-003","Tile_X":93,"Tile_Y":-3,"TOTAL_SCENES":380,"TILE_SIZE":2.76},"geometry":{"type":"Polygon","coordinates":[[[29.039234110944477,63.946349438568667],[29.624325927367043,63.87245618159443],[29.444478923307752,63.614285158892535],[28.864072256264542,63.687441798730106],[29.039234110944477,63.946349438568667]]]}},
{"type":"Feature","properties":{"Tile_ID":"X0094_Y-003","Tile_X":94,"Tile_Y":-3,"TOTAL_SCENES":387,"TILE_SIZE":2.26},"geometry":{"type":"Polygon","coordinates":[[[29.624325927367043,63.87245618159443],[30.206553141290435,63.796406187414846],[30.022104568744883,63.538989054570493],[29.444478923307752,63.614285158892535],[29.624325927367043,63.87245618159443]]]}},
{"type":"Feature","properties":{"Tile_ID":"X0095_Y-003","Tile_X":95,"Tile_Y":-3,"TOTAL_SCENES":375,"TILE_SIZE":2.38},"geometry":{"type":"Polygon","coordinates":[[[30.206553141290435,63.796406187414846],[30.78585960934609,63.7182165757498],[30.596894046559378,63.461570110621253],[30.022104568744883,63.538989054570493],[30.206553141290435,63.796406187414846]]]}},
{"type":"Feature","properties":{"Tile_ID":"X0068_Y-002","Tile_X":68,"Tile_Y":-2,"TOTAL_SCENES":409,"TILE_SIZE":1.73},"geometry":{"type":"Polygon","coordinates":[[[13.658083595925683,64.779904507005071],[14.283578455434114,64.764509371289336],[14.242303593006309,64.494309521744242],[13.622806229905333,64.509539217807941],[13.658083595925683,64.779904507005071]]]}},
{"type":"Feature","properties":{"Tile_ID":"X0069_Y-002","Tile_X":69,"Tile_Y":-2,"TOTAL_SCENES":268,"TILE_SIZE":2.1},"geometry":{"type":"Polygon","coordinates":[[[14.283578455434114,64.764509371289336],[14.908360940909835,64.746694636501132],[14.861111689709219,64.476685982787146],[14.242303593006309,64.494309521744242],[14.283578455434114,64.764509371289336]]]}},
{"type":"Feature","properties":{"Tile_ID":"X0070_Y-002","Tile_X":70,"Tile_Y":-2,"TOTAL_SCENES":332,"TILE_SIZE":1.98},"geometry":{"type":"Polygon","coordinates":[[[14.908360940909835,64.746694636501132],[15.532329096200563,64.726465046164321],[15.479131824205005,64.456673187058115],[14.861111689709219,64.476685982787146],[14.908360940909835,64.746694636501132]]]}},
{"type":"Feature","properties":{"Tile_ID":"X0071_Y-002","Tile_X":71,"Tile_Y":-2,"TOTAL_SCENES":335,"TILE_SIZE":2.35},"geometry":{"type":"Polygon","coordinates":[[[15.532329096200563,64.726465046164321],[16.155381884964321,64.703825970226134],[16.096266172020378,64.434276326728266],[15.479131824205005,64.456673187058115],[15.532329096200563,64.726465046164321]]]}},
{"type":"Feature","properties":{"Tile_ID":"X0072_Y-002","Tile_X":72,"Tile_Y":-2,"TOTAL_SCENES":365,"TILE_SIZE":2.66},"geometry":{"type":"Polygon","coordinates":[[[16.155381884964321,64.703825970226134],[16.777419299941503,64.678783397408438],[16.712417883697231,64.409501192775394],[16.096266172020378,64.434276326728266],[16.155381884964321,64.703825970226134]]]}},
{"type":"Feature","properties":{"Tile_ID":"X0073_Y-002","Tile_X":73,"Tile_Y":-2,"TOTAL_SCENES":449,"TILE_SIZE":2.17},"geometry":{"type":"Polygon","coordinates":[[[16.777419299941503,64.678783397408438],[17.398342469392027,64.651343926724479],[17.327491185842547,64.382354166949483],[16.712417883697231,64.409501192775394],[16.777419299941503,64.678783397408438]]]}},
{"type":"Feature","properties":{"Tile_ID":"X0074_Y-002","Tile_X":74,"Tile_Y":-2,"TOTAL_SCENES":373,"TILE_SIZE":2.79},"geometry":{"type":"Polygon","coordinates":[[[17.398342469392027,64.651343926724479],[18.018053760428646,64.621514758188169],[17.941391479298268,64.352842212971339],[17.327491185842547,64.382354166949483],[17.398342469392027,64.651343926724479]]]}},
{"type":"Feature","properties":{"Tile_ID":"X0075_Y-002","Tile_X":75,"Tile_Y":-2,"TOTAL_SCENES":479,"TILE_SIZE":2.47},"geometry":{"type":"Polygon","coordinates":[[[18.018053760428646,64.621514758188169],[18.636456878992988,64.589303682745935],[18.554025434194763,64.320972866992037],[17.941391479298268,64.352842212971339],[18.018053760428646,64.621514758188169]]]}},
{"type":"Feature","properties":{"Tile_ID":"X0076_Y-002","Tile_X":76,"Tile_Y":-2,"TOTAL_SCENES":437,"TILE_SIZE":3.22},"geometry":{"type":"Polygon","coordinates":[[[18.636456878992988,64.589303682745935],[19.25345696623771,64.554719071462273],[19.165301081666762,64.286754227342556],[18.554025434194763,64.320972866992037],[18.636456878992988,64.589303682745935]]]}},
{"type":"Feature","properties":{"Tile_ID":"X0077_Y-002","Tile_X":77,"Tile_Y":-2,"TOTAL_SCENES":465,"TILE_SIZE":3.07},"geometry":{"type":"Polygon","coordinates":[[[19.25345696623771,64.554719071462273],[19.868960691095783,64.517769863992697],[19.775127902026743,64.250194943604512],[19.165301081666762,64.286754227342556],[19.25345696623771,64.554719071462273]]]}},
{"type":"Feature","properties":{"Tile_ID":"X0078_Y-002","Tile_X":78,"Tile_Y":-2,"TOTAL_SCENES":464,"TILE_SIZE":3.04},"geometry":{"type":"Polygon","coordinates":[[[19.868960691095783,64.517769863992697],[20.482876338836419,64.478465556379703],[20.38341690920749,64.211304205035333],[19.775127902026743,64.250194943604512],[19.868960691095783,64.517769863992697]]]}},
{"type":"Feature","properties":{"Tile_ID":"X0079_Y-002","Tile_X":79,"Tile_Y":-2,"TOTAL_SCENES":468,"TILE_SIZE":3.61},"geometry":{"type":"Polygon","coordinates":[[[20.482876338836419,64.478465556379703],[21.095113895426234,64.436816188208695],[20.990080731303031,64.170091728381976],[20.38341690920749,64.211304205035333],[20.482876338836419,64.478465556379703]]]}},
{"type":"Feature","properties":{"Tile_ID":"X0080_Y-002","Tile_X":80,"Tile_Y":-2,"TOTAL_SCENES":628,"TILE_SIZE":2.63},"geometry":{"type":"Polygon","coordinates":[[[21.095113895426234,64.436816188208695],[21.705585127533993,64.392832329162147],[21.595033687055288,64.126567745119061],[20.990080731303031,64.170091728381976],[21.095113895426234,64.436816188208695]]]}},
{"type":"Feature","properties":{"Tile_ID":"X0083_Y-002","Tile_X":83,"Tile_Y":-2,"TOTAL_SCENES":516,"TILE_SIZE":2.64},"geometry":{"type":"Polygon","coordinates":[[[22.920885036910136,64.297905983090288],[23.525546807389745,64.246987157280699],[23.39879739140968,63.982236508558429],[22.79947315721807,64.032628677998133],[22.920885036910136,64.297905983090288]]]}},
{"type":"Feature","properties":{"Tile_ID":"X0084_Y-002","Tile_X":84,"Tile_Y":-2,"TOTAL_SCENES":515,"TILE_SIZE":3.59},"geometry":{"type":"Polygon","coordinates":[[[23.525546807389745,64.246987157280699],[24.12810856734335,64.193781132571587],[23.99608632152141,63.929578632396343],[23.39879739140968,63.982236508558429],[23.525546807389745,64.246987157280699]]]}},
{"type":"Feature","properties":{"Tile_ID":"X0085_Y-002","Tile_X":85,"Tile_Y":-2,"TOTAL_SCENES":518,"TILE_SIZE":2.66},"geometry":{"type":"Polygon","coordinates":[[[24.12810856734335,64.193781132571587],[24.728492025773498,64.138300909214024],[24.591263716557791,63.874667645685911],[23.99608632152141,63.929578632396343],[24.12810856734335,64.193781132571587]]]}},
{"type":"Feature","properties":{"Tile_ID":"X0086_Y-002","Tile_X":86,"Tile_Y":-2,"TOTAL_SCENES":443,"TILE_SIZE":3.27},"geometry":{"type":"Polygon","coordinates":[[[24.728492025773498,64.138300909214024],[25.326621054422269,64.080559926527144],[25.184255403720741,63.817516572795839],[24.591263716557791,63.874667645685911],[24.728492025773498,64.138300909214024]]]}},
{"type":"Feature","properties":{"Tile_ID":"X0087_Y-002","Tile_X":87,"Tile_Y":-2,"TOTAL_SCENES":476,"TILE_SIZE":2.5},"geometry":{"type":"Polygon","coordinates":[[[25.326621054422269,64.080559926527144],[25.922421734453199,64.020572046393909],[25.774989313791686,63.758138850573637],[25.184255403720741,63.817516572795839],[25.326621054422269,64.080559926527144]]]}},
{"type":"Feature","properties":{"Tile_ID":"X0088_Y-002","Tile_X":88,"Tile_Y":-2,"TOTAL_SCENES":426,"TILE_SIZE":3.09},"geometry":{"type":"Polygon","coordinates":[[[25.922421734453199,64.020572046393909],[26.515822398209533,63.95835153648909],[26.363395521901833,63.696548312366588],[25.774989313791686,63.758138850573637],[25.922421734453199,64.020572046393909]]]}},
{"type":"Feature","properties":{"Tile_ID":"X0089_Y-002","Tile_X":89,"Tile_Y":-2,"TOTAL_SCENES":427,"TILE_SIZE":2.76},"geometry":{"type":"Polygon","coordinates":[[[26.515822398209533,63.95835153648909],[27.106753666064897,63.893913053282446],[26.949406283701567,63.632759171818861],[26.363395521901833,63.696548312366588],[26.515822398209533,63.95835153648909]]]}},
{"type":"Feature","properties":{"Tile_ID":"X0090_Y-002","Tile_X":90,"Tile_Y":-2,"TOTAL_SCENES":422,"TILE_SIZE":2.66},"geometry":{"type":"Polygon","coordinates":[[[27.106753666064897,63.893913053282446],[27.69514847840108,63.827271624858255],[27.53295606695627,63.566786006483994],[26.949406283701567,63.632759171818861],[27.106753666064897,63.893913053282446]]]}},
{"type":"Feature","properties":{"Tile_ID":"X0091_Y-002","Tile_X":91,"Tile_Y":-2,"TOTAL_SCENES":412,"TILE_SIZE":2.94},"geometry":{"type":"Polygon","coordinates":[[[27.69514847840108,63.827271624858255],[28.280942122763953,63.758442633593006],[28.113981578611519,63.498643741291751],[27.53295606695627,63.566786006483994],[27.69514847840108,63.827271624858255]]]}},
{"type":"Feature","properties":{"Tile_ID":"X0092_Y-002","Tile_X":92,"Tile_Y":-2,"TOTAL_SCENES":466,"TILE_SIZE":2.25},"geometry":{"type":"Polygon","coordinates":[[[28.280942122763953,63.758442633593006],[28.864072256264542,63.687441798730106],[28.692421787385598,63.428347631906448],[28.113981578611519,63.498643741291751],[28.280942122763953,63.758442633593006]]]}},
{"type":"Feature","properties":{"Tile_ID":"X0093_Y-002","Tile_X":93,"Tile_Y":-2,"TOTAL_SCENES":423,"TILE_SIZE":2.96},"geometry":{"type":"Polygon","coordinates":[[[28.864072256264542,63.687441798730106],[29.444478923307752,63.614285158892535],[29.268217941961183,63.355913248014588],[28.692421787385598,63.428347631906448],[28.864072256264542,63.687441798730106]]]}},
{"type":"Feature","properties":{"Tile_ID":"X0094_Y-002","Tile_X":94,"Tile_Y":-2,"TOTAL_SCENES":451,"TILE_SIZE":2.43},"geometry":{"type":"Polygon","coordinates":[[[29.444478923307752,63.614285158892535],[30.022104568744883,63.538989054570493],[29.841313584861389,63.281356456577491],[29.268217941961183,63.355913248014588],[29.444478923307752,63.614285158892535]]]}},
{"type":"Feature","properties":{"Tile_ID":"X0095_Y-002","Tile_X":95,"Tile_Y":-2,"TOTAL_SCENES":379,"TILE_SIZE":2.52},"geometry":{"type":"Polygon","coordinates":[[[30.022104568744883,63.538989054570493],[30.596894046559378,63.461570110621253],[30.411654562107778,63.204693405083759],[29.841313584861389,63.281356456577491],[30.022104568744883,63.538989054570493]]]}},
{"type":"Feature","properties":{"Tile_ID":"X0096_Y-002","Tile_X":96,"Tile_Y":-2,"TOTAL_SCENES":378,"TILE_SIZE":2.61},"geometry":{"type":"Polygon","coordinates":[[[30.596894046559378,63.461570110621253],[31.168794624207262,63.38204521881736],[30.979189028768708,63.125940504835917],[30.411654562107778,63.204693405083759],[30.596894046559378,63.461570110621253]]]}},
{"type":"Feature","properties":{"Tile_ID":"X0097_Y-002","Tile_X":97,"Tile_Y":-2,"TOTAL_SCENES":373,"TILE_SIZE":2.0},"geometry":{"type":"Polygon","coordinates":[[[31.168794624207262,63.38204521881736],[31.737755982744286,63.300431520476749],[31.543867450517368,63.045114414303256],[30.979189028768708,63.125940504835917],[31.168794624207262,63.38204521881736]]]}},
{"type":"Feature","properties":{"Tile_ID":"X0068_Y-001","Tile_X":68,"Tile_Y":-1,"TOTAL_SCENES":308,"TILE_SIZE":1.79},"geometry":{"type":"Polygon","coordinates":[[[13.622806229905333,64.509539217807941],[14.242303593006309,64.494309521744242],[14.201916434075542,64.224158057440263],[13.588288455429179,64.239225932344681],[13.622806229905333,64.509539217807941]]]}},
{"type":"Feature","properties":{"Tile_ID":"X0069_Y-001","Tile_X":69,"Tile_Y":-1,"TOTAL_SCENES":307,"TILE_SIZE":2.37},"geometry":{"type":"Polygon","coordinates":[[[14.242303593006309,64.494309521744242],[14.861111689709219,64.476685982787146],[14.81487727736198,64.206721540079073],[14.201916434075542,64.224158057440263],[14.242303593006309,64.494309521744242]]]}},
{"type":"Feature","properties":{"Tile_ID":"X0070_Y-001","Tile_X":70,"Tile_Y":-1,"TOTAL_SCENES":416,"TILE_SIZE":1.93},"geometry":{"type":"Polygon","coordinates":[[[14.861111689709219,64.476685982787146],[15.479131824205005,64.456673187058115],[15.427075414511767,64.186920815690627],[14.81487727736198,64.206721540079073],[14.861111689709219,64.476685982787146]]]}},
{"type":"Feature","properties":{"Tile_ID":"X0071_Y-001","Tile_X":71,"Tile_Y":-1,"TOTAL_SCENES":345,"TILE_SIZE":2.62},"geometry":{"type":"Polygon","coordinates":[[[15.479131824205005,64.456673187058115],[16.096266172020378,64.434276326728266],[16.038416100634333,64.164760906226476],[15.427075414511767,64.186920815690627],[15.479131824205005,64.456673187058115]]]}},
{"type":"Feature","properties":{"Tile_ID":"X0072_Y-001","Tile_X":72,"Tile_Y":-1,"TOTAL_SCENES":364,"TILE_SIZE":2.43},"geometry":{"type":"Polygon","coordinates":[[[16.096266172020378,64.434276326728266],[16.712417883697231,64.409501192775394],[16.648805515149071,64.140247413298027],[16.038416100634333,64.164760906226476],[16.096266172020378,64.434276326728266]]]}},
{"type":"Feature","properties":{"Tile_ID":"X0073_Y-001","Tile_X":73,"Tile_Y":-1,"TOTAL_SCENES":357,"TILE_SIZE":2.42},"geometry":{"type":"Polygon","coordinates":[[[16.712417883697231,64.409501192775394],[17.327491185842547,64.382354166949483],[17.258150857768285,64.113386510562535],[16.648805515149071,64.140247413298027],[16.712417883697231,64.409501192775394]]]}},
{"type":"Feature","properties":{"Tile_ID":"X0074_Y-001","Tile_X":74,"Tile_Y":-1,"TOTAL_SCENES":376,"TILE_SIZE":2.82},"geometry":{"type":"Polygon","coordinates":[[[17.327491185842547,64.382354166949483],[17.941391479298268,64.352842212971339],[17.866360441805682,64.084184935380847],[17.258150857768285,64.113386510562535],[17.327491185842547,64.382354166949483]]]}},
{"type":"Feature","properties":{"Tile_ID":"X0075_Y-001","Tile_X":75,"Tile_Y":-1,"TOTAL_SCENES":500,"TILE_SIZE":2.42},"geometry":{"type":"Polygon","coordinates":[[[17.941391479298268,64.352842212971339],[18.554025434194763,64.320972866992037],[18.473343784589936,64.052649979771985],[17.866360441805682,64.084184935380847],[17.941391479298268,64.352842212971339]]]}},
{"type":"Feature","properties":{"Tile_ID":"X0076_Y-001","Tile_X":76,"Tile_Y":-1,"TOTAL_SCENES":427,"TILE_SIZE":3.3},"geometry":{"type":"Polygon","coordinates":[[[18.554025434194763,64.320972866992037],[19.165301081666762,64.286754227342556],[19.079011694776483,64.018789480692107],[18.473343784589936,64.052649979771985],[18.554025434194763,64.320972866992037]]]}},
{"type":"Feature","properties":{"Tile_ID":"X0077_Y-001","Tile_X":77,"Tile_Y":-1,"TOTAL_SCENES":473,"TILE_SIZE":2.9},"geometry":{"type":"Polygon","coordinates":[[[19.165301081666762,64.286754227342556],[19.775127902026743,64.250194943604512],[19.683276356365511,63.982611809666842],[19.079011694776483,64.018789480692107],[19.165301081666762,64.286754227342556]]]}},
{"type":"Feature","properties":{"Tile_ID":"X0078_Y-001","Tile_X":78,"Tile_Y":-1,"TOTAL_SCENES":478,"TILE_SIZE":3.41},"geometry":{"type":"Polygon","coordinates":[[[19.775127902026743,64.250194943604512],[20.38341690920749,64.211304205035333],[20.286051409249357,63.94412586180735],[19.683276356365511,63.982611809666842],[19.775127902026743,64.250194943604512]]]}},
{"type":"Feature","properties":{"Tile_ID":"X0079_Y-001","Tile_X":79,"Tile_Y":-1,"TOTAL_SCENES":493,"TILE_SIZE":3.62},"geometry":{"type":"Polygon","coordinates":[[[20.38341690920749,64.211304205035333],[20.990080731303031,64.170091728381976],[20.887252026128547,63.903341044242673],[20.286051409249357,63.94412586180735],[20.38341690920749,64.211304205035333]]]}},
{"type":"Feature","properties":{"Tile_ID":"X0080_Y-001","Tile_X":80,"Tile_Y":-1,"TOTAL_SCENES":614,"TILE_SIZE":2.32},"geometry":{"type":"Polygon","coordinates":[[[20.990080731303031,64.170091728381976],[21.595033687055288,64.126567745119061],[21.486794985651922,63.860267264000917],[20.887252026128547,63.903341044242673],[20.990080731303031,64.170091728381976]]]}},
{"type":"Feature","properties":{"Tile_ID":"X0083_Y-001","Tile_X":83,"Tile_Y":-1,"TOTAL_SCENES":534,"TILE_SIZE":3.46},"geometry":{"type":"Polygon","coordinates":[[[22.79947315721807,64.032628677998133],[23.39879739140968,63.982236508558429],[23.274671221577993,63.717418447317499],[22.680583488374129,63.767294866804015],[22.79947315721807,64.032628677998133]]]}},
{"type":"Feature","properties":{"Tile_ID":"X0084_Y-001","Tile_X":84,"Tile_Y":-1,"TOTAL_SCENES":508,"TILE_SIZE":3.34},"geometry":{"type":"Polygon","coordinates":[[[23.39879739140968,63.982236508558429],[23.99608632152141,63.929578632396343],[23.866785795481615,63.665297432561239],[23.274671221577993,63.717418447317499],[23.39879739140968,63.982236508558429]]]}},
{"type":"Feature","properties":{"Tile_ID":"X0085_Y-001","Tile_X":85,"Tile_Y":-1,"TOTAL_SCENES":473,"TILE_SIZE":2.84},"geometry":{"type":"Polygon","coordinates":[[[23.99608632152141,63.929578632396343],[24.591263716557791,63.874667645685911],[24.456852975442025,63.610944030459251],[23.866785795481615,63.665297432561239],[23.99608632152141,63.929578632396343]]]}},
{"type":"Feature","properties":{"Tile_ID":"X0086_Y-001","Tile_X":86,"Tile_Y":-1,"TOTAL_SCENES":467,"TILE_SIZE":3.37},"geometry":{"type":"Polygon","coordinates":[[[24.591263716557791,63.874667645685911],[25.184255403720741,63.817516572795839],[25.04480048635806,63.554370866539344],[24.456852975442025,63.610944030459251],[24.591263716557791,63.874667645685911]]]}},
{"type":"Feature","properties":{"Tile_ID":"X0087_Y-001","Tile_X":87,"Tile_Y":-1,"TOTAL_SCENES":514,"TILE_SIZE":2.53},"geometry":{"type":"Polygon","coordinates":[[[25.184255403720741,63.817516572795839],[25.774989313791686,63.758138850573637],[25.630558056759945,63.495590968962532],[25.04480048635806,63.554370866539344],[25.184255403720741,63.817516572795839]]]}},
{"type":"Feature","properties":{"Tile_ID":"X0088_Y-001","Tile_X":88,"Tile_Y":-1,"TOTAL_SCENES":457,"TILE_SIZE":3.21},"geometry":{"type":"Polygon","coordinates":[[[25.774989313791686,63.758138850573637],[26.363395521901833,63.696548312366588],[26.214057458577649,63.434617753293544],[25.630558056759945,63.495590968962532],[25.774989313791686,63.758138850573637]]]}},
{"type":"Feature","properties":{"Tile_ID":"X0089_Y-001","Tile_X":89,"Tile_Y":-1,"TOTAL_SCENES":449,"TILE_SIZE":2.79},"geometry":{"type":"Polygon","coordinates":[[[26.363395521901833,63.696548312366588],[26.949406283701567,63.632759171818861],[26.795232542593681,63.371465007049437],[26.214057458577649,63.434617753293544],[26.363395521901833,63.696548312366588]]]}},
{"type":"Feature","properties":{"Tile_ID":"X0090_Y-001","Tile_X":90,"Tile_Y":-1,"TOTAL_SCENES":427,"TILE_SIZE":2.79},"geometry":{"type":"Polygon","coordinates":[[[26.949406283701567,63.632759171818861],[27.53295606695627,63.566786006483994],[27.374019269601806,63.30614687406338],[26.795232542593681,63.371465007049437],[26.949406283701567,63.632759171818861]]]}},
{"type":"Feature","properties":{"Tile_ID":"X0091_Y-001","Tile_X":91,"Tile_Y":-1,"TOTAL_SCENES":432,"TILE_SIZE":3.11},"geometry":{"type":"Polygon","coordinates":[[[27.53295606695627,63.566786006483994],[28.113981578611519,63.498643741291751],[27.950355737307294,63.23867783869968],[27.374019269601806,63.30614687406338],[27.53295606695627,63.566786006483994]]]}},
{"type":"Feature","properties":{"Tile_ID":"X0092_Y-001","Tile_X":92,"Tile_Y":-1,"TOTAL_SCENES":451,"TILE_SIZE":2.23},"geometry":{"type":"Polygon","coordinates":[[[28.113981578611519,63.498643741291751],[28.692421787385598,63.428347631906448],[28.524182203018601,63.169072709955742],[27.950355737307294,63.23867783869968],[28.113981578611519,63.498643741291751]]]}},
{"type":"Feature","properties":{"Tile_ID":"X0093_Y-001","Tile_X":93,"Tile_Y":-1,"TOTAL_SCENES":398,"TILE_SIZE":2.99},"geometry":{"type":"Polygon","coordinates":[[[28.692421787385598,63.428347631906448],[29.268217941961183,63.355913248014588],[29.095441102192879,63.09734660548613],[28.524182203018601,63.169072709955742],[28.692421787385598,63.428347631906448]]]}},
{"type":"Feature","properties":{"Tile_ID":"X0094_Y-001","Tile_X":94,"Tile_Y":-1,"TOTAL_SCENES":443,"TILE_SIZE":2.36},"geometry":{"type":"Polygon","coordinates":[[[29.268217941961183,63.355913248014588],[29.841313584861389,63.281356456577491],[29.664077062910959,63.023514935582668],[29.095441102192879,63.09734660548613],[29.268217941961183,63.355913248014588]]]}},
{"type":"Feature","properties":{"Tile_ID":"X0095_Y-001","Tile_X":95,"Tile_Y":-1,"TOTAL_SCENES":399,"TILE_SIZE":2.59},"geometry":{"type":"Polygon","coordinates":[[[29.841313584861389,63.281356456577491],[30.411654562107778,63.204693405083759],[30.23003691636805,62.947593387143478],[29.664077062910959,63.023514935582668],[29.841313584861389,63.281356456577491]]]}},
{"type":"Feature","properties":{"Tile_ID":"X0096_Y-001","Tile_X":96,"Tile_Y":-1,"TOTAL_SCENES":386,"TILE_SIZE":2.62},"geometry":{"type":"Polygon","coordinates":[[[30.411654562107778,63.204693405083759],[30.979189028768708,63.125940504835917],[30.793269703477897,62.869597907663618],[30.23003691636805,62.947593387143478],[30.411654562107778,63.204693405083759]]]}},
{"type":"Feature","properties":{"Tile_ID":"X0097_Y-001","Tile_X":97,"Tile_Y":-1,"TOTAL_SCENES":365,"TILE_SIZE":2.05},"geometry":{"type":"Polygon","coordinates":[[[30.979189028768708,63.125940504835917],[31.543867450517368,63.045114414303256],[31.353726677697043,62.789544689277477],[30.793269703477897,62.869597907663618],[30.979189028768708,63.125940504835917]]]}},
{"type":"Feature","properties":{"Tile_ID":"X0098_Y-001","Tile_X":98,"Tile_Y":-1,"TOTAL_SCENES":369,"TILE_SIZE":2.76},"geometry":{"type":"Polygon","coordinates":[[[31.543867450517368,63.045114414303256],[32.105642601327858,62.962232022572458],[31.911361304185871,62.707450152883155],[31.353726677697043,62.789544689277477],[31.543867450517368,63.045114414303256]]]}},
{"type":"Feature","properties":{"Tile_ID":"X0066_Y0000","Tile_X":66,"Tile_Y":0,"TOTAL_SCENES":298,"TILE_SIZE":2.39},"geometry":{"type":"Polygon","coordinates":[[[12.359416898939235,64.262240981418273],[12.974089637466459,64.251921321973967],[12.946070872981613,63.981525185766671],[12.337176693557959,63.991736208447989],[12.359416898939235,64.262240981418273]]]}},
{"type":"Feature","properties":{"Tile_ID":"X0067_Y0000","Tile_X":67,"Tile_Y":0,"TOTAL_SCENES":293,"TILE_SIZE":1.69},"geometry":{"type":"Polygon","coordinates":[[[12.974089637466459,64.251921321973967],[13.588288455429179,64.239225932344681],[13.554506236583501,63.96896332612998],[12.946070872981613,63.981525185766671],[12.974089637466459,64.251921321973967]]]}},
{"type":"Feature","properties":{"Tile_ID":"X0068_Y0000","Tile_X":68,"Tile_Y":0,"TOTAL_SCENES":284,"TILE_SIZE":2.04},"geometry":{"type":"Polygon","coordinates":[[[13.588288455429179,64.239225932344681],[14.201916434075542,64.224158057440263],[14.162388932089627,63.954053768476321],[13.554506236583501,63.96896332612998],[13.588288455429179,64.239225932344681]]]}},
{"type":"Feature","properties":{"Tile_ID":"X0069_Y0000","Tile_X":69,"Tile_Y":0,"TOTAL_SCENES":304,"TILE_SIZE":2.24},"geometry":{"type":"Polygon","coordinates":[[[14.201916434075542,64.224158057440263],[14.81487727736198,64.206721540079073],[14.769625697627651,63.936800230333326],[14.162388932089627,63.954053768476321],[14.201916434075542,64.224158057440263]]]}},
{"type":"Feature","properties":{"Tile_ID":"X0070_Y0000","Tile_X":70,"Tile_Y":0,"TOTAL_SCENES":420,"TILE_SIZE":2.04},"geometry":{"type":"Polygon","coordinates":[[[14.81487727736198,64.206721540079073],[15.427075414511767,64.186920815690627],[15.376123959048389,63.917207002797916],[14.769625697627651,63.936800230333326],[14.81487727736198,64.206721540079073]]]}},
{"type":"Feature","properties":{"Tile_ID":"X0071_Y0000","Tile_X":71,"Tile_Y":0,"TOTAL_SCENES":373,"TILE_SIZE":2.67},"geometry":{"type":"Polygon","coordinates":[[[15.427075414511767,64.186920815690627],[16.038416100634333,64.164760906226476],[15.981791925446739,63.895278944764861],[15.376123959048389,63.917207002797916],[15.427075414511767,64.186920815690627]]]}},
{"type":"Feature","properties":{"Tile_ID":"X0072_Y0000","Tile_X":72,"Tile_Y":0,"TOTAL_SCENES":413,"TILE_SIZE":2.3},"geometry":{"type":"Polygon","coordinates":[[[16.038416100634333,64.164760906226476],[16.648805515149071,64.140247413298027],[16.586538682643752,63.871021476421838],[15.981791925446739,63.895278944764861],[16.038416100634333,64.164760906226476]]]}},
{"type":"Feature","properties":{"Tile_ID":"X0073_Y0000","Tile_X":73,"Tile_Y":0,"TOTAL_SCENES":417,"TILE_SIZE":2.83},"geometry":{"type":"Polygon","coordinates":[[[16.648805515149071,64.140247413298027],[17.258150857768285,64.113386510562535],[17.190274284401074,63.844440572029981],[16.586538682643752,63.871021476421838],[16.648805515149071,64.140247413298027]]]}},
{"type":"Feature","properties":{"Tile_ID":"X0074_Y0000","Tile_X":74,"Tile_Y":0,"TOTAL_SCENES":411,"TILE_SIZE":2.73},"geometry":{"type":"Polygon","coordinates":[[[17.258150857768285,64.113386510562535],[17.866360441805682,64.084184935380847],[17.792909841150159,63.815542752012455],[17.190274284401074,63.844440572029981],[17.258150857768285,64.113386510562535]]]}},
{"type":"Feature","properties":{"Tile_ID":"X0075_Y0000","Tile_X":75,"Tile_Y":0,"TOTAL_SCENES":464,"TILE_SIZE":2.57},"geometry":{"type":"Polygon","coordinates":[[[17.866360441805682,64.084184935380847],[18.473343784589936,64.052649979771985],[18.394357606030187,63.784335074373928],[17.792909841150159,63.815542752012455],[17.866360441805682,64.084184935380847]]]}},
{"type":"Feature","properties":{"Tile_ID":"X0076_Y0000","Tile_X":76,"Tile_Y":0,"TOTAL_SCENES":461,"TILE_SIZE":3.42},"geometry":{"type":"Polygon","coordinates":[[[18.473343784589936,64.052649979771985],[19.079011694776483,64.018789480692107],[18.99453105804124,63.750825125476922],[18.394357606030187,63.784335074373928],[18.473343784589936,64.052649979771985]]]}},
{"type":"Feature","properties":{"Tile_ID":"X0077_Y0000","Tile_X":77,"Tile_Y":0,"TOTAL_SCENES":544,"TILE_SIZE":2.8},"geometry":{"type":"Polygon","coordinates":[[[19.079011694776483,64.018789480692107],[19.683276356365511,63.982611809666842],[19.593344982132876,63.715021010201603],[18.99453105804124,63.750825125476922],[19.079011694776483,64.018789480692107]]]}},
{"type":"Feature","properties":{"Tile_ID":"X0078_Y0000","Tile_X":78,"Tile_Y":0,"TOTAL_SCENES":516,"TILE_SIZE":3.76},"geometry":{"type":"Polygon","coordinates":[[[19.683276356365511,63.982611809666842],[20.286051409249357,63.94412586180735],[20.190715546061909,63.676931341517474],[19.593344982132876,63.715021010201603],[19.683276356365511,63.982611809666842]]]}},
{"type":"Feature","properties":{"Tile_ID":"X0079_Y0000","Tile_X":79,"Tile_Y":0,"TOTAL_SCENES":547,"TILE_SIZE":3.36},"geometry":{"type":"Polygon","coordinates":[[[20.286051409249357,63.94412586180735],[20.887252026128547,63.903341044242673],[20.78656037386796,63.636565229497471],[20.190715546061909,63.676931341517474],[20.286051409249357,63.94412586180735]]]}},
{"type":"Feature","properties":{"Tile_ID":"X0080_Y0000","Tile_X":80,"Tile_Y":0,"TOTAL_SCENES":560,"TILE_SIZE":2.57},"geometry":{"type":"Polygon","coordinates":[[[20.887252026128547,63.903341044242673],[21.486794985651922,63.860267264000917],[21.380798615830361,63.593932269804419],[20.78656037386796,63.636565229497471],[20.887252026128547,63.903341044242673]]]}},
{"type":"Feature","properties":{"Tile_ID":"X0082_Y0000","Tile_X":82,"Tile_Y":0,"TOTAL_SCENES":623,"TILE_SIZE":2.37},"geometry":{"type":"Polygon","coordinates":[[[22.08459874165333,63.814914915374494],[22.680583488374129,63.767294866804015],[22.564139968696541,63.501906545488445],[21.973351014785138,63.549042531682851],[22.08459874165333,63.814914915374494]]]}},
{"type":"Feature","properties":{"Tile_ID":"X0083_Y0000","Tile_X":83,"Tile_Y":0,"TOTAL_SCENES":538,"TILE_SIZE":3.84},"geometry":{"type":"Polygon","coordinates":[[[22.680583488374129,63.767294866804015],[23.274671221577993,63.717418447317499],[23.153089589393268,63.452535289789544],[22.564139968696541,63.501906545488445],[22.680583488374129,63.767294866804015]]]}},
{"type":"Feature","properties":{"Tile_ID":"X0084_Y0000","Tile_X":84,"Tile_Y":0,"TOTAL_SCENES":507,"TILE_SIZE":3.08},"geometry":{"type":"Polygon","coordinates":[[[23.274671221577993,63.717418447317499],[23.866785795481615,63.665297432561239],[23.740125757395166,63.400940178074066],[23.153089589393268,63.452535289789544],[23.274671221577993,63.717418447317499]]]}},
{"type":"Feature","properties":{"Tile_ID":"X0085_Y0000","Tile_X":85,"Tile_Y":0,"TOTAL_SCENES":468,"TILE_SIZE":2.96},"geometry":{"type":"Polygon","coordinates":[[[23.866785795481615,63.665297432561239],[24.456852975442025,63.610944030459251],[24.325176172772039,63.347133045097394],[23.740125757395166,63.400940178074066],[23.866785795481615,63.665297432561239]]]}},
{"type":"Feature","properties":{"Tile_ID":"X0086_Y0000","Tile_X":86,"Tile_Y":0,"TOTAL_SCENES":460,"TILE_SIZE":3.17},"geometry":{"type":"Polygon","coordinates":[[[24.456852975442025,63.610944030459251],[25.04480048635806,63.554370866539344],[24.90817040199159,63.291126132905575],[24.325176172772039,63.347133045097394],[24.456852975442025,63.610944030459251]]]}},
{"type":"Feature","properties":{"Tile_ID":"X0087_Y0000","Tile_X":87,"Tile_Y":0,"TOTAL_SCENES":512,"TILE_SIZE":2.43},"geometry":{"type":"Polygon","coordinates":[[[25.04480048635806,63.554370866539344],[25.630558056759945,63.495590968962532],[25.489039920728843,63.232932076569334],[24.90817040199159,63.291126132905575],[25.04480048635806,63.554370866539344]]]}},
{"type":"Feature","properties":{"Tile_ID":"X0088_Y0000","Tile_X":88,"Tile_Y":0,"TOTAL_SCENES":454,"TILE_SIZE":3.27},"geometry":{"type":"Polygon","coordinates":[[[25.630558056759945,63.495590968962532],[26.214057458577649,63.434617753293544],[26.067718152624423,63.172563889663635],[25.489039920728843,63.232932076569334],[25.630558056759945,63.495590968962532]]]}},
{"type":"Feature","properties":{"Tile_ID":"X0089_Y0000","Tile_X":89,"Tile_Y":0,"TOTAL_SCENES":470,"TILE_SIZE":2.56},"geometry":{"type":"Polygon","coordinates":[[[26.214057458577649,63.434617753293544],[26.795232542593681,63.371465007049437],[26.644140503993498,63.110034949528021],[26.067718152624423,63.172563889663635],[26.214057458577649,63.434617753293544]]]}},
{"type":"Feature","properties":{"Tile_ID":"X0090_Y0000","Tile_X":90,"Tile_Y":0,"TOTAL_SCENES":423,"TILE_SIZE":2.78},"geometry":{"type":"Polygon","coordinates":[[[26.795232542593681,63.371465007049437],[27.374019269601806,63.30614687406338],[27.218244394501344,63.045358982341973],[26.644140503993498,63.110034949528021],[26.795232542593681,63.371465007049437]]]}},
{"type":"Feature","properties":{"Tile_ID":"X0091_Y0000","Tile_X":91,"Tile_Y":0,"TOTAL_SCENES":422,"TILE_SIZE":2.94},"geometry":{"type":"Polygon","coordinates":[[[27.374019269601806,63.30614687406338],[27.950355737307294,63.23867783869968],[27.78996928383501,62.97855004804974],[27.218244394501344,63.045358982341973],[27.374019269601806,63.30614687406338]]]}},
{"type":"Feature","properties":{"Tile_ID":"X0092_Y0000","Tile_X":92,"Tile_Y":0,"TOTAL_SCENES":391,"TILE_SIZE":2.21},"geometry":{"type":"Polygon","coordinates":[[[27.950355737307294,63.23867783869968],[28.524182203018601,63.169072709955742],[28.359256694413475,62.909622525168338],[27.78996928383501,62.97855004804974],[27.950355737307294,63.23867783869968]]]}},
{"type":"Feature","properties":{"Tile_ID":"X0093_Y0000","Tile_X":93,"Tile_Y":0,"TOTAL_SCENES":412,"TILE_SIZE":3.13},"geometry":{"type":"Polygon","coordinates":[[[28.524182203018601,63.169072709955742],[29.095441102192879,63.09734660548613],[28.926050230190871,62.838591095511205],[28.359256694413475,62.909622525168338],[28.524182203018601,63.169072709955742]]]}},
{"type":"Feature","properties":{"Tile_ID":"X0094_Y0000","Tile_X":94,"Tile_Y":0,"TOTAL_SCENES":417,"TILE_SIZE":2.35},"geometry":{"type":"Polygon","coordinates":[[[29.095441102192879,63.09734660548613],[29.664077062910959,63.023514935582668],[29.490295591619137,62.765470728860407],[28.926050230190871,62.838591095511205],[29.095441102192879,63.09734660548613]]]}},
{"type":"Feature","properties":{"Tile_ID":"X0095_Y0000","Tile_X":95,"Tile_Y":0,"TOTAL_SCENES":404,"TILE_SIZE":2.69},"geometry":{"type":"Polygon","coordinates":[[[29.664077062910959,63.023514935582668],[30.23003691636805,62.947593387143478],[30.05194058684695,62.690276667618086],[29.490295591619137,62.765470728860407],[29.664077062910959,63.023514935582668]]]}},
{"type":"Feature","properties":{"Tile_ID":"X0096_Y0000","Tile_X":96,"Tile_Y":0,"TOTAL_SCENES":381,"TILE_SIZE":2.61},"geometry":{"type":"Polygon","coordinates":[[[30.23003691636805,62.947593387143478],[30.793269703477897,62.869597907663618],[30.610935139242223,62.61302441146811],[30.05194058684695,62.690276667618086],[30.23003691636805,62.947593387143478]]]}},
{"type":"Feature","properties":{"Tile_ID":"X0097_Y0000","Tile_X":97,"Tile_Y":0,"TOTAL_SCENES":385,"TILE_SIZE":2.09},"geometry":{"type":"Polygon","coordinates":[[[30.793269703477897,62.869597907663618],[31.353726677697043,62.789544689277477],[31.167231291334389,62.533729702076613],[30.610935139242223,62.61302441146811],[30.793269703477897,62.869597907663618]]]}},
{"type":"Feature","properties":{"Tile_ID":"X0098_Y0000","Tile_X":98,"Tile_Y":0,"TOTAL_SCENES":389,"TILE_SIZE":2.82},"geometry":{"type":"Polygon","coordinates":[[[31.353726677697043,62.789544689277477],[31.911361304185871,62.707450152883155],[31.720783205281297,62.452408507860362],[31.167231291334389,62.533729702076613],[31.353726677697043,62.789544689277477]]]}},
{"type":"Feature","properties":{"Tile_ID":"X0066_Y0001","Tile_X":66,"Tile_Y":1,"TOTAL_SCENES":319,"TILE_SIZE":2.42},"geometry":{"type":"Polygon","coordinates":[[[12.337176693557959,63.991736208447989],[12.946070872981613,63.981525185766671],[12.918643623802966,63.711181262481247],[12.315406366201151,63.721285983760062],[12.337176693557959,63.991736208447989]]]}},
{"type":"Feature","properties":{"Tile_ID":"X0067_Y0001","Tile_X":67,"Tile_Y":1,"TOTAL_SCENES":417,"TILE_SIZE":1.67},"geometry":{"type":"Polygon","coordinates":[[[12.946070872981613,63.981525185766671],[13.554506236583501,63.96896332612998],[13.521436542901228,63.698750065882344],[12.918643623802966,63.711181262481247],[12.946070872981613,63.981525185766671]]]}},
{"type":"Feature","properties":{"Tile_ID":"X0068_Y0001","Tile_X":68,"Tile_Y":1,"TOTAL_SCENES":337,"TILE_SIZE":2.47},"geometry":{"type":"Polygon","coordinates":[[[13.554506236583501,63.96896332612998],[14.162388932089627,63.954053768476321],[14.123694211495289,63.683995431377809],[13.521436542901228,63.698750065882344],[13.554506236583501,63.96896332612998]]]}},
{"type":"Feature","properties":{"Tile_ID":"X0069_Y0001","Tile_X":69,"Tile_Y":1,"TOTAL_SCENES":357,"TILE_SIZE":2.2},"geometry":{"type":"Polygon","coordinates":[[[14.162388932089627,63.954053768476321],[14.769625697627651,63.936800230333326],[14.725326277666317,63.666920956451982],[14.123694211495289,63.683995431377809],[14.162388932089627,63.954053768476321]]]}},
{"type":"Feature","properties":{"Tile_ID":"X0070_Y0001","Tile_X":70,"Tile_Y":1,"TOTAL_SCENES":408,"TILE_SIZE":2.47},"geometry":{"type":"Polygon","coordinates":[[[14.769625697627651,63.936800230333326],[15.376123959048389,63.917207002797916],[15.326243041977808,63.647530793899172],[14.725326277666317,63.666920956451982],[14.769625697627651,63.936800230333326]]]}},
{"type":"Feature","properties":{"Tile_ID":"X0071_Y0001","Tile_X":71,"Tile_Y":1,"TOTAL_SCENES":398,"TILE_SIZE":2.86},"geometry":{"type":"Polygon","coordinates":[[[15.376123959048389,63.917207002797916],[15.981791925446739,63.895278944764861],[15.926355548203144,63.62582964635066],[15.326243041977808,63.647530793899172],[15.376123959048389,63.917207002797916]]]}},
{"type":"Feature","properties":{"Tile_ID":"X0072_Y0001","Tile_X":72,"Tile_Y":1,"TOTAL_SCENES":522,"TILE_SIZE":2.36},"geometry":{"type":"Polygon","coordinates":[[[15.981791925446739,63.895278944764861],[16.586538682643752,63.871021476421838],[16.52557567215819,63.601822760104724],[15.926355548203144,63.62582964635066],[15.981791925446739,63.895278944764861]]]}},
{"type":"Feature","properties":{"Tile_ID":"X0073_Y0001","Tile_X":73,"Tile_Y":1,"TOTAL_SCENES":458,"TILE_SIZE":3.26},"geometry":{"type":"Polygon","coordinates":[[[16.586538682643752,63.871021476421838],[17.190274284401074,63.844440572029981],[17.12381620842579,63.575515918277894],[16.52557567215819,63.601822760104724],[16.586538682643752,63.871021476421838]]]}},
{"type":"Feature","properties":{"Tile_ID":"X0074_Y0001","Tile_X":74,"Tile_Y":1,"TOTAL_SCENES":466,"TILE_SIZE":2.76},"geometry":{"type":"Polygon","coordinates":[[[17.190274284401074,63.844440572029981],[17.792909841150159,63.815542752012455],[17.720990954769054,63.54691543329794],[17.12381620842579,63.575515918277894],[17.190274284401074,63.844440572029981]]]}},
{"type":"Feature","properties":{"Tile_ID":"X0075_Y0001","Tile_X":75,"Tile_Y":1,"TOTAL_SCENES":498,"TILE_SIZE":3.07},"geometry":{"type":"Polygon","coordinates":[[[17.792909841150159,63.815542752012455],[18.394357606030187,63.784335074373928],[18.317014794040855,63.516028138760412],[17.720990954769054,63.54691543329794],[17.792909841150159,63.815542752012455]]]}},
{"type":"Feature","properties":{"Tile_ID":"X0076_Y0001","Tile_X":76,"Tile_Y":1,"TOTAL_SCENES":501,"TILE_SIZE":3.62},"geometry":{"type":"Polygon","coordinates":[[[18.394357606030187,63.784335074373928],[18.99453105804124,63.750825125476922],[18.911803773408668,63.482861380672155],[18.317014794040855,63.516028138760412],[18.394357606030187,63.784335074373928]]]}},
{"type":"Feature","properties":{"Tile_ID":"X0077_Y0001","Tile_X":77,"Tile_Y":1,"TOTAL_SCENES":655,"TILE_SIZE":3.0},"geometry":{"type":"Polygon","coordinates":[[[18.99453105804124,63.750825125476922],[19.593344982132876,63.715021010201603],[19.505275180725867,63.447423008107066],[18.911803773408668,63.482861380672155],[18.99453105804124,63.750825125476922]]]}},
{"type":"Feature","properties":{"Tile_ID":"X0078_Y0001","Tile_X":78,"Tile_Y":1,"TOTAL_SCENES":592,"TILE_SIZE":3.63},"geometry":{"type":"Polygon","coordinates":[[[19.593344982132876,63.715021010201603],[20.190715546061909,63.676931341517474],[20.097347617893561,63.409721363300783],[19.505275180725867,63.447423008107066],[19.593344982132876,63.715021010201603]]]}},
{"type":"Feature","properties":{"Tile_ID":"X0079_Y0001","Tile_X":79,"Tile_Y":1,"TOTAL_SCENES":602,"TILE_SIZE":2.54},"geometry":{"type":"Polygon","coordinates":[[[20.190715546061909,63.676931341517474],[20.78656037386796,63.636565229497471],[20.68794107107016,63.369765271211826],[20.097347617893561,63.409721363300783],[20.190715546061909,63.676931341517474]]]}},
{"type":"Feature","properties":{"Tile_ID":"X0080_Y0001","Tile_X":80,"Tile_Y":1,"TOTAL_SCENES":578,"TILE_SIZE":2.78},"geometry":{"type":"Polygon","coordinates":[[[20.78656037386796,63.636565229497471],[21.380798615830361,63.593932269804419],[21.276976977599812,63.327564028578053],[20.68794107107016,63.369765271211826],[20.78656037386796,63.636565229497471]]]}},
{"type":"Feature","properties":{"Tile_ID":"X0081_Y0001","Tile_X":81,"Tile_Y":1,"TOTAL_SCENES":576,"TILE_SIZE":3.02},"geometry":{"type":"Polygon","coordinates":[[[21.380798615830361,63.593932269804419],[21.973351014785138,63.549042531682851],[21.864378289544554,63.28312739249872],[21.276976977599812,63.327564028578053],[21.380798615830361,63.593932269804419]]]}},
{"type":"Feature","properties":{"Tile_ID":"X0082_Y0001","Tile_X":82,"Tile_Y":1,"TOTAL_SCENES":594,"TILE_SIZE":2.77},"geometry":{"type":"Polygon","coordinates":[[[21.973351014785138,63.549042531682851],[22.564139968696541,63.501906545488445],[22.450069533719766,63.236465568572626],[21.864378289544554,63.28312739249872],[21.973351014785138,63.549042531682851]]]}},
{"type":"Feature","properties":{"Tile_ID":"X0083_Y0001","Tile_X":83,"Tile_Y":1,"TOTAL_SCENES":505,"TILE_SIZE":3.7},"geometry":{"type":"Polygon","coordinates":[[[22.564139968696541,63.501906545488445],[23.153089589393268,63.452535289789544],[23.033976868146343,63.187589198623776],[22.450069533719766,63.236465568572626],[22.564139968696541,63.501906545488445]]]}},
{"type":"Feature","properties":{"Tile_ID":"X0084_Y0001","Tile_X":84,"Tile_Y":1,"TOTAL_SCENES":508,"TILE_SIZE":2.78},"geometry":{"type":"Polygon","coordinates":[[[23.153089589393268,63.452535289789544],[23.740125757395166,63.400940178074066],[23.616028134848044,63.136509348046793],[23.033976868146343,63.187589198623776],[23.153089589393268,63.452535289789544]]]}},
{"type":"Feature","properties":{"Tile_ID":"X0085_Y0001","Tile_X":85,"Tile_Y":1,"TOTAL_SCENES":443,"TILE_SIZE":2.95},"geometry":{"type":"Polygon","coordinates":[[[23.740125757395166,63.400940178074066],[24.325176172772039,63.347133045097394],[24.19615290893649,63.083237492804464],[23.616028134848044,63.136509348046793],[23.740125757395166,63.400940178074066]]]}},
{"type":"Feature","properties":{"Tile_ID":"X0086_Y0001","Tile_X":86,"Tile_Y":1,"TOTAL_SCENES":429,"TILE_SIZE":2.93},"geometry":{"type":"Polygon","coordinates":[[[24.325176172772039,63.347133045097394],[24.90817040199159,63.291126132905575],[24.774282543940721,63.027785506110042],[24.19615290893649,63.083237492804464],[24.325176172772039,63.347133045097394]]]}},
{"type":"Feature","properties":{"Tile_ID":"X0087_Y0001","Tile_X":87,"Tile_Y":1,"TOTAL_SCENES":433,"TILE_SIZE":2.34},"geometry":{"type":"Polygon","coordinates":[[[24.90817040199159,63.291126132905575],[25.489039920728843,63.232932076569334],[25.350350213352471,62.970165644827318],[24.774282543940721,63.027785506110042],[24.90817040199159,63.291126132905575]]]}},
{"type":"Feature","properties":{"Tile_ID":"X0088_Y0001","Tile_X":88,"Tile_Y":1,"TOTAL_SCENES":446,"TILE_SIZE":3.19},"geometry":{"type":"Polygon","coordinates":[[[25.489039920728843,63.232932076569334],[26.067718152624423,63.172563889663635],[25.924290948371784,62.91039053562146],[25.350350213352471,62.970165644827318],[25.489039920728843,63.232932076569334]]]}},
{"type":"Feature","properties":{"Tile_ID":"X0089_Y0001","Tile_X":89,"Tile_Y":1,"TOTAL_SCENES":454,"TILE_SIZE":2.46},"geometry":{"type":"Polygon","coordinates":[[[26.067718152624423,63.172563889663635],[26.644140503993498,63.110034949528021],[26.496041671851511,62.848473160893043],[25.924290948371784,62.91039053562146],[26.067718152624423,63.172563889663635]]]}},
{"type":"Feature","properties":{"Tile_ID":"X0090_Y0001","Tile_X":90,"Tile_Y":1,"TOTAL_SCENES":431,"TILE_SIZE":2.89},"geometry":{"type":"Polygon","coordinates":[[[26.644140503993498,63.110034949528021],[27.218244394501344,63.045358982341973],[27.065541228451888,62.784426844528326],[26.496041671851511,62.848473160893043],[26.644140503993498,63.110034949528021]]]}},
{"type":"Feature","properties":{"Tile_ID":"X0091_Y0001","Tile_X":91,"Tile_Y":1,"TOTAL_SCENES":426,"TILE_SIZE":2.87},"geometry":{"type":"Polygon","coordinates":[[[27.218244394501344,63.045358982341973],[27.78996928383501,62.97855004804974],[27.632730411029058,62.718265237497377],[27.065541228451888,62.784426844528326],[27.218244394501344,63.045358982341973]]]}},
{"type":"Feature","properties":{"Tile_ID":"X0092_Y0001","Tile_X":92,"Tile_Y":1,"TOTAL_SCENES":409,"TILE_SIZE":2.29},"geometry":{"type":"Polygon","coordinates":[[[27.78996928383501,62.97855004804974],[28.359256694413475,62.909622525168338],[28.197551983293771,62.650002303332229],[27.632730411029058,62.718265237497377],[27.78996928383501,62.97855004804974]]]}},
{"type":"Feature","properties":{"Tile_ID":"X0093_Y0001","Tile_X":93,"Tile_Y":1,"TOTAL_SCENES":433,"TILE_SIZE":3.18},"geometry":{"type":"Polygon","coordinates":[[[28.359256694413475,62.909622525168338],[28.926050230190871,62.838591095511205],[28.759950698787307,62.579652303515914],[28.197551983293771,62.650002303332229],[28.359256694413475,62.909622525168338]]]}},
{"type":"Feature","properties":{"Tile_ID":"X0094_Y0001","Tile_X":94,"Tile_Y":1,"TOTAL_SCENES":427,"TILE_SIZE":2.33},"geometry":{"type":"Polygon","coordinates":[[[28.926050230190871,62.838591095511205],[29.490295591619137,62.765470728860407],[29.319873316233075,62.507229782812942],[28.759950698787307,62.579652303515914],[28.926050230190871,62.838591095511205]]]}},
{"type":"Feature","properties":{"Tile_ID":"X0095_Y0001","Tile_X":95,"Tile_Y":1,"TOTAL_SCENES":432,"TILE_SIZE":2.71},"geometry":{"type":"Polygon","coordinates":[[[29.490295591619137,62.765470728860407],[30.05194058684695,62.690276667618086],[29.877268611332308,62.432749554570613],[29.319873316233075,62.507229782812942],[29.490295591619137,62.765470728860407]]]}},
{"type":"Feature","properties":{"Tile_ID":"X0096_Y0001","Tile_X":96,"Tile_Y":1,"TOTAL_SCENES":414,"TILE_SIZE":2.69},"geometry":{"type":"Polygon","coordinates":[[[30.05194058684695,62.690276667618086],[30.610935139242223,62.61302441146811],[30.432087385081438,62.356226686020499],[29.877268611332308,62.432749554570613],[30.05194058684695,62.690276667618086]]]}},
{"type":"Feature","properties":{"Tile_ID":"X0097_Y0001","Tile_X":97,"Tile_Y":1,"TOTAL_SCENES":399,"TILE_SIZE":2.08},"geometry":{"type":"Polygon","coordinates":[[[30.610935139242223,62.61302441146811],[31.167231291334389,62.533729702076613],[30.984282468698108,62.277676483607245],[30.432087385081438,62.356226686020499],[30.610935139242223,62.61302441146811]]]}},
{"type":"Feature","properties":{"Tile_ID":"X0098_Y0001","Tile_X":98,"Tile_Y":1,"TOTAL_SCENES":409,"TILE_SIZE":2.93},"geometry":{"type":"Polygon","coordinates":[[[31.167231291334389,62.533729702076613],[31.720783205281297,62.452408507860362],[31.533808725250076,62.197114478372178],[30.984282468698108,62.277676483607245],[31.167231291334389,62.533729702076613]]]}},
{"type":"Feature","properties":{"Tile_ID":"X0065_Y0002","Tile_X":65,"Tile_Y":2,"TOTAL_SCENES":374,"TILE_SIZE":2.61},"geometry":{"type":"Polygon","coordinates":[[[11.711816148334771,63.729061756406402],[12.315406366201151,63.721285983760062],[12.294091325213456,63.450888804060085],[11.69605118852602,63.458584463740884],[11.711816148334771,63.729061756406402]]]}},
{"type":"Feature","properties":{"Tile_ID":"X0066_Y0002","Tile_X":66,"Tile_Y":2,"TOTAL_SCENES":343,"TILE_SIZE":2.26},"geometry":{"type":"Polygon","coordinates":[[[12.315406366201151,63.721285983760062],[12.918643623802966,63.711181262481247],[12.891789539511191,63.440888121526534],[12.294091325213456,63.450888804060085],[12.315406366201151,63.721285983760062]]]}},
{"type":"Feature","properties":{"Tile_ID":"X0067_Y0002","Tile_X":67,"Tile_Y":2,"TOTAL_SCENES":365,"TILE_SIZE":2.03},"geometry":{"type":"Polygon","coordinates":[[[12.918643623802966,63.711181262481247],[13.521436542901228,63.698750065882344],[13.489057297400986,63.428584810114465],[12.891789539511191,63.440888121526534],[12.918643623802966,63.711181262481247]]]}},
{"type":"Feature","properties":{"Tile_ID":"X0068_Y0002","Tile_X":68,"Tile_Y":2,"TOTAL_SCENES":386,"TILE_SIZE":2.67},"geometry":{"type":"Polygon","coordinates":[[[13.521436542901228,63.698750065882344],[14.123694211495289,63.683995431377809],[14.085806507357264,63.413981809932707],[13.489057297400986,63.428584810114465],[13.521436542901228,63.698750065882344]]]}},
{"type":"Feature","properties":{"Tile_ID":"X0069_Y0002","Tile_X":69,"Tile_Y":2,"TOTAL_SCENES":414,"TILE_SIZE":2.28},"geometry":{"type":"Polygon","coordinates":[[[14.123694211495289,63.683995431377809],[14.725326277666317,63.666920956451982],[14.681949609462324,63.397082603399795],[14.085806507357264,63.413981809932707],[14.123694211495289,63.683995431377809]]]}},
{"type":"Feature","properties":{"Tile_ID":"X0070_Y0002","Tile_X":70,"Tile_Y":2,"TOTAL_SCENES":418,"TILE_SIZE":2.8},"geometry":{"type":"Polygon","coordinates":[[[14.725326277666317,63.666920956451982],[15.326243041977808,63.647530793899172],[15.27739966318013,63.37789121072845],[14.681949609462324,63.397082603399795],[14.725326277666317,63.666920956451982]]]}},
{"type":"Feature","properties":{"Tile_ID":"X0071_Y0002","Tile_X":71,"Tile_Y":2,"TOTAL_SCENES":456,"TILE_SIZE":2.82},"geometry":{"type":"Polygon","coordinates":[[[15.326243041977808,63.647530793899172],[15.926355548203144,63.62582964635066],[15.872070433574461,63.35641218473252],[15.27739966318013,63.37789121072845],[15.326243041977808,63.647530793899172]]]}},
{"type":"Feature","properties":{"Tile_ID":"X0072_Y0002","Tile_X":72,"Tile_Y":2,"TOTAL_SCENES":473,"TILE_SIZE":2.74},"geometry":{"type":"Polygon","coordinates":[[[15.926355548203144,63.62582964635066],[16.52557567215819,63.601822760104724],[16.46587647576461,63.332650604971739],[15.872070433574461,63.35641218473252],[15.926355548203144,63.62582964635066]]]}},
{"type":"Feature","properties":{"Tile_ID":"X0073_Y0002","Tile_X":73,"Tile_Y":2,"TOTAL_SCENES":475,"TILE_SIZE":3.42},"geometry":{"type":"Polygon","coordinates":[[[16.52557567215819,63.601822760104724],[17.12381620842579,63.575515918277894],[17.05873321741981,63.306612071251237],[16.46587647576461,63.332650604971739],[16.52557567215819,63.601822760104724]]]}},
{"type":"Feature","properties":{"Tile_ID":"X0074_Y0002","Tile_X":74,"Tile_Y":2,"TOTAL_SCENES":514,"TILE_SIZE":2.63},"geometry":{"type":"Polygon","coordinates":[[[17.12381620842579,63.575515918277894],[17.720990954769054,63.54691543329794],[17.650557039102761,63.278302696494798],[17.05873321741981,63.306612071251237],[17.12381620842579,63.575515918277894]]]}},
{"type":"Feature","properties":{"Tile_ID":"X0075_Y0002","Tile_X":75,"Tile_Y":2,"TOTAL_SCENES":511,"TILE_SIZE":3.5},"geometry":{"type":"Polygon","coordinates":[[[17.720990954769054,63.54691543329794],[18.317014794040855,63.516028138760412],[18.241265352282181,63.247729099011814],[17.650557039102761,63.278302696494798],[17.720990954769054,63.54691543329794]]]}},
{"type":"Feature","properties":{"Tile_ID":"X0076_Y0002","Tile_X":76,"Tile_Y":2,"TOTAL_SCENES":553,"TILE_SIZE":3.63},"geometry":{"type":"Polygon","coordinates":[[[18.317014794040855,63.516028138760412],[18.911803773408668,63.482861380672155],[18.83077667484509,63.214898394180508],[18.241265352282181,63.247729099011814],[18.317014794040855,63.516028138760412]]]}},
{"type":"Feature","properties":{"Tile_ID":"X0077_Y0002","Tile_X":77,"Tile_Y":2,"TOTAL_SCENES":551,"TILE_SIZE":2.84},"geometry":{"type":"Polygon","coordinates":[[[18.911803773408668,63.482861380672155],[19.505275180725867,63.447423008107066],[19.419010703950374,63.179818185570348],[18.83077667484509,63.214898394180508],[18.911803773408668,63.482861380672155]]]}},
{"type":"Feature","properties":{"Tile_ID":"X0078_Y0002","Tile_X":78,"Tile_Y":2,"TOTAL_SCENES":581,"TILE_SIZE":3.04},"geometry":{"type":"Polygon","coordinates":[[[19.505275180725867,63.447423008107066],[20.097347617893561,63.409721363300783],[20.005888386077064,63.142496555528496],[19.419010703950374,63.179818185570348],[19.505275180725867,63.447423008107066]]]}},
{"type":"Feature","properties":{"Tile_ID":"X0080_Y0002","Tile_X":80,"Tile_Y":2,"TOTAL_SCENES":557,"TILE_SIZE":2.9},"geometry":{"type":"Polygon","coordinates":[[[20.68794107107016,63.369765271211826],[21.276976977599812,63.327564028578053],[21.175265141501079,63.061163694403227],[20.591331984132889,63.102942055256413],[20.68794107107016,63.369765271211826]]]}},
{"type":"Feature","properties":{"Tile_ID":"X0081_Y0002","Tile_X":81,"Tile_Y":2,"TOTAL_SCENES":551,"TILE_SIZE":3.36},"geometry":{"type":"Polygon","coordinates":[[[21.276976977599812,63.327564028578053],[21.864378289544554,63.28312739249872],[21.757612942916488,63.017170930204188],[21.175265141501079,63.061163694403227],[21.276976977599812,63.327564028578053]]]}},
{"type":"Feature","properties":{"Tile_ID":"X0082_Y0002","Tile_X":82,"Tile_Y":2,"TOTAL_SCENES":505,"TILE_SIZE":3.0},"geometry":{"type":"Polygon","coordinates":[[[21.864378289544554,63.28312739249872],[22.450069533719766,63.236465568572626],[22.338301972075012,62.970973656192434],[21.757612942916488,63.017170930204188],[21.864378289544554,63.28312739249872]]]}},
{"type":"Feature","properties":{"Tile_ID":"X0083_Y0002","Tile_X":83,"Tile_Y":2,"TOTAL_SCENES":480,"TILE_SIZE":3.61},"geometry":{"type":"Polygon","coordinates":[[[22.450069533719766,63.236465568572626],[23.033976868146343,63.187589198623776],[22.917260365893565,62.922582190514063],[22.338301972075012,62.970973656192434],[22.450069533719766,63.236465568572626]]]}},
{"type":"Feature","properties":{"Tile_ID":"X0084_Y0002","Tile_X":84,"Tile_Y":2,"TOTAL_SCENES":493,"TILE_SIZE":2.61},"geometry":{"type":"Polygon","coordinates":[[[23.033976868146343,63.187589198623776],[23.616028134848044,63.136509348046793],[23.494417865351213,62.872007263876164],[22.917260365893565,62.922582190514063],[23.033976868146343,63.187589198623776]]]}},
{"type":"Feature","properties":{"Tile_ID":"X0085_Y0002","Tile_X":85,"Tile_Y":2,"TOTAL_SCENES":423,"TILE_SIZE":2.99},"geometry":{"type":"Polygon","coordinates":[[[23.616028134848044,63.136509348046793],[24.19615290893649,63.083237492804464],[24.069705862855326,62.819260007158],[23.494417865351213,62.872007263876164],[23.616028134848044,63.136509348046793]]]}},
{"type":"Feature","properties":{"Tile_ID":"X0086_Y0002","Tile_X":86,"Tile_Y":2,"TOTAL_SCENES":421,"TILE_SIZE":2.74},"geometry":{"type":"Polygon","coordinates":[[[24.19615290893649,63.083237492804464],[24.774282543940721,63.027785506110042],[24.643057446089692,62.764351938716523],[24.069705862855326,62.819260007158],[24.19615290893649,63.083237492804464]]]}},
{"type":"Feature","properties":{"Tile_ID":"X0087_Y0002","Tile_X":87,"Tile_Y":2,"TOTAL_SCENES":426,"TILE_SIZE":2.57},"geometry":{"type":"Polygon","coordinates":[[[24.774282543940721,63.027785506110042],[25.350350213352471,62.970165644827318],[25.214407438314748,62.707294951416721],[24.643057446089692,62.764351938716523],[24.774282543940721,63.027785506110042]]]}},
{"type":"Feature","properties":{"Tile_ID":"X0088_Y0002","Tile_X":88,"Tile_Y":2,"TOTAL_SCENES":427,"TILE_SIZE":3.18},"geometry":{"type":"Polygon","coordinates":[[[25.350350213352471,62.970165644827318],[25.924290948371784,62.91039053562146],[25.783692435102648,62.648101299417554],[25.214407438314748,62.707294951416721],[25.350350213352471,62.970165644827318]]]}},
{"type":"Feature","properties":{"Tile_ID":"X0089_Y0002","Tile_X":89,"Tile_Y":2,"TOTAL_SCENES":435,"TILE_SIZE":2.31},"geometry":{"type":"Polygon","coordinates":[[[25.924290948371784,62.91039053562146],[26.496041671851511,62.848473160893043],[26.350850837502513,62.586783584744751],[25.783692435102648,62.648101299417554],[25.924290948371784,62.91039053562146]]]}},
{"type":"Feature","properties":{"Tile_ID":"X0090_Y0002","Tile_X":90,"Tile_Y":2,"TOTAL_SCENES":443,"TILE_SIZE":2.95},"geometry":{"type":"Polygon","coordinates":[[[26.496041671851511,62.848473160893043],[27.065541228451888,62.784426844528326],[26.915822881643152,62.523354743680649],[26.350850837502513,62.586783584744751],[26.496041671851511,62.848473160893043]]]}},
{"type":"Feature","properties":{"Tile_ID":"X0091_Y0002","Tile_X":91,"Tile_Y":2,"TOTAL_SCENES":421,"TILE_SIZE":2.77},"geometry":{"type":"Polygon","coordinates":[[[27.065541228451888,62.784426844528326],[27.632730411029058,62.718265237497377],[27.478550664792497,62.457828033001455],[26.915822881643152,62.523354743680649],[27.065541228451888,62.784426844528326]]]}},
{"type":"Feature","properties":{"Tile_ID":"X0092_Y0002","Tile_X":92,"Tile_Y":2,"TOTAL_SCENES":448,"TILE_SIZE":2.54},"geometry":{"type":"Polygon","coordinates":[[[27.632730411029058,62.718265237497377],[28.197551983293771,62.650002303332229],[28.038978167903768,62.390217016092059],[27.478550664792497,62.457828033001455],[27.632730411029058,62.718265237497377]]]}},
{"type":"Feature","properties":{"Tile_ID":"X0093_Y0002","Tile_X":93,"Tile_Y":2,"TOTAL_SCENES":444,"TILE_SIZE":3.22},"geometry":{"type":"Polygon","coordinates":[[[28.197551983293771,62.650002303332229],[28.759950698787307,62.579652303515914],[28.597051274689598,62.320535548967385],[28.038978167903768,62.390217016092059],[28.197551983293771,62.650002303332229]]]}},
{"type":"Feature","properties":{"Tile_ID":"X0094_Y0002","Tile_X":94,"Tile_Y":2,"TOTAL_SCENES":446,"TILE_SIZE":2.35},"geometry":{"type":"Polygon","coordinates":[[[28.759950698787307,62.579652303515914],[29.319873316233075,62.507229782812942],[29.152717787274913,62.248797766229394],[28.597051274689598,62.320535548967385],[28.759950698787307,62.579652303515914]]]}},
{"type":"Feature","properties":{"Tile_ID":"X0095_Y0002","Tile_X":95,"Tile_Y":2,"TOTAL_SCENES":464,"TILE_SIZE":2.8},"geometry":{"type":"Polygon","coordinates":[[[29.319873316233075,62.507229782812942],[29.877268611332308,62.432749554570613],[29.705927438489439,62.175018066987576],[29.152717787274913,62.248797766229394],[29.319873316233075,62.507229782812942]]]}},
{"type":"Feature","properties":{"Tile_ID":"X0096_Y0002","Tile_X":96,"Tile_Y":2,"TOTAL_SCENES":440,"TILE_SIZE":2.74},"geometry":{"type":"Polygon","coordinates":[[[29.877268611332308,62.432749554570613],[30.432087385081438,62.356226686020499],[30.256631900869277,62.099211100770304],[29.705927438489439,62.175018066987576],[29.877268611332308,62.432749554570613]]]}},
{"type":"Feature","properties":{"Tile_ID":"X0097_Y0002","Tile_X":97,"Tile_Y":2,"TOTAL_SCENES":437,"TILE_SIZE":2.35},"geometry":{"type":"Polygon","coordinates":[[[30.432087385081438,62.356226686020499],[30.984282468698108,62.277676483607245],[30.804784792445176,62.021391753453543],[30.256631900869277,62.099211100770304],[30.432087385081438,62.356226686020499]]]}},
{"type":"Feature","properties":{"Tile_ID":"X0065_Y0003","Tile_X":65,"Tile_Y":3,"TOTAL_SCENES":359,"TILE_SIZE":2.7},"geometry":{"type":"Polygon","coordinates":[[[11.69605118852602,63.458584463740884],[12.294091325213456,63.450888804060085],[12.273217578560612,63.180543165030201],[11.680612800003001,63.18816040195523],[11.69605118852602,63.458584463740884]]]}},
{"type":"Feature","properties":{"Tile_ID":"X0066_Y0003","Tile_X":66,"Tile_Y":3,"TOTAL_SCENES":367,"TILE_SIZE":2.03},"geometry":{"type":"Polygon","coordinates":[[[12.294091325213456,63.450888804060085],[12.891789539511191,63.440888121526534],[12.865491022833545,63.170644328304249],[12.273217578560612,63.180543165030201],[12.294091325213456,63.450888804060085]]]}},
{"type":"Feature","properties":{"Tile_ID":"X0067_Y0003","Tile_X":67,"Tile_Y":3,"TOTAL_SCENES":342,"TILE_SIZE":2.28},"geometry":{"type":"Polygon","coordinates":[[[12.891789539511191,63.440888121526534],[13.489057297400986,63.428584810114465],[13.457347327812835,63.158466209682693],[12.865491022833545,63.170644328304249],[12.891789539511191,63.440888121526534]]]}},
{"type":"Feature","properties":{"Tile_ID":"X0068_Y0003","Tile_X":68,"Tile_Y":3,"TOTAL_SCENES":398,"TILE_SIZE":2.75},"geometry":{"type":"Polygon","coordinates":[[[13.489057297400986,63.428584810114465],[14.085806507357264,63.413981809932707],[14.048701108670826,63.144011655971767],[13.457347327812835,63.158466209682693],[13.489057297400986,63.428584810114465]]]}},
{"type":"Feature","properties":{"Tile_ID":"X0069_Y0003","Tile_X":69,"Tile_Y":3,"TOTAL_SCENES":488,"TILE_SIZE":2.17},"geometry":{"type":"Polygon","coordinates":[[[14.085806507357264,63.413981809932707],[14.681949609462324,63.397082603399795],[14.639467485430195,63.127284039248458],[14.048701108670826,63.144011655971767],[14.085806507357264,63.413981809932707]]]}},
{"type":"Feature","properties":{"Tile_ID":"X0070_Y0003","Tile_X":70,"Tile_Y":3,"TOTAL_SCENES":410,"TILE_SIZE":3.03},"geometry":{"type":"Polygon","coordinates":[[[14.681949609462324,63.397082603399795],[15.27739966318013,63.37789121072845],[15.229562166384964,63.1082872525743],[14.639467485430195,63.127284039248458],[14.681949609462324,63.397082603399795]]]}},
{"type":"Feature","properties":{"Tile_ID":"X0071_Y0003","Tile_X":71,"Tile_Y":3,"TOTAL_SCENES":440,"TILE_SIZE":2.58},"geometry":{"type":"Polygon","coordinates":[[[15.27739966318013,63.37789121072845],[15.872070433574461,63.35641218473252],[15.818901530073951,63.087025705065678],[15.229562166384964,63.1082872525743],[15.27739966318013,63.37789121072845]]]}},
{"type":"Feature","properties":{"Tile_ID":"X0072_Y0003","Tile_X":72,"Tile_Y":3,"TOTAL_SCENES":448,"TILE_SIZE":2.88},"geometry":{"type":"Polygon","coordinates":[[[15.872070433574461,63.35641218473252],[16.46587647576461,63.332650604971739],[16.407402705613841,63.063504316334175],[15.818901530073951,63.087025705065678],[15.872070433574461,63.35641218473252]]]}},
{"type":"Feature","properties":{"Tile_ID":"X0073_Y0003","Tile_X":73,"Tile_Y":3,"TOTAL_SCENES":464,"TILE_SIZE":3.37},"geometry":{"type":"Polygon","coordinates":[[[16.46587647576461,63.332650604971739],[17.05873321741981,63.306612071251237],[16.99498365120623,63.037728510313684],[16.407402705613841,63.063504316334175],[16.46587647576461,63.332650604971739]]]}},
{"type":"Feature","properties":{"Tile_ID":"X0074_Y0003","Tile_X":74,"Tile_Y":3,"TOTAL_SCENES":569,"TILE_SIZE":2.65},"geometry":{"type":"Polygon","coordinates":[[[17.05873321741981,63.306612071251237],[17.650557039102761,63.278302696494798],[17.581563230641539,63.009704208490831],[16.99498365120623,63.037728510313684],[17.05873321741981,63.306612071251237]]]}},
{"type":"Feature","properties":{"Tile_ID":"X0075_Y0003","Tile_X":75,"Tile_Y":3,"TOTAL_SCENES":528,"TILE_SIZE":3.87},"geometry":{"type":"Polygon","coordinates":[[[17.650557039102761,63.278302696494798],[18.241265352282181,63.247729099011814],[18.167061287631444,62.979437822558474],[17.581563230641539,63.009704208490831],[17.650557039102761,63.278302696494798]]]}},
{"type":"Feature","properties":{"Tile_ID":"X0076_Y0003","Tile_X":76,"Tile_Y":3,"TOTAL_SCENES":556,"TILE_SIZE":3.17},"geometry":{"type":"Polygon","coordinates":[[[18.241265352282181,63.247729099011814],[18.83077667484509,63.214898394180508],[18.751398717811004,62.946936246512372],[18.167061287631444,62.979437822558474],[18.241265352282181,63.247729099011814]]]}},
{"type":"Feature","properties":{"Tile_ID":"X0077_Y0003","Tile_X":77,"Tile_Y":3,"TOTAL_SCENES":531,"TILE_SIZE":2.36},"geometry":{"type":"Polygon","coordinates":[[[18.83077667484509,63.214898394180508],[19.419010703950374,63.179818185570348],[19.334497538262074,62.91220684821284],[18.751398717811004,62.946936246512372],[18.83077667484509,63.214898394180508]]]}},
{"type":"Feature","properties":{"Tile_ID":"X0080_Y0003","Tile_X":80,"Tile_Y":3,"TOTAL_SCENES":534,"TILE_SIZE":2.86},"geometry":{"type":"Polygon","coordinates":[[[20.591331984132889,63.102942055256413],[21.175265141501079,63.061163694403227],[21.075600719486513,62.794732315021434],[20.496673424236899,62.836096371428425],[20.591331984132889,63.102942055256413]]]}},
{"type":"Feature","properties":{"Tile_ID":"X0081_Y0003","Tile_X":81,"Tile_Y":3,"TOTAL_SCENES":536,"TILE_SIZE":3.13},"geometry":{"type":"Polygon","coordinates":[[[21.175265141501079,63.061163694403227],[21.757612942916488,63.017170930204188],[21.652989984106664,62.751174460279202],[21.075600719486513,62.794732315021434],[21.175265141501079,63.061163694403227]]]}},
{"type":"Feature","properties":{"Tile_ID":"X0082_Y0003","Tile_X":82,"Tile_Y":3,"TOTAL_SCENES":483,"TILE_SIZE":3.06},"geometry":{"type":"Polygon","coordinates":[[[21.757612942916488,63.017170930204188],[22.338301972075012,62.970973656192434],[22.228769789488528,62.705432400759591],[21.652989984106664,62.751174460279202],[21.757612942916488,63.017170930204188]]]}},
{"type":"Feature","properties":{"Tile_ID":"X0083_Y0003","Tile_X":83,"Tile_Y":3,"TOTAL_SCENES":483,"TILE_SIZE":3.63},"geometry":{"type":"Polygon","coordinates":[[[22.338301972075012,62.970973656192434],[22.917260365893565,62.922582190514063],[22.802870186633029,62.657516143383802],[22.228769789488528,62.705432400759591],[22.338301972075012,62.970973656192434]]]}},
{"type":"Feature","properties":{"Tile_ID":"X0084_Y0003","Tile_X":84,"Tile_Y":3,"TOTAL_SCENES":471,"TILE_SIZE":2.41},"geometry":{"type":"Polygon","coordinates":[[[22.917260365893565,62.922582190514063],[23.494417865351213,62.872007263876164],[23.375222755107501,62.607436096953613],[22.802870186633029,62.657516143383802],[22.917260365893565,62.922582190514063]]]}},
{"type":"Feature","properties":{"Tile_ID":"X0085_Y0003","Tile_X":85,"Tile_Y":3,"TOTAL_SCENES":425,"TILE_SIZE":3.14},"geometry":{"type":"Polygon","coordinates":[[[23.494417865351213,62.872007263876164],[24.069705862855326,62.819260007158],[23.945760648747758,62.555203060342784],[23.375222755107501,62.607436096953613],[23.494417865351213,62.872007263876164]]]}},
{"type":"Feature","properties":{"Tile_ID":"X0086_Y0003","Tile_X":86,"Tile_Y":3,"TOTAL_SCENES":435,"TILE_SIZE":2.63},"geometry":{"type":"Polygon","coordinates":[[[24.069705862855326,62.819260007158],[24.643057446089692,62.764351938716523],[24.514418638063006,62.500828210391816],[23.945760648747758,62.555203060342784],[24.069705862855326,62.819260007158]]]}},
{"type":"Feature","properties":{"Tile_ID":"X0087_Y0003","Tile_X":87,"Tile_Y":3,"TOTAL_SCENES":422,"TILE_SIZE":2.49},"geometry":{"type":"Polygon","coordinates":[[[24.643057446089692,62.764351938716523],[25.214407438314748,62.707294951416721],[25.081133149312802,62.444323089534663],[24.514418638063006,62.500828210391816],[24.643057446089692,62.764351938716523]]]}},
{"type":"Feature","properties":{"Tile_ID":"X0088_Y0003","Tile_X":88,"Tile_Y":3,"TOTAL_SCENES":440,"TILE_SIZE":3.16},"geometry":{"type":"Polygon","coordinates":[[[25.214407438314748,62.707294951416721],[25.783692435102648,62.648101299417554],[25.645842300237426,62.385699593186494],[25.081133149312802,62.444323089534663],[25.214407438314748,62.707294951416721]]]}},
{"type":"Feature","properties":{"Tile_ID":"X0089_Y0003","Tile_X":89,"Tile_Y":3,"TOTAL_SCENES":428,"TILE_SIZE":2.33},"geometry":{"type":"Polygon","coordinates":[[[25.783692435102648,62.648101299417554],[26.350850837502513,62.586783584744751],[26.208485932434286,62.324969956921564],[25.645842300237426,62.385699593186494],[25.783692435102648,62.648101299417554]]]}},
{"type":"Feature","properties":{"Tile_ID":"X0090_Y0003","Tile_X":90,"Tile_Y":3,"TOTAL_SCENES":450,"TILE_SIZE":3.1},"geometry":{"type":"Polygon","coordinates":[[[26.350850837502513,62.586783584744751],[26.915822881643152,62.523354743680649],[26.769005640384304,62.262146743469906],[26.208485932434286,62.324969956921564],[26.350850837502513,62.586783584744751]]]}},
{"type":"Feature","properties":{"Tile_ID":"X0091_Y0003","Tile_X":91,"Tile_Y":3,"TOTAL_SCENES":450,"TILE_SIZE":2.71},"geometry":{"type":"Polygon","coordinates":[[[26.915822881643152,62.523354743680649],[27.478550664792497,62.457828033001455],[27.327344797143152,62.197242829561226],[26.769005640384304,62.262146743469906],[26.915822881643152,62.523354743680649]]]}},
{"type":"Feature","properties":{"Tile_ID":"X0092_Y0003","Tile_X":92,"Tile_Y":3,"TOTAL_SCENES":466,"TILE_SIZE":2.64},"geometry":{"type":"Polygon","coordinates":[[[27.478550664792497,62.457828033001455],[28.038978167903768,62.390217016092059],[27.883448576722543,62.13027139264458],[27.327344797143152,62.197242829561226],[27.478550664792497,62.457828033001455]]]}},
{"type":"Feature","properties":{"Tile_ID":"X0093_Y0003","Tile_X":93,"Tile_Y":3,"TOTAL_SCENES":479,"TILE_SIZE":3.29},"geometry":{"type":"Polygon","coordinates":[[[28.038978167903768,62.390217016092059],[28.597051274689598,62.320535548967385],[28.43726397319687,62.061245897511064],[27.883448576722543,62.13027139264458],[28.038978167903768,62.390217016092059]]]}},
{"type":"Feature","properties":{"Tile_ID":"X0094_Y0003","Tile_X":94,"Tile_Y":3,"TOTAL_SCENES":429,"TILE_SIZE":2.3},"geometry":{"type":"Polygon","coordinates":[[[28.597051274689598,62.320535548967385],[29.152717787274913,62.248797766229394],[28.988739816579692,61.990180082847225],[28.43726397319687,62.061245897511064],[28.597051274689598,62.320535548967385]]]}},
{"type":"Feature","properties":{"Tile_ID":"X0095_Y0003","Tile_X":95,"Tile_Y":3,"TOTAL_SCENES":454,"TILE_SIZE":2.86},"geometry":{"type":"Polygon","coordinates":[[[29.152717787274913,62.248797766229394],[29.705927438489439,62.175018066987576],[29.537826785524018,61.917087947745181],[28.988739816579692,61.990180082847225],[29.152717787274913,62.248797766229394]]]}},
{"type":"Feature","properties":{"Tile_ID":"X0096_Y0003","Tile_X":96,"Tile_Y":3,"TOTAL_SCENES":460,"TILE_SIZE":2.67},"geometry":{"type":"Polygon","coordinates":[[[29.705927438489439,62.175018066987576],[30.256631900869277,62.099211100770304],[30.084477416908207,61.8419837381959],[29.537826785524018,61.917087947745181],[29.705927438489439,62.175018066987576]]]}},
{"type":"Feature","properties":{"Tile_ID":"X0097_Y0003","Tile_X":97,"Tile_Y":3,"TOTAL_SCENES":447,"TILE_SIZE":2.41},"geometry":{"type":"Polygon","coordinates":[[[30.256631900869277,62.099211100770304],[30.804784792445176,62.021391753453543],[30.628646112377329,61.764881933590445],[30.084477416908207,61.8419837381959],[30.256631900869277,62.099211100770304]]]}},
{"type":"Feature","properties":{"Tile_ID":"X0065_Y0004","Tile_X":65,"Tile_Y":4,"TOTAL_SCENES":301,"TILE_SIZE":2.19},"geometry":{"type":"Polygon","coordinates":[[[11.680612800003001,63.18816040195523],[12.273217578560612,63.180543165030201],[12.252771703365839,62.910247561504818],[11.665491042001266,62.917788014265014],[11.680612800003001,63.18816040195523]]]}},
{"type":"Feature","properties":{"Tile_ID":"X0066_Y0004","Tile_X":66,"Tile_Y":4,"TOTAL_SCENES":315,"TILE_SIZE":1.53},"geometry":{"type":"Polygon","coordinates":[[[12.273217578560612,63.180543165030201],[12.865491022833545,63.170644328304249],[12.839731191436647,62.900448444535883],[12.252771703365839,62.910247561504818],[12.273217578560612,63.180543165030201]]]}},
{"type":"Feature","properties":{"Tile_ID":"X0067_Y0004","Tile_X":67,"Tile_Y":4,"TOTAL_SCENES":325,"TILE_SIZE":2.5},"geometry":{"type":"Polygon","coordinates":[[[12.865491022833545,63.170644328304249],[13.457347327812835,63.158466209682693],[13.426286320765168,62.888392908298449],[12.839731191436647,62.900448444535883],[12.865491022833545,63.170644328304249]]]}},
{"type":"Feature","properties":{"Tile_ID":"X0068_Y0004","Tile_X":68,"Tile_Y":4,"TOTAL_SCENES":361,"TILE_SIZE":2.35},"geometry":{"type":"Polygon","coordinates":[[[13.457347327812835,63.158466209682693],[14.048701108670826,63.144011655971767],[14.012354305107271,62.87408371009694],[13.426286320765168,62.888392908298449],[13.457347327812835,63.158466209682693]]]}},
{"type":"Feature","properties":{"Tile_ID":"X0069_Y0004","Tile_X":69,"Tile_Y":4,"TOTAL_SCENES":407,"TILE_SIZE":2.43},"geometry":{"type":"Polygon","coordinates":[[[14.048701108670826,63.144011655971767],[14.639467485430195,63.127284039248458],[14.59785283790869,62.857524116152753],[14.012354305107271,62.87408371009694],[14.048701108670826,63.144011655971767]]]}},
{"type":"Feature","properties":{"Tile_ID":"X0070_Y0004","Tile_X":70,"Tile_Y":4,"TOTAL_SCENES":399,"TILE_SIZE":3.03},"geometry":{"type":"Polygon","coordinates":[[[14.639467485430195,63.127284039248458],[15.229562166384964,63.1082872525743],[15.182700171628627,62.838717897533868],[14.59785283790869,62.857524116152753],[14.639467485430195,63.127284039248458]]]}},
{"type":"Feature","properties":{"Tile_ID":"X0071_Y0004","Tile_X":71,"Tile_Y":4,"TOTAL_SCENES":434,"TILE_SIZE":2.36},"geometry":{"type":"Polygon","coordinates":[[[15.229562166384964,63.1082872525743],[15.818901530073951,63.087025705065678],[15.766815195715363,62.817669325472373],[15.182700171628627,62.838717897533868],[15.229562166384964,63.1082872525743]]]}},
{"type":"Feature","properties":{"Tile_ID":"X0072_Y0004","Tile_X":72,"Tile_Y":4,"TOTAL_SCENES":435,"TILE_SIZE":3.08},"geometry":{"type":"Polygon","coordinates":[[[15.818901530073951,63.087025705065678],[16.407402705613841,63.063504316334175],[16.35011751305397,62.794383166083264],[15.766815195715363,62.817669325472373],[15.818901530073951,63.087025705065678]]]}},
{"type":"Feature","properties":{"Tile_ID":"X0073_Y0004","Tile_X":73,"Tile_Y":4,"TOTAL_SCENES":463,"TILE_SIZE":3.14},"geometry":{"type":"Polygon","coordinates":[[[16.407402705613841,63.063504316334175],[16.99498365120623,63.037728510313684],[16.93252751471281,62.768864674499149],[16.35011751305397,62.794383166083264],[16.407402705613841,63.063504316334175]]]}},
{"type":"Feature","properties":{"Tile_ID":"X0074_Y0004","Tile_X":74,"Tile_Y":4,"TOTAL_SCENES":476,"TILE_SIZE":2.75},"geometry":{"type":"Polygon","coordinates":[[[16.99498365120623,63.037728510313684],[17.581563230641539,63.009704208490831],[17.513966452823222,62.7411195884373],[16.93252751471281,62.768864674499149],[16.99498365120623,63.037728510313684]]]}},
{"type":"Feature","properties":{"Tile_ID":"X0075_Y0004","Tile_X":75,"Tile_Y":4,"TOTAL_SCENES":518,"TILE_SIZE":3.93},"geometry":{"type":"Polygon","coordinates":[[[17.581563230641539,63.009704208490831],[18.167061287631444,62.979437822558474],[18.094356511434807,62.711154121216566],[17.513966452823222,62.7411195884373],[17.581563230641539,63.009704208490831]]]}},
{"type":"Feature","properties":{"Tile_ID":"X0076_Y0004","Tile_X":76,"Tile_Y":4,"TOTAL_SCENES":545,"TILE_SIZE":2.51},"geometry":{"type":"Polygon","coordinates":[[[18.167061287631444,62.979437822558474],[18.751398717811004,62.946936246512372],[18.673620875197528,62.678974954243408],[18.094356511434807,62.711154121216566],[18.167061287631444,62.979437822558474]]]}},
{"type":"Feature","properties":{"Tile_ID":"X0081_Y0004","Tile_X":81,"Tile_Y":4,"TOTAL_SCENES":529,"TILE_SIZE":2.92},"geometry":{"type":"Polygon","coordinates":[[[21.075600719486513,62.794732315021434],[21.652989984106664,62.751174460279202],[21.550446929257383,62.485139187084151],[20.977923743137282,62.528270837130307],[21.075600719486513,62.794732315021434]]]}},
{"type":"Feature","properties":{"Tile_ID":"X0082_Y0004","Tile_X":82,"Tile_Y":4,"TOTAL_SCENES":479,"TILE_SIZE":3.07},"geometry":{"type":"Polygon","coordinates":[[[21.652989984106664,62.751174460279202],[22.228769789488528,62.705432400759591],[22.121408080377478,62.439843273236605],[21.550446929257383,62.485139187084151],[21.652989984106664,62.751174460279202]]]}},
{"type":"Feature","properties":{"Tile_ID":"X0083_Y0004","Tile_X":83,"Tile_Y":4,"TOTAL_SCENES":492,"TILE_SIZE":3.37},"geometry":{"type":"Polygon","coordinates":[[[22.228769789488528,62.705432400759591],[22.802870186633029,62.657516143383802],[22.69073909916419,62.392392803157158],[22.121408080377478,62.439843273236605],[22.228769789488528,62.705432400759591]]]}},
{"type":"Feature","properties":{"Tile_ID":"X0084_Y0004","Tile_X":84,"Tile_Y":4,"TOTAL_SCENES":408,"TILE_SIZE":2.41},"geometry":{"type":"Polygon","coordinates":[[[22.802870186633029,62.657516143383802],[23.375222755107501,62.607436096953613],[23.258373345518599,62.342797875934828],[22.69073909916419,62.392392803157158],[22.802870186633029,62.657516143383802]]]}},
{"type":"Feature","properties":{"Tile_ID":"X0085_Y0004","Tile_X":85,"Tile_Y":4,"TOTAL_SCENES":457,"TILE_SIZE":3.32},"geometry":{"type":"Polygon","coordinates":[[[23.375222755107501,62.607436096953613],[23.945760648747758,62.555203060342784],[23.824245680668636,62.291068970918353],[23.258373345518599,62.342797875934828],[23.375222755107501,62.607436096953613]]]}},
{"type":"Feature","properties":{"Tile_ID":"X0086_Y0004","Tile_X":86,"Tile_Y":4,"TOTAL_SCENES":451,"TILE_SIZE":2.57},"geometry":{"type":"Polygon","coordinates":[[[23.945760648747758,62.555203060342784],[24.514418638063006,62.500828210391816],[24.388292508169798,62.237216936168288],[23.824245680668636,62.291068970918353],[23.945760648747758,62.555203060342784]]]}},
{"type":"Feature","properties":{"Tile_ID":"X0087_Y0004","Tile_X":87,"Tile_Y":4,"TOTAL_SCENES":451,"TILE_SIZE":2.74},"geometry":{"type":"Polygon","coordinates":[[[24.514418638063006,62.500828210391816],[25.081133149312802,62.444323089534663],[24.950451811782834,62.181252976648565],[24.388292508169798,62.237216936168288],[24.514418638063006,62.500828210391816]]]}},
{"type":"Feature","properties":{"Tile_ID":"X0088_Y0004","Tile_X":88,"Tile_Y":4,"TOTAL_SCENES":448,"TILE_SIZE":3.14},"geometry":{"type":"Polygon","coordinates":[[[25.081133149312802,62.444323089534663],[25.645842300237426,62.385699593186494],[25.510663190208543,62.123188642184246],[24.950451811782834,62.181252976648565],[25.081133149312802,62.444323089534663]]]}},
{"type":"Feature","properties":{"Tile_ID":"X0089_Y0004","Tile_X":89,"Tile_Y":4,"TOTAL_SCENES":387,"TILE_SIZE":2.53},"geometry":{"type":"Polygon","coordinates":[[[25.645842300237426,62.385699593186494],[26.208485932434286,62.324969956921564],[26.068867888670098,62.063035815213169],[25.510663190208543,62.123188642184246],[25.645842300237426,62.385699593186494]]]}},
{"type":"Feature","properties":{"Tile_ID":"X0090_Y0004","Tile_X":90,"Tile_Y":4,"TOTAL_SCENES":484,"TILE_SIZE":3.33},"geometry":{"type":"Polygon","coordinates":[[[26.208485932434286,62.324969956921564],[26.769005640384304,62.262146743469906],[26.625008827343997,62.000806698358403],[26.068867888670098,62.063035815213169],[26.208485932434286,62.324969956921564]]]}},
{"type":"Feature","properties":{"Tile_ID":"X0091_Y0004","Tile_X":91,"Tile_Y":4,"TOTAL_SCENES":488,"TILE_SIZE":2.72},"geometry":{"type":"Polygon","coordinates":[[[26.769005640384304,62.262146743469906],[27.327344797143152,62.197242829561226],[27.17903062665064,61.93651380184825],[26.625008827343997,62.000806698358403],[26.769005640384304,62.262146743469906]]]}},
{"type":"Feature","properties":{"Tile_ID":"X0092_Y0004","Tile_X":92,"Tile_Y":4,"TOTAL_SCENES":455,"TILE_SIZE":2.67},"geometry":{"type":"Polygon","coordinates":[[[27.327344797143152,62.197242829561226],[27.883448576722543,62.13027139264458],[27.730879629425512,61.870169930810576],[27.17903062665064,61.93651380184825],[27.327344797143152,62.197242829561226]]]}},
{"type":"Feature","properties":{"Tile_ID":"X0093_Y0004","Tile_X":93,"Tile_Y":4,"TOTAL_SCENES":469,"TILE_SIZE":3.28},"geometry":{"type":"Polygon","coordinates":[[[27.883448576722543,62.13027139264458],[28.43726397319687,62.061245897511064],[28.280503920000907,61.801788172467759],[27.730879629425512,61.870169930810576],[27.883448576722543,62.13027139264458]]]}},
{"type":"Feature","properties":{"Tile_ID":"X0094_Y0004","Tile_X":94,"Tile_Y":4,"TOTAL_SCENES":384,"TILE_SIZE":2.31},"geometry":{"type":"Polygon","coordinates":[[[28.43726397319687,62.061245897511064],[28.988739816579692,61.990180082847225],[28.82785334023734,61.731381883257498],[28.280503920000907,61.801788172467759],[28.43726397319687,62.061245897511064]]]}},
{"type":"Feature","properties":{"Tile_ID":"X0095_Y0004","Tile_X":95,"Tile_Y":4,"TOTAL_SCENES":454,"TILE_SIZE":2.96},"geometry":{"type":"Polygon","coordinates":[[[28.988739816579692,61.990180082847225],[29.537826785524018,61.917087947745181],[29.372879502552006,61.658964675905189],[28.82785334023734,61.731381883257498],[28.988739816579692,61.990180082847225]]]}},
{"type":"Feature","properties":{"Tile_ID":"X0096_Y0004","Tile_X":96,"Tile_Y":4,"TOTAL_SCENES":453,"TILE_SIZE":2.68},"geometry":{"type":"Polygon","coordinates":[[[29.537826785524018,61.917087947745181],[30.084477416908207,61.8419837381959],[29.915535799999514,61.584550406472026],[29.372879502552006,61.658964675905189],[29.537826785524018,61.917087947745181]]]}},
{"type":"Feature","properties":{"Tile_ID":"X0097_Y0004","Tile_X":97,"Tile_Y":4,"TOTAL_SCENES":439,"TILE_SIZE":2.41},"geometry":{"type":"Polygon","coordinates":[[[30.084477416908207,61.8419837381959],[30.628646112377329,61.764881933590445],[30.455777413467544,61.508153161402774],[29.915535799999514,61.584550406472026],[30.084477416908207,61.8419837381959]]]}},
{"type":"Feature","properties":{"Tile_ID":"X0065_Y0005","Tile_X":65,"Tile_Y":5,"TOTAL_SCENES":281,"TILE_SIZE":1.92},"geometry":{"type":"Polygon","coordinates":[[[11.665491042001266,62.917788014265014],[12.252771703365839,62.910247561504818],[12.232740817284279,62.640000487630822],[11.650676374432285,62.647465745277927],[11.665491042001266,62.917788014265014]]]}},
{"type":"Feature","properties":{"Tile_ID":"X0066_Y0005","Tile_X":66,"Tile_Y":5,"TOTAL_SCENES":301,"TILE_SIZE":1.75},"geometry":{"type":"Polygon","coordinates":[[[12.252771703365839,62.910247561504818],[12.839731191436647,62.900448444535883],[12.814493842020623,62.63029902856514],[12.232740817284279,62.640000487630822],[12.252771703365839,62.910247561504818]]]}},
{"type":"Feature","properties":{"Tile_ID":"X0067_Y0005","Tile_X":67,"Tile_Y":5,"TOTAL_SCENES":313,"TILE_SIZE":2.41},"geometry":{"type":"Polygon","coordinates":[[[12.839731191436647,62.900448444535883],[13.426286320765168,62.888392908298449],[13.395854778725383,62.618363543004222],[12.814493842020623,62.63029902856514],[12.839731191436647,62.900448444535883]]]}},
{"type":"Feature","properties":{"Tile_ID":"X0068_Y0005","Tile_X":68,"Tile_Y":5,"TOTAL_SCENES":352,"TILE_SIZE":2.09},"geometry":{"type":"Polygon","coordinates":[[[13.426286320765168,62.888392908298449],[14.012354305107271,62.87408371009694],[13.976743336952445,62.604196702361151],[13.395854778725383,62.618363543004222],[13.426286320765168,62.888392908298449]]]}},
{"type":"Feature","properties":{"Tile_ID":"X0069_Y0005","Tile_X":69,"Tile_Y":5,"TOTAL_SCENES":394,"TILE_SIZE":2.64},"geometry":{"type":"Polygon","coordinates":[[[14.012354305107271,62.87408371009694],[14.59785283790869,62.857524116152753],[14.557079682272304,62.587801671263861],[13.976743336952445,62.604196702361151],[14.012354305107271,62.87408371009694]]]}},
{"type":"Feature","properties":{"Tile_ID":"X0070_Y0005","Tile_X":70,"Tile_Y":5,"TOTAL_SCENES":412,"TILE_SIZE":2.93},"geometry":{"type":"Polygon","coordinates":[[[14.59785283790869,62.857524116152753],[15.182700171628627,62.838717897533868],[15.136784511736302,62.569182103687481],[14.557079682272304,62.587801671263861],[14.59785283790869,62.857524116152753]]]}},
{"type":"Feature","properties":{"Tile_ID":"X0071_Y0005","Tile_X":71,"Tile_Y":5,"TOTAL_SCENES":453,"TILE_SIZE":2.32},"geometry":{"type":"Polygon","coordinates":[[[15.182700171628627,62.838717897533868],[15.766815195715363,62.817669325472373],[15.715779128084828,62.548342138504729],[15.136784511736302,62.569182103687481],[15.182700171628627,62.838717897533868]]]}},
{"type":"Feature","properties":{"Tile_ID":"X0072_Y0005","Tile_X":72,"Tile_Y":5,"TOTAL_SCENES":456,"TILE_SIZE":3.33},"geometry":{"type":"Polygon","coordinates":[[[15.766815195715363,62.817669325472373],[16.35011751305397,62.794383166083264],[16.293985512531297,62.525286394466271],[15.715779128084828,62.548342138504729],[15.766815195715363,62.817669325472373]]]}},
{"type":"Feature","properties":{"Tile_ID":"X0073_Y0005","Tile_X":73,"Tile_Y":5,"TOTAL_SCENES":474,"TILE_SIZE":2.8},"geometry":{"type":"Polygon","coordinates":[[[16.35011751305397,62.794383166083264],[16.93252751471281,62.768864674499149],[16.871326395960185,62.50001996462543],[16.293985512531297,62.525286394466271],[16.35011751305397,62.794383166083264]]]}},
{"type":"Feature","properties":{"Tile_ID":"X0074_Y0005","Tile_X":74,"Tile_Y":5,"TOTAL_SCENES":532,"TILE_SIZE":3.19},"geometry":{"type":"Polygon","coordinates":[[[16.93252751471281,62.768864674499149],[17.513966452823222,62.7411195884373],[17.447725328384049,62.472548410221805],[16.871326395960185,62.50001996462543],[16.93252751471281,62.768864674499149]]]}},
{"type":"Feature","properties":{"Tile_ID":"X0075_Y0005","Tile_X":75,"Tile_Y":5,"TOTAL_SCENES":555,"TILE_SIZE":3.83},"geometry":{"type":"Polygon","coordinates":[[[17.513966452823222,62.7411195884373],[18.094356511434807,62.711154121216566],[18.023106746512028,62.442877754040495],[17.447725328384049,62.472548410221805],[17.513966452823222,62.7411195884373]]]}},
{"type":"Feature","properties":{"Tile_ID":"X0076_Y0005","Tile_X":76,"Tile_Y":5,"TOTAL_SCENES":546,"TILE_SIZE":1.95},"geometry":{"type":"Polygon","coordinates":[[[18.094356511434807,62.711154121216566],[18.673620875197528,62.678974954243408],[18.597396039290402,62.411014473265141],[18.023106746512028,62.442877754040495],[18.094356511434807,62.711154121216566]]]}},
{"type":"Feature","properties":{"Tile_ID":"X0081_Y0005","Tile_X":81,"Tile_Y":5,"TOTAL_SCENES":541,"TILE_SIZE":2.53},"geometry":{"type":"Polygon","coordinates":[[[20.977923743137282,62.528270837130307],[21.550446929257383,62.485139187084151],[21.449923683164776,62.219066209307613],[20.882176548741828,62.261780111371472],[20.977923743137282,62.528270837130307]]]}},
{"type":"Feature","properties":{"Tile_ID":"X0082_Y0005","Tile_X":82,"Tile_Y":5,"TOTAL_SCENES":524,"TILE_SIZE":3.48},"geometry":{"type":"Polygon","coordinates":[[[21.550446929257383,62.485139187084151],[22.121408080377478,62.439843273236605],[22.016154406560268,62.17420762905099],[21.449923683164776,62.219066209307613],[21.550446929257383,62.485139187084151]]]}},
{"type":"Feature","properties":{"Tile_ID":"X0083_Y0005","Tile_X":83,"Tile_Y":5,"TOTAL_SCENES":483,"TILE_SIZE":3.06},"geometry":{"type":"Polygon","coordinates":[[[22.121408080377478,62.439843273236605],[22.69073909916419,62.392392803157158],[22.580802413147698,62.127213790143969],[22.016154406560268,62.17420762905099],[22.121408080377478,62.439843273236605]]]}},
{"type":"Feature","properties":{"Tile_ID":"X0084_Y0005","Tile_X":84,"Tile_Y":5,"TOTAL_SCENES":481,"TILE_SIZE":2.61},"geometry":{"type":"Polygon","coordinates":[[[22.69073909916419,62.392392803157158],[23.258373345518599,62.342797875934828],[23.143802786951266,62.078094493597305],[22.580802413147698,62.127213790143969],[22.69073909916419,62.392392803157158]]]}},
{"type":"Feature","properties":{"Tile_ID":"X0085_Y0005","Tile_X":85,"Tile_Y":5,"TOTAL_SCENES":496,"TILE_SIZE":3.47},"geometry":{"type":"Polygon","coordinates":[[[23.258373345518599,62.342797875934828],[23.824245680668636,62.291068970918353],[23.705092044336652,62.026859911149259],[23.143802786951266,62.078094493597305],[23.258373345518599,62.342797875934828]]]}},
{"type":"Feature","properties":{"Tile_ID":"X0086_Y0005","Tile_X":86,"Tile_Y":5,"TOTAL_SCENES":472,"TILE_SIZE":2.55},"geometry":{"type":"Polygon","coordinates":[[[23.824245680668636,62.291068970918353],[24.388292508169798,62.237216936168288],[24.264608173646995,61.973520574245342],[23.705092044336652,62.026859911149259],[23.824245680668636,62.291068970918353]]]}},
{"type":"Feature","properties":{"Tile_ID":"X0087_Y0005","Tile_X":87,"Tile_Y":5,"TOTAL_SCENES":472,"TILE_SIZE":2.91},"geometry":{"type":"Polygon","coordinates":[[[24.388292508169798,62.237216936168288],[24.950451811782834,62.181252976648565],[24.822290671907023,61.918087362764737],[24.264608173646995,61.973520574245342],[24.388292508169798,62.237216936168288]]]}},
{"type":"Feature","properties":{"Tile_ID":"X0088_Y0005","Tile_X":88,"Tile_Y":5,"TOTAL_SCENES":473,"TILE_SIZE":3.07},"geometry":{"type":"Polygon","coordinates":[[[24.950451811782834,62.181252976648565],[25.510663190208543,62.123188642184246],[25.378080578574099,61.860571493518364],[24.822290671907023,61.918087362764737],[24.950451811782834,62.181252976648565]]]}},
{"type":"Feature","properties":{"Tile_ID":"X0089_Y0005","Tile_X":89,"Tile_Y":5,"TOTAL_SCENES":382,"TILE_SIZE":2.48},"geometry":{"type":"Polygon","coordinates":[[[25.510663190208543,62.123188642184246],[26.068867888670098,62.063035815213169],[25.93192050632512,61.80098450854485],[25.378080578574099,61.860571493518364],[25.510663190208543,62.123188642184246]]]}},
{"type":"Feature","properties":{"Tile_ID":"X0090_Y0005","Tile_X":90,"Tile_Y":5,"TOTAL_SCENES":450,"TILE_SIZE":3.26},"geometry":{"type":"Polygon","coordinates":[[[26.068867888670098,62.063035815213169],[26.625008827343997,62.000806698358403],[26.483754668877555,61.739338263229108],[25.93192050632512,61.80098450854485],[26.068867888670098,62.063035815213169]]]}},
{"type":"Feature","properties":{"Tile_ID":"X0091_Y0005","Tile_X":91,"Tile_Y":5,"TOTAL_SCENES":471,"TILE_SIZE":2.54},"geometry":{"type":"Polygon","coordinates":[[[26.625008827343997,62.000806698358403],[27.17903062665064,61.93651380184825],[27.033528905852734,61.675644914269888],[26.483754668877555,61.739338263229108],[26.625008827343997,62.000806698358403]]]}},
{"type":"Feature","properties":{"Tile_ID":"X0092_Y0005","Tile_X":92,"Tile_Y":5,"TOTAL_SCENES":435,"TILE_SIZE":2.61},"geometry":{"type":"Polygon","coordinates":[[[27.17903062665064,61.93651380184825],[27.730879629425512,61.870169930810576],[27.581190704698034,61.609916907520308],[27.033528905852734,61.675644914269888],[27.17903062665064,61.93651380184825]]]}},
{"type":"Feature","properties":{"Tile_ID":"X0093_Y0005","Tile_X":93,"Tile_Y":5,"TOTAL_SCENES":451,"TILE_SIZE":3.1},"geometry":{"type":"Polygon","coordinates":[[[27.730879629425512,61.870169930810576],[28.280503920000907,61.801788172467759],[28.126689219693798,61.542166965726999],[27.581190704698034,61.609916907520308],[27.730879629425512,61.870169930810576]]]}},
{"type":"Feature","properties":{"Tile_ID":"X0094_Y0005","Tile_X":94,"Tile_Y":5,"TOTAL_SCENES":329,"TILE_SIZE":2.26},"geometry":{"type":"Polygon","coordinates":[[[28.280503920000907,61.801788172467759],[28.82785334023734,61.731381883257498],[28.669975288078753,61.472408076191563],[28.126689219693798,61.542166965726999],[28.280503920000907,61.801788172467759]]]}},
{"type":"Feature","properties":{"Tile_ID":"X0095_Y0005","Tile_X":95,"Tile_Y":5,"TOTAL_SCENES":432,"TILE_SIZE":2.98},"geometry":{"type":"Polygon","coordinates":[[[28.82785334023734,61.731381883257498],[29.372879502552006,61.658964675905189],[29.211001443335771,61.400653478378572],[28.669975288078753,61.472408076191563],[28.82785334023734,61.731381883257498]]]}},
{"type":"Feature","properties":{"Tile_ID":"X0096_Y0005","Tile_X":96,"Tile_Y":5,"TOTAL_SCENES":430,"TILE_SIZE":2.57},"geometry":{"type":"Polygon","coordinates":[[[29.372879502552006,61.658964675905189],[29.915535799999514,61.584550406472026],[29.749721925687183,61.326916651493001],[29.211001443335771,61.400653478378572],[29.372879502552006,61.658964675905189]]]}},
{"type":"Feature","properties":{"Tile_ID":"X0065_Y0006","Tile_X":65,"Tile_Y":6,"TOTAL_SCENES":325,"TILE_SIZE":1.86},"geometry":{"type":"Polygon","coordinates":[[[11.650676374432285,62.647465745277927],[12.232740817284279,62.640000487630822],[12.213112551587427,62.369800437014099],[11.63615963791031,62.377192041036395],[11.650676374432285,62.647465745277927]]]}},
{"type":"Feature","properties":{"Tile_ID":"X0066_Y0006","Tile_X":66,"Tile_Y":6,"TOTAL_SCENES":355,"TILE_SIZE":2.11},"geometry":{"type":"Polygon","coordinates":[[[12.232740817284279,62.640000487630822],[12.814493842020623,62.63029902856514],[12.789763416554617,62.360194635638173],[12.213112551587427,62.369800437014099],[12.232740817284279,62.640000487630822]]]}},
{"type":"Feature","properties":{"Tile_ID":"X0067_Y0006","Tile_X":67,"Tile_Y":6,"TOTAL_SCENES":353,"TILE_SIZE":2.5},"geometry":{"type":"Polygon","coordinates":[[[12.814493842020623,62.63029902856514],[13.395854778725383,62.618363543004222],[13.366033979503284,62.34837674461675],[12.789763416554617,62.360194635638173],[12.814493842020623,62.63029902856514]]]}},
{"type":"Feature","properties":{"Tile_ID":"X0068_Y0006","Tile_X":68,"Tile_Y":6,"TOTAL_SCENES":378,"TILE_SIZE":1.98},"geometry":{"type":"Polygon","coordinates":[[[13.395854778725383,62.618363543004222],[13.976743336952445,62.604196702361151],[13.941846348017586,62.334349352903303],[13.366033979503284,62.34837674461675],[13.395854778725383,62.618363543004222]]]}},
{"type":"Feature","properties":{"Tile_ID":"X0069_Y0006","Tile_X":69,"Tile_Y":6,"TOTAL_SCENES":416,"TILE_SIZE":2.92},"geometry":{"type":"Polygon","coordinates":[[[13.976743336952445,62.604196702361151],[14.557079682272304,62.587801671263861],[14.517123063410832,62.318115527583672],[13.941846348017586,62.334349352903303],[13.976743336952445,62.604196702361151]]]}},
{"type":"Feature","properties":{"Tile_ID":"X0070_Y0006","Tile_X":70,"Tile_Y":6,"TOTAL_SCENES":440,"TILE_SIZE":2.78},"geometry":{"type":"Polygon","coordinates":[[[14.557079682272304,62.587801671263861],[15.136784511736302,62.569182103687481],[15.091787172552602,62.299678810199239],[14.517123063410832,62.318115527583672],[14.557079682272304,62.587801671263861]]]}},
{"type":"Feature","properties":{"Tile_ID":"X0071_Y0006","Tile_X":71,"Tile_Y":6,"TOTAL_SCENES":489,"TILE_SIZE":2.68},"geometry":{"type":"Polygon","coordinates":[[[15.136784511736302,62.569182103687481],[15.715779128084828,62.548342138504729],[15.665762298524598,62.27904321251647],[15.091787172552602,62.299678810199239],[15.136784511736302,62.569182103687481]]]}},
{"type":"Feature","properties":{"Tile_ID":"X0072_Y0006","Tile_X":72,"Tile_Y":6,"TOTAL_SCENES":488,"TILE_SIZE":3.6},"geometry":{"type":"Polygon","coordinates":[[[15.715779128084828,62.548342138504729],[16.293985512531297,62.525286394466271],[16.238972709948111,62.256213211753817],[15.665762298524598,62.27904321251647],[15.715779128084828,62.548342138504729]]]}},
{"type":"Feature","properties":{"Tile_ID":"X0073_Y0006","Tile_X":73,"Tile_Y":6,"TOTAL_SCENES":507,"TILE_SIZE":2.76},"geometry":{"type":"Polygon","coordinates":[[[16.293985512531297,62.525286394466271],[16.871326395960185,62.50001996462543],[16.811343388831922,62.231193745279249],[16.238972709948111,62.256213211753817],[16.293985512531297,62.525286394466271]]]}},
{"type":"Feature","properties":{"Tile_ID":"X0074_Y0006","Tile_X":74,"Tile_Y":6,"TOTAL_SCENES":567,"TILE_SIZE":3.66},"geometry":{"type":"Polygon","coordinates":[[[16.871326395960185,62.50001996462543],[17.447725328384049,62.472548410221805],[17.382800096795464,62.203990204792085],[16.811343388831922,62.231193745279249],[16.871326395960185,62.50001996462543]]]}},
{"type":"Feature","properties":{"Tile_ID":"X0075_Y0006","Tile_X":75,"Tile_Y":6,"TOTAL_SCENES":599,"TILE_SIZE":3.11},"geometry":{"type":"Polygon","coordinates":[[[17.447725328384049,62.472548410221805],[18.023106746512028,62.442877754040495],[17.953269439529123,62.17460843000503],[17.382800096795464,62.203990204792085],[17.447725328384049,62.472548410221805]]]}},
{"type":"Feature","properties":{"Tile_ID":"X0081_Y0006","Tile_X":81,"Tile_Y":6,"TOTAL_SCENES":500,"TILE_SIZE":2.39},"geometry":{"type":"Polygon","coordinates":[[[20.882176548741828,62.261780111371472],[21.449923683164776,62.219066209307613],[21.351362427551294,61.952956525101563],[20.788303668793965,61.995260897029567],[20.882176548741828,62.261780111371472]]]}},
{"type":"Feature","properties":{"Tile_ID":"X0082_Y0006","Tile_X":82,"Tile_Y":6,"TOTAL_SCENES":539,"TILE_SIZE":3.73},"geometry":{"type":"Polygon","coordinates":[[[21.449923683164776,62.219066209307613],[22.016154406560268,62.17420762905099],[21.912948682632575,61.908526713672401],[21.351362427551294,61.952956525101563],[21.449923683164776,62.219066209307613]]]}},
{"type":"Feature","properties":{"Tile_ID":"X0083_Y0006","Tile_X":83,"Tile_Y":6,"TOTAL_SCENES":505,"TILE_SIZE":2.92},"geometry":{"type":"Polygon","coordinates":[[[22.016154406560268,62.17420762905099],[22.580802413147698,62.127213790143969],[22.472997861916202,61.861980605063273],[21.912948682632575,61.908526713672401],[22.016154406560268,62.17420762905099]]]}},
{"type":"Feature","properties":{"Tile_ID":"X0084_Y0006","Tile_X":84,"Tile_Y":6,"TOTAL_SCENES":467,"TILE_SIZE":2.8},"geometry":{"type":"Polygon","coordinates":[[[22.580802413147698,62.127213790143969],[23.143802786951266,62.078094493597305],[23.031446719315039,61.813327713312702],[22.472997861916202,61.861980605063273],[22.580802413147698,62.127213790143969]]]}},
{"type":"Feature","properties":{"Tile_ID":"X0085_Y0006","Tile_X":85,"Tile_Y":6,"TOTAL_SCENES":470,"TILE_SIZE":3.36},"geometry":{"type":"Polygon","coordinates":[[[23.143802786951266,62.078094493597305],[23.705092044336652,62.026859911149259],[23.588233375810262,61.76257791392684],[23.031446719315039,61.813327713312702],[23.143802786951266,62.078094493597305]]]}},
{"type":"Feature","properties":{"Tile_ID":"X0086_Y0006","Tile_X":86,"Tile_Y":6,"TOTAL_SCENES":433,"TILE_SIZE":2.34},"geometry":{"type":"Polygon","coordinates":[[[23.705092044336652,62.026859911149259],[24.264608173646995,61.973520574245342],[24.14329735776262,61.709741433359042],[23.588233375810262,61.76257791392684],[23.705092044336652,62.026859911149259]]]}},
{"type":"Feature","properties":{"Tile_ID":"X0087_Y0006","Tile_X":87,"Tile_Y":6,"TOTAL_SCENES":453,"TILE_SIZE":2.92},"geometry":{"type":"Polygon","coordinates":[[[24.264608173646995,61.973520574245342],[24.822290671907023,61.918087362764737],[24.696579632469742,61.654828838242885],[24.14329735776262,61.709741433359042],[24.264608173646995,61.973520574245342]]]}},
{"type":"Feature","properties":{"Tile_ID":"X0088_Y0006","Tile_X":88,"Tile_Y":6,"TOTAL_SCENES":451,"TILE_SIZE":2.86},"geometry":{"type":"Polygon","coordinates":[[[24.822290671907023,61.918087362764737],[25.378080578574099,61.860571493518364],[25.248022640947802,61.597851024402694],[24.696579632469742,61.654828838242885],[24.822290671907023,61.918087362764737]]]}},
{"type":"Feature","properties":{"Tile_ID":"X0089_Y0006","Tile_X":89,"Tile_Y":6,"TOTAL_SCENES":402,"TILE_SIZE":2.51},"geometry":{"type":"Polygon","coordinates":[[[25.378080578574099,61.860571493518364],[25.93192050632512,61.80098450854485],[25.797570327924635,61.538819205665611],[25.248022640947802,61.597851024402694],[25.378080578574099,61.860571493518364]]]}},
{"type":"Feature","properties":{"Tile_ID":"X0090_Y0006","Tile_X":90,"Tile_Y":6,"TOTAL_SCENES":448,"TILE_SIZE":3.34},"geometry":{"type":"Polygon","coordinates":[[[25.93192050632512,61.80098450854485],[26.483754668877555,61.739338263229108],[26.345168169040889,61.47774490249919],[25.797570327924635,61.538819205665611],[25.93192050632512,61.80098450854485]]]}},
{"type":"Feature","properties":{"Tile_ID":"X0091_Y0006","Tile_X":91,"Tile_Y":6,"TOTAL_SCENES":445,"TILE_SIZE":2.52},"geometry":{"type":"Polygon","coordinates":[[[26.483754668877555,61.739338263229108],[27.033528905852734,61.675644914269888],[26.890763195263986,61.414639930498723],[26.345168169040889,61.47774490249919],[26.483754668877555,61.739338263229108]]]}},
{"type":"Feature","properties":{"Tile_ID":"X0092_Y0006","Tile_X":92,"Tile_Y":6,"TOTAL_SCENES":429,"TILE_SIZE":2.69},"geometry":{"type":"Polygon","coordinates":[[[27.033528905852734,61.675644914269888],[27.581190704698034,61.609916907520308],[27.43430401452861,61.349516388747375],[26.890763195263986,61.414639930498723],[27.033528905852734,61.675644914269888]]]}},
{"type":"Feature","properties":{"Tile_ID":"X0093_Y0006","Tile_X":93,"Tile_Y":6,"TOTAL_SCENES":458,"TILE_SIZE":3.01},"geometry":{"type":"Polygon","coordinates":[[[27.581190704698034,61.609916907520308],[28.126689219693798,61.542166965726999],[27.975740830625114,61.282386648073242],[27.43430401452861,61.349516388747375],[27.581190704698034,61.609916907520308]]]}},
{"type":"Feature","properties":{"Tile_ID":"X0094_Y0006","Tile_X":94,"Tile_Y":6,"TOTAL_SCENES":336,"TILE_SIZE":2.19},"geometry":{"type":"Polygon","coordinates":[[[28.126689219693798,61.542166965726999],[28.669975288078753,61.472408076191563],[28.515025459365411,61.213263339225591],[27.975740830625114,61.282386648073242],[28.126689219693798,61.542166965726999]]]}},
{"type":"Feature","properties":{"Tile_ID":"X0095_Y0006","Tile_X":95,"Tile_Y":6,"TOTAL_SCENES":431,"TILE_SIZE":3.0},"geometry":{"type":"Polygon","coordinates":[[[28.669975288078753,61.472408076191563],[29.211001443335771,61.400653478378572],[29.052111342062968,61.142159340993516],[28.515025459365411,61.213263339225591],[28.669975288078753,61.472408076191563]]]}},
{"type":"Feature","properties":{"Tile_ID":"X0096_Y0006","Tile_X":96,"Tile_Y":6,"TOTAL_SCENES":424,"TILE_SIZE":2.51},"geometry":{"type":"Polygon","coordinates":[[[29.211001443335771,61.400653478378572],[29.749721925687183,61.326916651493001],[29.586953556370606,61.06908776828832],[29.052111342062968,61.142159340993516],[29.211001443335771,61.400653478378572]]]}},
{"type":"Feature","properties":{"Tile_ID":"X0066_Y0007","Tile_X":66,"Tile_Y":7,"TOTAL_SCENES":394,"TILE_SIZE":2.52},"geometry":{"type":"Polygon","coordinates":[[[12.213112551587427,62.369800437014099],[12.789763416554617,62.360194635638173],[12.765524970506215,62.090133818162343],[12.193875025839636,62.099645902852671],[12.213112551587427,62.369800437014099]]]}},
{"type":"Feature","properties":{"Tile_ID":"X0067_Y0007","Tile_X":67,"Tile_Y":7,"TOTAL_SCENES":364,"TILE_SIZE":2.3},"geometry":{"type":"Polygon","coordinates":[[[12.789763416554617,62.360194635638173],[13.366033979503284,62.34837674461675],[13.336805938141163,62.078431138139592],[12.765524970506215,62.090133818162343],[12.789763416554617,62.360194635638173]]]}},
{"type":"Feature","properties":{"Tile_ID":"X0068_Y0007","Tile_X":68,"Tile_Y":7,"TOTAL_SCENES":436,"TILE_SIZE":2.28},"geometry":{"type":"Polygon","coordinates":[[[13.366033979503284,62.34837674461675],[13.941846348017586,62.334349352903303],[13.90764234131869,62.064540372541508],[13.336805938141163,62.078431138139592],[13.366033979503284,62.34837674461675]]]}},
{"type":"Feature","properties":{"Tile_ID":"X0069_Y0007","Tile_X":69,"Tile_Y":7,"TOTAL_SCENES":446,"TILE_SIZE":3.08},"geometry":{"type":"Polygon","coordinates":[[[13.941846348017586,62.334349352903303],[14.517123063410832,62.318115527583672],[14.477959005346962,62.048464494764673],[13.90764234131869,62.064540372541508],[13.941846348017586,62.334349352903303]]]}},
{"type":"Feature","properties":{"Tile_ID":"X0070_Y0007","Tile_X":70,"Tile_Y":7,"TOTAL_SCENES":458,"TILE_SIZE":2.61},"geometry":{"type":"Polygon","coordinates":[[[14.517123063410832,62.318115527583672],[15.091787172552602,62.299678810199239],[15.047681236665587,62.030206938348357],[14.477959005346962,62.048464494764673],[14.517123063410832,62.318115527583672]]]}},
{"type":"Feature","properties":{"Tile_ID":"X0071_Y0007","Tile_X":71,"Tile_Y":7,"TOTAL_SCENES":502,"TILE_SIZE":3.03},"geometry":{"type":"Polygon","coordinates":[[[15.091787172552602,62.299678810199239],[15.665762298524598,62.27904321251647],[15.61673489015009,62.009771592950194],[15.047681236665587,62.030206938348357],[15.091787172552602,62.299678810199239]]]}},
{"type":"Feature","properties":{"Tile_ID":"X0072_Y0007","Tile_X":72,"Tile_Y":7,"TOTAL_SCENES":523,"TILE_SIZE":3.43},"geometry":{"type":"Polygon","coordinates":[[[15.665762298524598,62.27904321251647],[16.238972709948111,62.256213211753817],[16.185046435176663,61.987162799805446],[15.61673489015009,62.009771592950194],[15.665762298524598,62.27904321251647]]]}},
{"type":"Feature","properties":{"Tile_ID":"X0073_Y0007","Tile_X":73,"Tile_Y":7,"TOTAL_SCENES":467,"TILE_SIZE":2.72},"geometry":{"type":"Polygon","coordinates":[[[16.238972709948111,62.256213211753817],[16.811343388831922,62.231193745279249],[16.752543020305566,61.962385346681458],[16.185046435176663,61.987162799805446],[16.238972709948111,62.256213211753817]]]}},
{"type":"Feature","properties":{"Tile_ID":"X0074_Y0007","Tile_X":74,"Tile_Y":7,"TOTAL_SCENES":585,"TILE_SIZE":4.07},"geometry":{"type":"Polygon","coordinates":[[[16.811343388831922,62.231193745279249],[17.382800096795464,62.203990204792085],[17.319152536447412,61.935444462340904],[16.752543020305566,61.962385346681458],[16.811343388831922,62.231193745279249]]]}},
{"type":"Feature","properties":{"Tile_ID":"X0075_Y0007","Tile_X":75,"Tile_Y":7,"TOTAL_SCENES":620,"TILE_SIZE":2.81},"geometry":{"type":"Polygon","coordinates":[[[17.382800096795464,62.203990204792085],[17.953269439529123,62.17460843000503],[17.884803678382713,61.906345810527753],[17.319152536447412,61.935444462340904],[17.382800096795464,62.203990204792085]]]}},
{"type":"Feature","properties":{"Tile_ID":"X0081_Y0007","Tile_X":81,"Tile_Y":7,"TOTAL_SCENES":491,"TILE_SIZE":2.15},"geometry":{"type":"Polygon","coordinates":[[[20.788303668793965,61.995260897029567],[21.351362427551294,61.952956525101563],[21.254707515478856,61.686811036923736],[20.696251729500705,61.728713866462328],[20.788303668793965,61.995260897029567]]]}},
{"type":"Feature","properties":{"Tile_ID":"X0082_Y0007","Tile_X":82,"Tile_Y":7,"TOTAL_SCENES":573,"TILE_SIZE":3.97},"geometry":{"type":"Polygon","coordinates":[[[21.351362427551294,61.952956525101563],[21.912948682632575,61.908526713672401],[21.811733067591558,61.642801667874245],[21.254707515478856,61.686811036923736],[21.351362427551294,61.952956525101563]]]}},
{"type":"Feature","properties":{"Tile_ID":"X0083_Y0007","Tile_X":83,"Tile_Y":7,"TOTAL_SCENES":534,"TILE_SIZE":2.94},"geometry":{"type":"Polygon","coordinates":[[[21.912948682632575,61.908526713672401],[22.472997861916202,61.861980605063273],[22.367265491617918,61.596694634728379],[21.811733067591558,61.642801667874245],[21.912948682632575,61.908526713672401]]]}},
{"type":"Feature","properties":{"Tile_ID":"X0084_Y0007","Tile_X":84,"Tile_Y":7,"TOTAL_SCENES":473,"TILE_SIZE":2.97},"geometry":{"type":"Polygon","coordinates":[[[22.472997861916202,61.861980605063273],[23.031446719315039,61.813327713312702],[22.921243159034216,61.548499175158028],[22.367265491617918,61.596694634728379],[22.472997861916202,61.861980605063273]]]}},
{"type":"Feature","properties":{"Tile_ID":"X0085_Y0007","Tile_X":85,"Tile_Y":7,"TOTAL_SCENES":477,"TILE_SIZE":3.3},"geometry":{"type":"Polygon","coordinates":[[[23.031446719315039,61.813327713312702],[23.588233375810262,61.76257791392684],[23.473605746597002,61.498224879307529],[22.921243159034216,61.548499175158028],[23.031446719315039,61.813327713312702]]]}},
{"type":"Feature","properties":{"Tile_ID":"X0086_Y0007","Tile_X":86,"Tile_Y":7,"TOTAL_SCENES":345,"TILE_SIZE":2.41},"geometry":{"type":"Polygon","coordinates":[[[23.588233375810262,61.76257791392684],[24.14329735776262,61.709741433359042],[24.024294273369435,61.445881679746819],[23.473605746597002,61.498224879307529],[23.588233375810262,61.76257791392684]]]}},
{"type":"Feature","properties":{"Tile_ID":"X0087_Y0007","Tile_X":87,"Tile_Y":7,"TOTAL_SCENES":462,"TILE_SIZE":3.13},"geometry":{"type":"Polygon","coordinates":[[[24.14329735776262,61.709741433359042],[24.696579632469742,61.654828838242885],[24.573251135159747,61.39147984118474],[24.024294273369435,61.445881679746819],[24.14329735776262,61.709741433359042]]]}},
{"type":"Feature","properties":{"Tile_ID":"X0088_Y0007","Tile_X":88,"Tile_Y":7,"TOTAL_SCENES":442,"TILE_SIZE":2.72},"geometry":{"type":"Polygon","coordinates":[[[24.696579632469742,61.654828838242885],[25.248022640947802,61.597851024402694],[25.120420136349523,61.335029949965431],[24.573251135159747,61.39147984118474],[24.696579632469742,61.654828838242885]]]}},
{"type":"Feature","properties":{"Tile_ID":"X0089_Y0007","Tile_X":89,"Tile_Y":7,"TOTAL_SCENES":446,"TILE_SIZE":2.48},"geometry":{"type":"Polygon","coordinates":[[[25.248022640947802,61.597851024402694],[25.797570327924635,61.538819205665611],[25.665746519097794,61.27654290337037],[25.120420136349523,61.335029949965431],[25.248022640947802,61.597851024402694]]]}},
{"type":"Feature","properties":{"Tile_ID":"X0090_Y0007","Tile_X":90,"Tile_Y":7,"TOTAL_SCENES":448,"TILE_SIZE":3.37},"geometry":{"type":"Polygon","coordinates":[[[25.797570327924635,61.538819205665611],[26.345168169040889,61.47774490249919],[26.209176989915498,61.216029898748872],[25.665746519097794,61.27654290337037],[25.797570327924635,61.538819205665611]]]}},
{"type":"Feature","properties":{"Tile_ID":"X0091_Y0007","Tile_X":91,"Tile_Y":7,"TOTAL_SCENES":429,"TILE_SIZE":2.47},"geometry":{"type":"Polygon","coordinates":[[[26.345168169040889,61.47774490249919],[26.890763195263986,61.414639930498723],[26.750659743612946,61.153502422499301],[26.209176989915498,61.216029898748872],[26.345168169040889,61.47774490249919]]]}},
{"type":"Feature","properties":{"Tile_ID":"X0092_Y0007","Tile_X":92,"Tile_Y":7,"TOTAL_SCENES":460,"TILE_SIZE":2.83},"geometry":{"type":"Polygon","coordinates":[[[26.890763195263986,61.414639930498723],[27.43430401452861,61.349516388747375],[27.290144484630655,61.088972238923709],[26.750659743612946,61.153502422499301],[26.890763195263986,61.414639930498723]]]}},
{"type":"Feature","properties":{"Tile_ID":"X0093_Y0007","Tile_X":93,"Tile_Y":7,"TOTAL_SCENES":457,"TILE_SIZE":2.95},"geometry":{"type":"Polygon","coordinates":[[[27.43430401452861,61.349516388747375],[27.975740830625114,61.282386648073242],[27.827582445771665,61.022451378977458],[27.290144484630655,61.088972238923709],[27.43430401452861,61.349516388747375]]]}},
{"type":"Feature","properties":{"Tile_ID":"X0094_Y0007","Tile_X":94,"Tile_Y":7,"TOTAL_SCENES":356,"TILE_SIZE":2.32},"geometry":{"type":"Polygon","coordinates":[[[27.975740830625114,61.282386648073242],[28.515025459365411,61.213263339225591],[28.362926404360636,60.953952128936308],[27.827582445771665,61.022451378977458],[27.975740830625114,61.282386648073242]]]}},
{"type":"Feature","properties":{"Tile_ID":"X0095_Y0007","Tile_X":95,"Tile_Y":7,"TOTAL_SCENES":474,"TILE_SIZE":3.2},"geometry":{"type":"Polygon","coordinates":[[[28.515025459365411,61.213263339225591],[29.052111342062968,61.142159340993516],[28.896130695861988,60.8834870190015],[28.362926404360636,60.953952128936308],[28.515025459365411,61.213263339225591]]]}},
{"type":"Feature","properties":{"Tile_ID":"X0066_Y0008","Tile_X":66,"Tile_Y":8,"TOTAL_SCENES":421,"TILE_SIZE":3.04},"geometry":{"type":"Polygon","coordinates":[[[12.193875025839636,62.099645902852671],[12.765524970506215,62.090133818162343],[12.741764142928853,61.82011512594589],[12.175016824057925,61.829535378057599],[12.193875025839636,62.099645902852671]]]}},
{"type":"Feature","properties":{"Tile_ID":"X0067_Y0008","Tile_X":67,"Tile_Y":8,"TOTAL_SCENES":420,"TILE_SIZE":2.3},"geometry":{"type":"Polygon","coordinates":[[[12.765524970506215,62.090133818162343],[13.336805938141163,62.078431138139592],[13.308153371028238,61.808525343147352],[12.741764142928853,61.82011512594589],[12.765524970506215,62.090133818162343]]]}},
{"type":"Feature","properties":{"Tile_ID":"X0068_Y0008","Tile_X":68,"Tile_Y":8,"TOTAL_SCENES":407,"TILE_SIZE":2.54},"geometry":{"type":"Polygon","coordinates":[[[13.336805938141163,62.078431138139592],[13.90764234131869,62.064540372541508],[13.874111137336772,61.794768463327188],[13.308153371028238,61.808525343147352],[13.336805938141163,62.078431138139592]]]}},
{"type":"Feature","properties":{"Tile_ID":"X0069_Y0008","Tile_X":69,"Tile_Y":8,"TOTAL_SCENES":450,"TILE_SIZE":3.07},"geometry":{"type":"Polygon","coordinates":[[[13.90764234131869,62.064540372541508],[14.477959005346962,62.048464494764673],[14.439564463779762,61.778847369858887],[13.874111137336772,61.794768463327188],[13.90764234131869,62.064540372541508]]]}},
{"type":"Feature","properties":{"Tile_ID":"X0070_Y0008","Tile_X":70,"Tile_Y":8,"TOTAL_SCENES":409,"TILE_SIZE":2.32},"geometry":{"type":"Polygon","coordinates":[[[14.477959005346962,62.048464494764673],[15.047681236665587,62.030206938348357],[15.004440830388784,61.760765392496666],[14.439564463779762,61.778847369858887],[14.477959005346962,62.048464494764673]]]}},
{"type":"Feature","properties":{"Tile_ID":"X0071_Y0008","Tile_X":71,"Tile_Y":8,"TOTAL_SCENES":497,"TILE_SIZE":3.37},"geometry":{"type":"Polygon","coordinates":[[[15.047681236665587,62.030206938348357],[15.61673489015009,62.009771592950194],[15.568668239442841,61.7405263035457],[15.004440830388784,61.760765392496666],[15.047681236665587,62.030206938348357]]]}},
{"type":"Feature","properties":{"Tile_ID":"X0072_Y0008","Tile_X":72,"Tile_Y":8,"TOTAL_SCENES":544,"TILE_SIZE":3.29},"geometry":{"type":"Polygon","coordinates":[[[15.61673489015009,62.009771592950194],[16.185046435176663,61.987162799805446],[16.132175278451559,61.718134313540268],[15.568668239442841,61.7405263035457],[15.61673489015009,62.009771592950194]]]}},
{"type":"Feature","properties":{"Tile_ID":"X0073_Y0008","Tile_X":73,"Tile_Y":8,"TOTAL_SCENES":544,"TILE_SIZE":2.86},"geometry":{"type":"Polygon","coordinates":[[[16.185046435176663,61.987162799805446],[16.752543020305566,61.962385346681458],[16.694891181848078,61.693594066440532],[16.132175278451559,61.718134313540268],[16.185046435176663,61.987162799805446]]]}},
{"type":"Feature","properties":{"Tile_ID":"X0074_Y0008","Tile_X":74,"Tile_Y":8,"TOTAL_SCENES":552,"TILE_SIZE":4.06},"geometry":{"type":"Polygon","coordinates":[[[16.752543020305566,61.962385346681458],[17.319152536447412,61.935444462340904],[17.256745891264273,61.666910634361024],[16.694891181848078,61.693594066440532],[16.752543020305566,61.962385346681458]]]}},
{"type":"Feature","properties":{"Tile_ID":"X0075_Y0008","Tile_X":75,"Tile_Y":8,"TOTAL_SCENES":577,"TILE_SIZE":2.47},"geometry":{"type":"Polygon","coordinates":[[[17.319152536447412,61.935444462340904],[17.884803678382713,61.906345810527753],[17.817670114266846,61.638089511843418],[17.256745891264273,61.666910634361024],[17.319152536447412,61.935444462340904]]]}},
{"type":"Feature","properties":{"Tile_ID":"X0082_Y0008","Tile_X":82,"Tile_Y":8,"TOTAL_SCENES":565,"TILE_SIZE":3.64},"geometry":{"type":"Polygon","coordinates":[[[21.254707515478856,61.686811036923736],[21.811733067591558,61.642801667874245],[21.712451862320243,61.377033532699905],[21.159905371517414,61.420630556106737],[21.254707515478856,61.686811036923736]]]}},
{"type":"Feature","properties":{"Tile_ID":"X0083_Y0008","Tile_X":83,"Tile_Y":8,"TOTAL_SCENES":532,"TILE_SIZE":2.81},"geometry":{"type":"Polygon","coordinates":[[[21.811733067591558,61.642801667874245],[22.367265491617918,61.596694634728379],[22.263547556303593,61.331357157415049],[21.712451862320243,61.377033532699905],[21.811733067591558,61.642801667874245]]]}},
{"type":"Feature","properties":{"Tile_ID":"X0084_Y0008","Tile_X":84,"Tile_Y":8,"TOTAL_SCENES":495,"TILE_SIZE":3.21},"geometry":{"type":"Polygon","coordinates":[[[22.367265491617918,61.596694634728379],[22.921243159034216,61.548499175158028],[22.813132392025512,61.283610401688691],[22.263547556303593,61.331357157415049],[22.367265491617918,61.596694634728379]]]}},
{"type":"Feature","properties":{"Tile_ID":"X0085_Y0008","Tile_X":85,"Tile_Y":8,"TOTAL_SCENES":483,"TILE_SIZE":3.2},"geometry":{"type":"Polygon","coordinates":[[[22.921243159034216,61.548499175158028],[23.473605746597002,61.498224879307529],[23.361147554809644,61.233802580691936],[22.813132392025512,61.283610401688691],[22.921243159034216,61.548499175158028]]]}},
{"type":"Feature","properties":{"Tile_ID":"X0086_Y0008","Tile_X":86,"Tile_Y":8,"TOTAL_SCENES":345,"TILE_SIZE":2.46},"geometry":{"type":"Polygon","coordinates":[[[23.473605746597002,61.498224879307529],[24.024294273369435,61.445881679746819],[23.907535512526362,61.181943343732335],[23.361147554809644,61.233802580691936],[23.473605746597002,61.498224879307529]]]}},
{"type":"Feature","properties":{"Tile_ID":"X0087_Y0008","Tile_X":87,"Tile_Y":8,"TOTAL_SCENES":469,"TILE_SIZE":3.26},"geometry":{"type":"Polygon","coordinates":[[[24.024294273369435,61.445881679746819],[24.573251135159747,61.39147984118474],[24.452240048940972,61.128042664422622],[23.907535512526362,61.181943343732335],[24.024294273369435,61.445881679746819]]]}},
{"type":"Feature","properties":{"Tile_ID":"X0088_Y0008","Tile_X":88,"Tile_Y":8,"TOTAL_SCENES":452,"TILE_SIZE":2.64},"geometry":{"type":"Polygon","coordinates":[[[24.573251135159747,61.39147984118474],[25.120420136349523,61.335029949965431],[24.995206294606248,61.072110830638138],[24.452240048940972,61.128042664422622],[24.573251135159747,61.39147984118474]]]}},
{"type":"Feature","properties":{"Tile_ID":"X0089_Y0008","Tile_X":89,"Tile_Y":8,"TOTAL_SCENES":475,"TILE_SIZE":2.64},"geometry":{"type":"Polygon","coordinates":[[[25.120420136349523,61.335029949965431],[25.665746519097794,61.27654290337037],[25.536380755284437,61.014158434284198],[24.995206294606248,61.072110830638138],[25.120420136349523,61.335029949965431]]]}},
{"type":"Feature","properties":{"Tile_ID":"X0090_Y0008","Tile_X":90,"Tile_Y":8,"TOTAL_SCENES":491,"TILE_SIZE":3.51},"geometry":{"type":"Polygon","coordinates":[[[25.665746519097794,61.27654290337037],[26.209176989915498,61.216029898748872],[26.075711337891704,60.954196360894549],[25.536380755284437,61.014158434284198],[25.665746519097794,61.27654290337037]]]}},
{"type":"Feature","properties":{"Tile_ID":"X0091_Y0008","Tile_X":91,"Tile_Y":8,"TOTAL_SCENES":399,"TILE_SIZE":2.46},"geometry":{"type":"Polygon","coordinates":[[[26.209176989915498,61.216029898748872],[26.750659743612946,61.153502422499301],[26.613147373965425,60.89223577908254],[26.075711337891704,60.954196360894549],[26.209176989915498,61.216029898748872]]]}},
{"type":"Feature","properties":{"Tile_ID":"X0092_Y0008","Tile_X":92,"Tile_Y":8,"TOTAL_SCENES":506,"TILE_SIZE":3.07},"geometry":{"type":"Polygon","coordinates":[[[26.750659743612946,61.153502422499301],[27.290144484630655,61.088972238923709],[27.148639640662289,60.828288129865754],[26.613147373965425,60.89223577908254],[26.750659743612946,61.153502422499301]]]}},
{"type":"Feature","properties":{"Tile_ID":"X0093_Y0008","Tile_X":93,"Tile_Y":8,"TOTAL_SCENES":503,"TILE_SIZE":3.09},"geometry":{"type":"Polygon","coordinates":[[[27.290144484630655,61.088972238923709],[27.827582445771665,61.022451378977458],[27.682140379301849,60.762365115885061],[27.148639640662289,60.828288129865754],[27.290144484630655,61.088972238923709]]]}},
{"type":"Feature","properties":{"Tile_ID":"X0094_Y0008","Tile_X":94,"Tile_Y":8,"TOTAL_SCENES":376,"TILE_SIZE":2.5},"geometry":{"type":"Polygon","coordinates":[[[27.827582445771665,61.022451378977458],[28.362926404360636,60.953952128936308],[28.213603311477591,60.694478690539079],[27.682140379301849,60.762365115885061],[27.827582445771665,61.022451378977458]]]}},
{"type":"Feature","properties":{"Tile_ID":"X0095_Y0008","Tile_X":95,"Tile_Y":8,"TOTAL_SCENES":514,"TILE_SIZE":3.33},"geometry":{"type":"Polygon","coordinates":[[[28.362926404360636,60.953952128936308],[28.896130695861988,60.8834870190015],[28.74298365276335,60.624641047053366],[28.213603311477591,60.694478690539079],[28.362926404360636,60.953952128936308]]]}},
{"type":"Feature","properties":{"Tile_ID":"X0065_Y0009","Tile_X":65,"Tile_Y":9,"TOTAL_SCENES":393,"TILE_SIZE":2.45},"geometry":{"type":"Polygon","coordinates":[[[11.607985112338637,61.836784118342209],[12.175016824057925,61.829535378057599],[12.156526972254724,61.559467355362806],[11.594310744354155,61.566646799438722],[11.607985112338637,61.836784118342209]]]}},
{"type":"Feature","properties":{"Tile_ID":"X0066_Y0009","Tile_X":66,"Tile_Y":9,"TOTAL_SCENES":409,"TILE_SIZE":2.96},"geometry":{"type":"Polygon","coordinates":[[[12.175016824057925,61.829535378057599],[12.741764142928853,61.82011512594589],[12.718467128281722,61.550137106419079],[12.156526972254724,61.559467355362806],[12.175016824057925,61.829535378057599]]]}},
{"type":"Feature","properties":{"Tile_ID":"X0067_Y0009","Tile_X":67,"Tile_Y":9,"TOTAL_SCENES":371,"TILE_SIZE":2.12},"geometry":{"type":"Polygon","coordinates":[[[12.741764142928853,61.82011512594589],[13.308153371028238,61.808525343147352],[13.280059662089537,61.538657974142993],[12.718467128281722,61.550137106419079],[12.741764142928853,61.82011512594589]]]}},
{"type":"Feature","properties":{"Tile_ID":"X0068_Y0009","Tile_X":68,"Tile_Y":9,"TOTAL_SCENES":396,"TILE_SIZE":2.71},"geometry":{"type":"Polygon","coordinates":[[[13.308153371028238,61.808525343147352],[13.874111137336772,61.794768463327188],[13.841233334685429,61.52503231906293],[13.280059662089537,61.538657974142993],[13.308153371028238,61.808525343147352]]]}},
{"type":"Feature","properties":{"Tile_ID":"X0069_Y0009","Tile_X":69,"Tile_Y":9,"TOTAL_SCENES":426,"TILE_SIZE":2.69},"geometry":{"type":"Polygon","coordinates":[[[13.874111137336772,61.794768463327188],[14.439564463779762,61.778847369858887],[14.401917281357877,61.50926293801912],[13.841233334685429,61.52503231906293],[13.874111137336772,61.794768463327188]]]}},
{"type":"Feature","properties":{"Tile_ID":"X0070_Y0009","Tile_X":70,"Tile_Y":9,"TOTAL_SCENES":375,"TILE_SIZE":2.35},"geometry":{"type":"Polygon","coordinates":[[[14.439564463779762,61.778847369858887],[15.004440830388784,61.760765392496666],[14.962041073783718,61.491353060995735],[14.401917281357877,61.50926293801912],[14.439564463779762,61.778847369858887]]]}},
{"type":"Feature","properties":{"Tile_ID":"X0071_Y0009","Tile_X":71,"Tile_Y":9,"TOTAL_SCENES":484,"TILE_SIZE":3.58},"geometry":{"type":"Polygon","coordinates":[[[15.004440830388784,61.760765392496666],[15.568668239442841,61.7405263035457],[15.521534781181693,61.471306347474545],[14.962041073783718,61.491353060995735],[15.004440830388784,61.760765392496666]]]}},
{"type":"Feature","properties":{"Tile_ID":"X0072_Y0009","Tile_X":72,"Tile_Y":9,"TOTAL_SCENES":493,"TILE_SIZE":2.89},"geometry":{"type":"Polygon","coordinates":[[[15.568668239442841,61.7405263035457],[16.132175278451559,61.718134313540268],[16.080329030383936,61.449126882319362],[15.521534781181693,61.471306347474545],[15.568668239442841,61.7405263035457]]]}},
{"type":"Feature","properties":{"Tile_ID":"X0073_Y0009","Tile_X":73,"Tile_Y":9,"TOTAL_SCENES":521,"TILE_SIZE":3.04},"geometry":{"type":"Polygon","coordinates":[[[16.132175278451559,61.718134313540268],[16.694891181848078,61.693594066440532],[16.638355064701255,61.424819171201698],[16.080329030383936,61.449126882319362],[16.132175278451559,61.718134313540268]]]}},
{"type":"Feature","properties":{"Tile_ID":"X0074_Y0009","Tile_X":74,"Tile_Y":9,"TOTAL_SCENES":549,"TILE_SIZE":3.94},"geometry":{"type":"Polygon","coordinates":[[[16.694891181848078,61.693594066440532],[17.256745891264273,61.666910634361024],[17.19554480146293,61.39838813557909],[16.638355064701255,61.424819171201698],[16.694891181848078,61.693594066440532]]]}},
{"type":"Feature","properties":{"Tile_ID":"X0075_Y0009","Tile_X":75,"Tile_Y":9,"TOTAL_SCENES":500,"TILE_SIZE":2.18},"geometry":{"type":"Polygon","coordinates":[[[17.256745891264273,61.666910634361024],[17.817670114266846,61.638089511843418],[17.751830888117016,61.369839107239066],[17.19554480146293,61.39838813557909],[17.256745891264273,61.666910634361024]]]}},
{"type":"Feature","properties":{"Tile_ID":"X0082_Y0009","Tile_X":82,"Tile_Y":9,"TOTAL_SCENES":571,"TILE_SIZE":3.39},"geometry":{"type":"Polygon","coordinates":[[[21.159905371517414,61.420630556106737],[21.712451862320243,61.377033532699905],[21.615051412570615,61.11122325415262],[21.066904397310612,61.154415807170814],[21.159905371517414,61.420630556106737]]]}},
{"type":"Feature","properties":{"Tile_ID":"X0083_Y0009","Tile_X":83,"Tile_Y":9,"TOTAL_SCENES":423,"TILE_SIZE":2.8},"geometry":{"type":"Polygon","coordinates":[[[21.712451862320243,61.377033532699905],[22.263547556303593,61.331357157415049],[22.161788418594156,61.06596934793302],[21.615051412570615,61.11122325415262],[21.712451862320243,61.377033532699905]]]}},
{"type":"Feature","properties":{"Tile_ID":"X0084_Y0009","Tile_X":84,"Tile_Y":9,"TOTAL_SCENES":537,"TILE_SIZE":3.47},"geometry":{"type":"Polygon","coordinates":[[[22.263547556303593,61.331357157415049],[22.813132392025512,61.283610401688691],[22.707056872318638,61.018662803394726],[22.161788418594156,61.06596934793302],[22.263547556303593,61.331357157415049]]]}},
{"type":"Feature","properties":{"Tile_ID":"X0085_Y0009","Tile_X":85,"Tile_Y":9,"TOTAL_SCENES":518,"TILE_SIZE":3.12},"geometry":{"type":"Polygon","coordinates":[[[22.813132392025512,61.283610401688691],[23.361147554809644,61.233802580691936],[23.250799422008381,60.969312670667321],[22.707056872318638,61.018662803394726],[22.813132392025512,61.283610401688691]]]}},
{"type":"Feature","properties":{"Tile_ID":"X0086_Y0009","Tile_X":86,"Tile_Y":9,"TOTAL_SCENES":377,"TILE_SIZE":2.42},"geometry":{"type":"Polygon","coordinates":[[[23.361147554809644,61.233802580691936],[23.907535512526362,61.181943343732335],[23.792959941829888,60.917928325953994],[23.250799422008381,60.969312670667321],[23.361147554809644,61.233802580691936]]]}},
{"type":"Feature","properties":{"Tile_ID":"X0087_Y0009","Tile_X":87,"Tile_Y":9,"TOTAL_SCENES":510,"TILE_SIZE":3.55},"geometry":{"type":"Polygon","coordinates":[[[23.907535512526362,61.181943343732335],[24.452240048940972,61.128042664422622],[24.333483564138845,60.864519462132662],[23.792959941829888,60.917928325953994],[23.907535512526362,61.181943343732335]]]}},
{"type":"Feature","properties":{"Tile_ID":"X0088_Y0009","Tile_X":88,"Tile_Y":9,"TOTAL_SCENES":477,"TILE_SIZE":2.7},"geometry":{"type":"Polygon","coordinates":[[[24.452240048940972,61.128042664422622],[24.995206294606248,61.072110830638138],[24.872316709455788,60.809096079150819],[24.333483564138845,60.864519462132662],[24.452240048940972,61.128042664422622]]]}},
{"type":"Feature","properties":{"Tile_ID":"X0089_Y0009","Tile_X":89,"Tile_Y":9,"TOTAL_SCENES":479,"TILE_SIZE":2.77},"geometry":{"type":"Polygon","coordinates":[[[24.995206294606248,61.072110830638138],[25.536380755284437,61.014158434284198],[25.409407114115044,60.751668474234826],[24.872316709455788,60.809096079150819],[24.995206294606248,61.072110830638138]]]}},
{"type":"Feature","properties":{"Tile_ID":"X0090_Y0009","Tile_X":90,"Tile_Y":9,"TOTAL_SCENES":504,"TILE_SIZE":3.54},"geometry":{"type":"Polygon","coordinates":[[[25.536380755284437,61.014158434284198],[26.075711337891704,60.954196360894549],[25.944703855578304,60.692247231933329],[25.409407114115044,60.751668474234826],[25.536380755284437,61.014158434284198]]]}},
{"type":"Feature","properties":{"Tile_ID":"X0091_Y0009","Tile_X":91,"Tile_Y":9,"TOTAL_SCENES":370,"TILE_SIZE":2.69},"geometry":{"type":"Polygon","coordinates":[[[26.075711337891704,60.954196360894549],[26.613147373965425,60.89223577908254],[26.478157375411808,60.630843214014966],[25.944703855578304,60.692247231933329],[26.075711337891704,60.954196360894549]]]}},
{"type":"Feature","properties":{"Tile_ID":"X0092_Y0009","Tile_X":92,"Tile_Y":9,"TOTAL_SCENES":515,"TILE_SIZE":3.3},"geometry":{"type":"Polygon","coordinates":[[[26.613147373965425,60.89223577908254],[27.148639640662289,60.828288129865754],[27.009719499932327,60.567467549240632],[26.478157375411808,60.630843214014966],[26.613147373965425,60.89223577908254]]]}},
{"type":"Feature","properties":{"Tile_ID":"X0093_Y0009","Tile_X":93,"Tile_Y":9,"TOTAL_SCENES":524,"TILE_SIZE":3.2},"geometry":{"type":"Polygon","coordinates":[[[27.148639640662289,60.828288129865754],[27.682140379301849,60.762365115885061],[27.539343458534233,60.502131623029484],[27.009719499932327,60.567467549240632],[27.148639640662289,60.828288129865754]]]}},
{"type":"Feature","properties":{"Tile_ID":"X0094_Y0009","Tile_X":94,"Tile_Y":9,"TOTAL_SCENES":385,"TILE_SIZE":2.65},"geometry":{"type":"Polygon","coordinates":[[[27.682140379301849,60.762365115885061],[28.213603311477591,60.694478690539079],[28.06698389971622,60.434847067038596],[27.539343458534233,60.502131623029484],[27.682140379301849,60.762365115885061]]]}},
{"type":"Feature","properties":{"Tile_ID":"X0066_Y0010","Tile_X":66,"Tile_Y":10,"TOTAL_SCENES":414,"TILE_SIZE":2.71},"geometry":{"type":"Polygon","coordinates":[[[12.156526972254724,61.559467355362806],[12.718467128281722,61.550137106419079],[12.695620649866335,61.280198304838606],[12.138394917270951,61.289440327424124],[12.156526972254724,61.559467355362806]]]}},
{"type":"Feature","properties":{"Tile_ID":"X0067_Y0010","Tile_X":67,"Tile_Y":10,"TOTAL_SCENES":348,"TILE_SIZE":2.29},"geometry":{"type":"Polygon","coordinates":[[[12.718467128281722,61.550137106419079],[13.280059662089537,61.538657974142993],[13.252508830910804,61.268827640890798],[12.695620649866335,61.280198304838606],[12.718467128281722,61.550137106419079]]]}},
{"type":"Feature","properties":{"Tile_ID":"X0068_Y0010","Tile_X":68,"Tile_Y":10,"TOTAL_SCENES":434,"TILE_SIZE":3.21},"geometry":{"type":"Polygon","coordinates":[[[13.280059662089537,61.538657974142993],[13.841233334685429,61.52503231906293],[13.808990273025509,61.255330625786414],[13.252508830910804,61.268827640890798],[13.280059662089537,61.538657974142993]]]}},
{"type":"Feature","properties":{"Tile_ID":"X0069_Y0010","Tile_X":69,"Tile_Y":10,"TOTAL_SCENES":443,"TILE_SIZE":2.62},"geometry":{"type":"Polygon","coordinates":[[[13.841233334685429,61.52503231906293],[14.401917281357877,61.50926293801912],[14.364996145501488,61.239709973156124],[13.808990273025509,61.255330625786414],[13.841233334685429,61.52503231906293]]]}},
{"type":"Feature","properties":{"Tile_ID":"X0070_Y0010","Tile_X":70,"Tile_Y":10,"TOTAL_SCENES":458,"TILE_SIZE":2.67},"geometry":{"type":"Polygon","coordinates":[[[14.401917281357877,61.50926293801912],[14.962041073783718,61.491353060995735],[14.920458033521811,61.221968817038345],[14.364996145501488,61.239709973156124],[14.401917281357877,61.50926293801912]]]}},
{"type":"Feature","properties":{"Tile_ID":"X0071_Y0010","Tile_X":71,"Tile_Y":10,"TOTAL_SCENES":482,"TILE_SIZE":3.55},"geometry":{"type":"Polygon","coordinates":[[[14.962041073783718,61.491353060995735],[15.521534781181693,61.471306347474545],[15.475307996492193,61.202110708405996],[14.920458033521811,61.221968817038345],[14.962041073783718,61.491353060995735]]]}},
{"type":"Feature","properties":{"Tile_ID":"X0072_Y0010","Tile_X":72,"Tile_Y":10,"TOTAL_SCENES":471,"TILE_SIZE":2.67},"geometry":{"type":"Polygon","coordinates":[[[15.521534781181693,61.471306347474545],[16.080329030383936,61.449126882319362],[16.02947862535969,61.180139611245487],[15.475307996492193,61.202110708405996],[15.521534781181693,61.471306347474545]]]}},
{"type":"Feature","properties":{"Tile_ID":"X0073_Y0010","Tile_X":73,"Tile_Y":10,"TOTAL_SCENES":534,"TILE_SIZE":3.41},"geometry":{"type":"Polygon","coordinates":[[[16.080329030383936,61.449126882319362],[16.638355064701255,61.424819171201698],[16.582903098803236,61.156059898198542],[16.02947862535969,61.180139611245487],[16.080329030383936,61.449126882319362]]]}},
{"type":"Feature","properties":{"Tile_ID":"X0074_Y0010","Tile_X":74,"Tile_Y":10,"TOTAL_SCENES":537,"TILE_SIZE":3.59},"geometry":{"type":"Polygon","coordinates":[[[16.638355064701255,61.424819171201698],[17.19554480146293,61.39838813557909],[17.13551523818402,61.129876345776417],[16.582903098803236,61.156059898198542],[16.638355064701255,61.424819171201698]]]}},
{"type":"Feature","properties":{"Tile_ID":"X0075_Y0010","Tile_X":75,"Tile_Y":10,"TOTAL_SCENES":441,"TILE_SIZE":2.22},"geometry":{"type":"Polygon","coordinates":[[[17.19554480146293,61.39838813557909],[17.751830888117016,61.369839107239066],[17.687249561148775,61.10159412915965],[17.13551523818402,61.129876345776417],[17.19554480146293,61.39838813557909]]]}},
{"type":"Feature","properties":{"Tile_ID":"X0082_Y0010","Tile_X":82,"Tile_Y":10,"TOTAL_SCENES":626,"TILE_SIZE":3.41},"geometry":{"type":"Polygon","coordinates":[[[21.066904397310612,61.154415807170814],[21.615051412570615,61.11122325415262],[21.519480017109114,60.845371687626113],[20.975654882205227,60.888167431896647],[21.066904397310612,61.154415807170814]]]}},
{"type":"Feature","properties":{"Tile_ID":"X0083_Y0010","Tile_X":83,"Tile_Y":10,"TOTAL_SCENES":412,"TILE_SIZE":2.9},"geometry":{"type":"Polygon","coordinates":[[[21.615051412570615,61.11122325415262],[22.161788418594156,61.06596934793302],[22.061934455591047,60.800532282418857],[21.519480017109114,60.845371687626113],[21.615051412570615,61.11122325415262]]]}},
{"type":"Feature","properties":{"Tile_ID":"X0084_Y0010","Tile_X":84,"Tile_Y":10,"TOTAL_SCENES":564,"TILE_SIZE":3.67},"geometry":{"type":"Polygon","coordinates":[[[22.161788418594156,61.06596934793302],[22.707056872318638,61.018662803394726],[22.602961125981743,60.753657683859387],[22.061934455591047,60.800532282418857],[22.161788418594156,61.06596934793302]]]}},
{"type":"Feature","properties":{"Tile_ID":"X0085_Y0010","Tile_X":85,"Tile_Y":10,"TOTAL_SCENES":541,"TILE_SIZE":3.07},"geometry":{"type":"Polygon","coordinates":[[[22.707056872318638,61.018662803394726],[23.250799422008381,60.969312670667321],[23.142504095392049,60.704756686533536],[22.602961125981743,60.753657683859387],[22.707056872318638,61.018662803394726]]]}},
{"type":"Feature","properties":{"Tile_ID":"X0086_Y0010","Tile_X":86,"Tile_Y":10,"TOTAL_SCENES":436,"TILE_SIZE":2.63},"geometry":{"type":"Polygon","coordinates":[[[23.250799422008381,60.969312670667321],[23.792959941829888,60.917928325953994],[23.680508603121169,60.653838403258789],[23.142504095392049,60.704756686533536],[23.250799422008381,60.969312670667321]]]}},
{"type":"Feature","properties":{"Tile_ID":"X0087_Y0010","Tile_X":87,"Tile_Y":10,"TOTAL_SCENES":534,"TILE_SIZE":3.66},"geometry":{"type":"Polygon","coordinates":[[[23.792959941829888,60.917928325953994],[24.333483564138845,60.864519462132662],[24.216921091911729,60.600912256095441],[23.680508603121169,60.653838403258789],[23.792959941829888,60.917928325953994]]]}},
{"type":"Feature","properties":{"Tile_ID":"X0088_Y0010","Tile_X":88,"Tile_Y":10,"TOTAL_SCENES":470,"TILE_SIZE":2.68},"geometry":{"type":"Polygon","coordinates":[[[24.333483564138845,60.864519462132662],[24.872316709455788,60.809096079150819],[24.751689237028533,60.545987967156769],[24.216921091911729,60.600912256095441],[24.333483564138845,60.864519462132662]]]}},
{"type":"Feature","properties":{"Tile_ID":"X0089_Y0010","Tile_X":89,"Tile_Y":10,"TOTAL_SCENES":514,"TILE_SIZE":3.0},"geometry":{"type":"Polygon","coordinates":[[[24.872316709455788,60.809096079150819],[25.409407114115044,60.751668474234826],[25.284761973144974,60.489075549238329],[24.751689237028533,60.545987967156769],[24.872316709455788,60.809096079150819]]]}},
{"type":"Feature","properties":{"Tile_ID":"X0090_Y0010","Tile_X":90,"Tile_Y":10,"TOTAL_SCENES":526,"TILE_SIZE":3.47},"geometry":{"type":"Polygon","coordinates":[[[25.409407114115044,60.751668474234826],[25.944703855578304,60.692247231933329],[25.816089519027521,60.430185296284101],[25.284761973144974,60.489075549238329],[25.409407114115044,60.751668474234826]]]}},
{"type":"Feature","properties":{"Tile_ID":"X0091_Y0010","Tile_X":91,"Tile_Y":10,"TOTAL_SCENES":385,"TILE_SIZE":2.81},"geometry":{"type":"Polygon","coordinates":[[[25.944703855578304,60.692247231933329],[26.478157375411808,60.630843214014966],[26.345623400015409,60.369327773709387],[25.816089519027521,60.430185296284101],[25.944703855578304,60.692247231933329]]]}},
{"type":"Feature","properties":{"Tile_ID":"X0092_Y0010","Tile_X":92,"Tile_Y":10,"TOTAL_SCENES":559,"TILE_SIZE":3.42},"geometry":{"type":"Polygon","coordinates":[[[26.478157375411808,60.630843214014966],[27.009719499932327,60.567467549240632],[26.87331646829913,60.30651380859878],[26.345623400015409,60.369327773709387],[26.478157375411808,60.630843214014966]]]}},
{"type":"Feature","properties":{"Tile_ID":"X0093_Y0010","Tile_X":93,"Tile_Y":10,"TOTAL_SCENES":562,"TILE_SIZE":2.66},"geometry":{"type":"Polygon","coordinates":[[[27.009719499932327,60.567467549240632],[27.539343458534233,60.502131623029484],[27.399122921007109,60.241754479798168],[26.87331646829913,60.30651380859878],[27.009719499932327,60.567467549240632]]]}},
{"type":"Feature","properties":{"Tile_ID":"X0094_Y0010","Tile_X":94,"Tile_Y":10,"TOTAL_SCENES":405,"TILE_SIZE":2.09},"geometry":{"type":"Polygon","coordinates":[[[27.539343458534233,60.502131623029484],[28.06698389971622,60.434847067038596],[27.922998316116523,60.175061107918864],[27.399122921007109,60.241754479798168],[27.539343458534233,60.502131623029484]]]}},
{"type":"Feature","properties":{"Tile_ID":"X0066_Y0011","Tile_X":66,"Tile_Y":11,"TOTAL_SCENES":459,"TILE_SIZE":2.55},"geometry":{"type":"Polygon","coordinates":[[[12.138394917270951,61.289440327424124],[12.695620649866335,61.280198304838606],[12.673211934772562,61.010297264475994],[12.120610506813721,61.01945278690863],[12.138394917270951,61.289440327424124]]]}},
{"type":"Feature","properties":{"Tile_ID":"X0067_Y0011","Tile_X":67,"Tile_Y":11,"TOTAL_SCENES":449,"TILE_SIZE":2.44},"geometry":{"type":"Polygon","coordinates":[[[12.695620649866335,61.280198304838606],[13.252508830910804,61.268827640890798],[13.225485502671413,60.999032948726061],[12.673211934772562,61.010297264475994],[12.695620649866335,61.280198304838606]]]}},
{"type":"Feature","properties":{"Tile_ID":"X0068_Y0011","Tile_X":68,"Tile_Y":11,"TOTAL_SCENES":456,"TILE_SIZE":3.31},"geometry":{"type":"Polygon","coordinates":[[[13.252508830910804,61.268827640890798],[13.808990273025509,61.255330625786414],[13.777363998078753,60.985662062222801],[13.225485502671413,60.999032948726061],[13.252508830910804,61.268827640890798]]]}},
{"type":"Feature","properties":{"Tile_ID":"X0069_Y0011","Tile_X":69,"Tile_Y":11,"TOTAL_SCENES":451,"TILE_SIZE":2.54},"geometry":{"type":"Polygon","coordinates":[[[13.808990273025509,61.255330625786414],[14.364996145501488,61.239709973156124],[14.328780548605256,60.970187238554296],[13.777363998078753,60.985662062222801],[13.808990273025509,61.255330625786414]]]}},
{"type":"Feature","properties":{"Tile_ID":"X0070_Y0011","Tile_X":70,"Tile_Y":11,"TOTAL_SCENES":531,"TILE_SIZE":3.14},"geometry":{"type":"Polygon","coordinates":[[[14.364996145501488,61.239709973156124],[14.920458033521811,61.221968817038345],[14.879668678399678,60.952611519457513],[14.328780548605256,60.970187238554296],[14.364996145501488,61.239709973156124]]]}},
{"type":"Feature","properties":{"Tile_ID":"X0071_Y0011","Tile_X":71,"Tile_Y":11,"TOTAL_SCENES":531,"TILE_SIZE":3.48},"geometry":{"type":"Polygon","coordinates":[[[14.920458033521811,61.221968817038345],[15.475307996492193,61.202110708405996],[15.429962363810695,60.932938351508533],[14.879668678399678,60.952611519457513],[14.920458033521811,61.221968817038345]]]}},
{"type":"Feature","properties":{"Tile_ID":"X0072_Y0011","Tile_X":72,"Tile_Y":11,"TOTAL_SCENES":404,"TILE_SIZE":2.64},"geometry":{"type":"Polygon","coordinates":[[[15.475307996492193,61.202110708405996],[16.02947862535969,61.180139611245487],[15.979596088101868,60.9111715823854],[15.429962363810695,60.932938351508533],[15.475307996492193,61.202110708405996]]]}},
{"type":"Feature","properties":{"Tile_ID":"X0073_Y0011","Tile_X":73,"Tile_Y":11,"TOTAL_SCENES":548,"TILE_SIZE":3.59},"geometry":{"type":"Polygon","coordinates":[[[16.02947862535969,61.180139611245487],[16.582903098803236,61.156059898198542],[16.528504895110718,60.887315456713665],[15.979596088101868,60.9111715823854],[16.02947862535969,61.180139611245487]]]}},
{"type":"Feature","properties":{"Tile_ID":"X0074_Y0011","Tile_X":74,"Tile_Y":11,"TOTAL_SCENES":575,"TILE_SIZE":3.41},"geometry":{"type":"Polygon","coordinates":[[[16.582903098803236,61.156059898198542],[17.13551523818402,61.129876345776417],[17.076624441746873,60.861374611503805],[16.528504895110718,60.887315456713665],[16.582903098803236,61.156059898198542]]]}},
{"type":"Feature","properties":{"Tile_ID":"X0075_Y0011","Tile_X":75,"Tile_Y":11,"TOTAL_SCENES":535,"TILE_SIZE":2.44},"geometry":{"type":"Polygon","coordinates":[[[17.13551523818402,61.129876345776417],[17.687249561148775,61.10159412915965],[17.623891049228792,60.833354071192367],[17.076624441746873,60.861374611503805],[17.13551523818402,61.129876345776417]]]}},
{"type":"Feature","properties":{"Tile_ID":"X0082_Y0011","Tile_X":82,"Tile_Y":11,"TOTAL_SCENES":701,"TILE_SIZE":3.47},"geometry":{"type":"Polygon","coordinates":[[[20.975654882205227,60.888167431896647],[21.519480017109114,60.845371687626113],[21.425687840710985,60.579479602092078],[20.88610891863414,60.621885993173457],[20.975654882205227,60.888167431896647]]]}},
{"type":"Feature","properties":{"Tile_ID":"X0083_Y0011","Tile_X":83,"Tile_Y":11,"TOTAL_SCENES":467,"TILE_SIZE":3.26},"geometry":{"type":"Polygon","coordinates":[[[21.519480017109114,60.845371687626113],[22.061934455591047,60.800532282418857],[21.96393396971386,60.535046942868121],[21.425687840710985,60.579479602092078],[21.519480017109114,60.845371687626113]]]}},
{"type":"Feature","properties":{"Tile_ID":"X0084_Y0011","Tile_X":84,"Tile_Y":11,"TOTAL_SCENES":579,"TILE_SIZE":4.05},"geometry":{"type":"Polygon","coordinates":[[[22.061934455591047,60.800532282418857],[22.602961125981743,60.753657683859387],[22.500791660035905,60.488596244638707],[21.96393396971386,60.535046942868121],[22.061934455591047,60.800532282418857]]]}},
{"type":"Feature","properties":{"Tile_ID":"X0085_Y0011","Tile_X":85,"Tile_Y":11,"TOTAL_SCENES":538,"TILE_SIZE":2.93},"geometry":{"type":"Polygon","coordinates":[[[22.602961125981743,60.753657683859387],[23.142504095392049,60.704756686533536],[23.036206355023566,60.440136055532292],[22.500791660035905,60.488596244638707],[22.602961125981743,60.753657683859387]]]}},
{"type":"Feature","properties":{"Tile_ID":"X0086_Y0011","Tile_X":86,"Tile_Y":11,"TOTAL_SCENES":501,"TILE_SIZE":2.87},"geometry":{"type":"Polygon","coordinates":[[[23.142504095392049,60.704756686533536],[23.680508603121169,60.653838403258789],[23.570124619256092,60.389675234281881],[23.036206355023566,60.440136055532292],[23.142504095392049,60.704756686533536]]]}},
{"type":"Feature","properties":{"Tile_ID":"X0087_Y0011","Tile_X":87,"Tile_Y":11,"TOTAL_SCENES":507,"TILE_SIZE":3.59},"geometry":{"type":"Polygon","coordinates":[[[23.680508603121169,60.653838403258789],[24.216921091911729,60.600912256095441],[24.102494168798085,60.337222941625129],[23.570124619256092,60.389675234281881],[23.680508603121169,60.653838403258789]]]}},
{"type":"Feature","properties":{"Tile_ID":"X0088_Y0011","Tile_X":88,"Tile_Y":11,"TOTAL_SCENES":358,"TILE_SIZE":2.48},"geometry":{"type":"Polygon","coordinates":[[[24.216921091911729,60.600912256095441],[24.751689237028533,60.545987967156769],[24.633263899401911,60.282788631509547],[24.102494168798085,60.337222941625129],[24.216921091911729,60.600912256095441]]]}},
{"type":"Feature","properties":{"Tile_ID":"X0089_Y0011","Tile_X":89,"Tile_Y":11,"TOTAL_SCENES":511,"TILE_SIZE":3.17},"geometry":{"type":"Polygon","coordinates":[[[24.751689237028533,60.545987967156769],[25.284761973144974,60.489075549238329],[25.162383912643666,60.226382042120328],[24.633263899401911,60.282788631509547],[24.751689237028533,60.545987967156769]]]}},
{"type":"Feature","properties":{"Tile_ID":"X0090_Y0011","Tile_X":90,"Tile_Y":11,"TOTAL_SCENES":549,"TILE_SIZE":3.48},"geometry":{"type":"Polygon","coordinates":[[[25.284761973144974,60.489075549238329],[25.816089519027521,60.430185296284101],[25.689805539982135,60.168013186749072],[25.162383912643666,60.226382042120328],[25.284761973144974,60.489075549238329]]]}},
{"type":"Feature","properties":{"Tile_ID":"X0091_Y0011","Tile_X":91,"Tile_Y":11,"TOTAL_SCENES":391,"TILE_SIZE":2.49},"geometry":{"type":"Polygon","coordinates":[[[25.816089519027521,60.430185296284101],[26.345623400015409,60.369327773709387],[26.215481364736608,60.107692344520835],[25.689805539982135,60.168013186749072],[25.816089519027521,60.430185296284101]]]}},
{"type":"Feature","properties":{"Tile_ID":"X0066_Y0012","Tile_X":66,"Tile_Y":12,"TOTAL_SCENES":438,"TILE_SIZE":2.6},"geometry":{"type":"Polygon","coordinates":[[[12.120610506813721,61.01945278690863],[12.673211934772562,61.010297264475994],[12.651228690235158,60.740432526791331],[12.103163970619518,60.749503226574518],[12.120610506813721,61.01945278690863]]]}},
{"type":"Feature","properties":{"Tile_ID":"X0067_Y0012","Tile_X":67,"Tile_Y":12,"TOTAL_SCENES":507,"TILE_SIZE":3.01},"geometry":{"type":"Polygon","coordinates":[[[12.673211934772562,61.010297264475994],[13.225485502671413,60.999032948726061],[13.198974879766876,60.729272498843081],[12.651228690235158,60.740432526791331],[12.673211934772562,61.010297264475994]]]}},
{"type":"Feature","properties":{"Tile_ID":"X0068_Y0012","Tile_X":68,"Tile_Y":12,"TOTAL_SCENES":487,"TILE_SIZE":3.2},"geometry":{"type":"Polygon","coordinates":[[[13.225485502671413,60.999032948726061],[13.777363998078753,60.985662062222801],[13.746337228603158,60.716025300207427],[13.198974879766876,60.729272498843081],[13.225485502671413,60.999032948726061]]]}},
{"type":"Feature","properties":{"Tile_ID":"X0069_Y0012","Tile_X":69,"Tile_Y":12,"TOTAL_SCENES":397,"TILE_SIZE":2.71},"geometry":{"type":"Polygon","coordinates":[[[13.777363998078753,60.985662062222801],[14.328780548605256,60.970187238554296],[14.293250750467235,60.70069348744866],[13.746337228603158,60.716025300207427],[13.777363998078753,60.985662062222801]]]}},
{"type":"Feature","properties":{"Tile_ID":"X0070_Y0012","Tile_X":70,"Tile_Y":12,"TOTAL_SCENES":583,"TILE_SIZE":3.5},"geometry":{"type":"Polygon","coordinates":[[[14.328780548605256,60.970187238554296],[14.879668678399678,60.952611519457513],[14.839650837335416,60.683280013476754],[14.293250750467235,60.70069348744866],[14.328780548605256,60.970187238554296]]]}},
{"type":"Feature","properties":{"Tile_ID":"X0071_Y0012","Tile_X":71,"Tile_Y":12,"TOTAL_SCENES":563,"TILE_SIZE":3.26},"geometry":{"type":"Polygon","coordinates":[[[14.879668678399678,60.952611519457513],[15.429962363810695,60.932938351508533],[15.385473312574604,60.663788224391766],[14.839650837335416,60.683280013476754],[14.879668678399678,60.952611519457513]]]}},
{"type":"Feature","properties":{"Tile_ID":"X0072_Y0012","Tile_X":72,"Tile_Y":12,"TOTAL_SCENES":461,"TILE_SIZE":2.85},"geometry":{"type":"Polygon","coordinates":[[[15.429962363810695,60.932938351508533],[15.979596088101868,60.9111715823854],[15.930654483193322,60.642221855920404],[15.385473312574604,60.663788224391766],[15.429962363810695,60.932938351508533]]]}},
{"type":"Feature","properties":{"Tile_ID":"X0073_Y0012","Tile_X":73,"Tile_Y":12,"TOTAL_SCENES":575,"TILE_SIZE":3.81},"geometry":{"type":"Polygon","coordinates":[[[15.979596088101868,60.9111715823854],[16.528504895110718,60.887315456713665],[16.475131191103877,60.618585029454096],[15.930654483193322,60.642221855920404],[15.979596088101868,60.9111715823854]]]}},
{"type":"Feature","properties":{"Tile_ID":"X0074_Y0012","Tile_X":74,"Tile_Y":12,"TOTAL_SCENES":576,"TILE_SIZE":3.1},"geometry":{"type":"Polygon","coordinates":[[[16.528504895110718,60.887315456713665],[17.076624441746873,60.861374611503805],[17.0188408632971,60.592882247697403],[16.475131191103877,60.618585029454096],[16.528504895110718,60.887315456713665]]]}},
{"type":"Feature","properties":{"Tile_ID":"X0075_Y0012","Tile_X":75,"Tile_Y":12,"TOTAL_SCENES":618,"TILE_SIZE":3.0},"geometry":{"type":"Polygon","coordinates":[[[17.076624441746873,60.861374611503805],[17.623891049228792,60.833354071192367],[17.561721560835178,60.565118389937233],[17.0188408632971,60.592882247697403],[17.076624441746873,60.861374611503805]]]}},
{"type":"Feature","properties":{"Tile_ID":"X0076_Y0012","Tile_X":76,"Tile_Y":12,"TOTAL_SCENES":640,"TILE_SIZE":3.19},"geometry":{"type":"Polygon","coordinates":[[[17.623891049228792,60.833354071192367],[18.170241752963243,60.803259242298061],[18.103712026572481,60.535298706944289],[17.561721560835178,60.565118389937233],[17.623891049228792,60.833354071192367]]]}},
{"type":"Feature","properties":{"Tile_ID":"X0082_Y0012","Tile_X":82,"Tile_Y":12,"TOTAL_SCENES":676,"TILE_SIZE":3.41},"geometry":{"type":"Polygon","coordinates":[[[20.88610891863414,60.621885993173457],[21.425687840710985,60.579479602092078],[21.333626831711261,60.313547684060133],[20.798220321963708,60.355571978636107],[20.88610891863414,60.621885993173457]]]}},
{"type":"Feature","properties":{"Tile_ID":"X0083_Y0012","Tile_X":83,"Tile_Y":12,"TOTAL_SCENES":533,"TILE_SIZE":3.21},"geometry":{"type":"Polygon","coordinates":[[[21.425687840710985,60.579479602092078],[21.96393396971386,60.535046942868121],[21.867737104171329,60.26951422142222],[21.333626831711261,60.313547684060133],[21.425687840710985,60.579479602092078]]]}},
{"type":"Feature","properties":{"Tile_ID":"X0084_Y0012","Tile_X":84,"Tile_Y":12,"TOTAL_SCENES":622,"TILE_SIZE":4.38},"geometry":{"type":"Polygon","coordinates":[[[21.96393396971386,60.535046942868121],[22.500791660035905,60.488596244638707],[22.400496876063968,60.223479589879219],[21.867737104171329,60.26951422142222],[21.96393396971386,60.535046942868121]]]}},
{"type":"Feature","properties":{"Tile_ID":"X0085_Y0012","Tile_X":85,"Tile_Y":12,"TOTAL_SCENES":526,"TILE_SIZE":3.01},"geometry":{"type":"Polygon","coordinates":[[[22.500791660035905,60.488596244638707],[23.036206355023566,60.440136055532292],[22.93185292579528,60.175452099797745],[22.400496876063968,60.223479589879219],[22.500791660035905,60.488596244638707]]]}},
{"type":"Feature","properties":{"Tile_ID":"X0086_Y0012","Tile_X":86,"Tile_Y":12,"TOTAL_SCENES":526,"TILE_SIZE":3.11},"geometry":{"type":"Polygon","coordinates":[[[23.036206355023566,60.440136055532292],[23.570124619256092,60.389675234281881],[23.461753104645773,60.1254403647307],[22.93185292579528,60.175452099797745],[23.036206355023566,60.440136055532292]]]}},
{"type":"Feature","properties":{"Tile_ID":"X0087_Y0012","Tile_X":87,"Tile_Y":12,"TOTAL_SCENES":518,"TILE_SIZE":3.54},"geometry":{"type":"Polygon","coordinates":[[[23.570124619256092,60.389675234281881],[24.102494168798085,60.337222941625129],[23.990146366049593,60.073453293187136],[23.461753104645773,60.1254403647307],[23.570124619256092,60.389675234281881]]]}},
{"type":"Feature","properties":{"Tile_ID":"X0088_Y0012","Tile_X":88,"Tile_Y":12,"TOTAL_SCENES":356,"TILE_SIZE":2.69},"geometry":{"type":"Polygon","coordinates":[[[24.102494168798085,60.337222941625129],[24.633263899401911,60.282788631509547],[24.516982792941921,60.019500080212232],[23.990146366049593,60.073453293187136],[24.102494168798085,60.337222941625129]]]}},
{"type":"Feature","properties":{"Tile_ID":"X0089_Y0012","Tile_X":89,"Tile_Y":12,"TOTAL_SCENES":549,"TILE_SIZE":3.05},"geometry":{"type":"Polygon","coordinates":[[[24.633263899401911,60.282788631509547],[25.162383912643666,60.226382042120328],[25.04221362315759,59.963590198794634],[24.516982792941921,60.019500080212232],[24.633263899401911,60.282788631509547]]]}},
{"type":"Feature","properties":{"Tile_ID":"X0090_Y0012","Tile_X":90,"Tile_Y":12,"TOTAL_SCENES":555,"TILE_SIZE":2.44},"geometry":{"type":"Polygon","coordinates":[[[25.162383912643666,60.226382042120328],[25.689805539982135,60.168013186749072],[25.565791272869923,59.905733391117543],[25.04221362315759,59.963590198794634],[25.162383912643666,60.226382042120328]]]}},
{"type":"Feature","properties":{"Tile_ID":"X0066_Y0013","Tile_X":66,"Tile_Y":13,"TOTAL_SCENES":384,"TILE_SIZE":2.63},"geometry":{"type":"Polygon","coordinates":[[[12.103163970619518,60.749503226574518],[12.651228690235158,60.740432526791331],[12.629659081308965,60.47060263159328],[12.086045902669511,60.479590139342797],[12.103163970619518,60.749503226574518]]]}},
{"type":"Feature","properties":{"Tile_ID":"X0067_Y0013","Tile_X":67,"Tile_Y":13,"TOTAL_SCENES":524,"TILE_SIZE":3.48},"geometry":{"type":"Polygon","coordinates":[[[12.651228690235158,60.740432526791331],[13.198974879766876,60.729272498843081],[13.172962715011279,60.459544888563251],[12.629659081308965,60.47060263159328],[12.651228690235158,60.740432526791331]]]}},
{"type":"Feature","properties":{"Tile_ID":"X0068_Y0013","Tile_X":68,"Tile_Y":13,"TOTAL_SCENES":509,"TILE_SIZE":2.87},"geometry":{"type":"Polygon","coordinates":[[[13.198974879766876,60.729272498843081],[13.746337228603158,60.716025300207427],[13.715893325203147,60.446419005080919],[13.172962715011279,60.459544888563251],[13.198974879766876,60.729272498843081]]]}},
{"type":"Feature","properties":{"Tile_ID":"X0069_Y0013","Tile_X":69,"Tile_Y":13,"TOTAL_SCENES":410,"TILE_SIZE":2.66},"geometry":{"type":"Polygon","coordinates":[[[13.746337228603158,60.716025300207427],[14.293250750467235,60.70069348744866],[14.258387742800045,60.43122746356579],[13.715893325203147,60.446419005080919],[13.746337228603158,60.716025300207427]]]}},
{"type":"Feature","properties":{"Tile_ID":"X0070_Y0013","Tile_X":70,"Tile_Y":13,"TOTAL_SCENES":530,"TILE_SIZE":3.68},"geometry":{"type":"Polygon","coordinates":[[[14.293250750467235,60.70069348744866],[14.839650837335416,60.683280013476754],[14.800383159686318,60.413973131414657],[14.258387742800045,60.43122746356579],[14.293250750467235,60.70069348744866]]]}},
{"type":"Feature","properties":{"Tile_ID":"X0071_Y0013","Tile_X":71,"Tile_Y":13,"TOTAL_SCENES":518,"TILE_SIZE":2.8},"geometry":{"type":"Polygon","coordinates":[[[14.839650837335416,60.683280013476754],[15.385473312574604,60.663788224391766],[15.341817179463916,60.394659257991592],[14.800383159686318,60.413973131414657],[14.839650837335416,60.683280013476754]]]}},
{"type":"Feature","properties":{"Tile_ID":"X0072_Y0013","Tile_X":72,"Tile_Y":13,"TOTAL_SCENES":530,"TILE_SIZE":2.97},"geometry":{"type":"Polygon","coordinates":[[[15.385473312574604,60.663788224391766],[15.930654483193322,60.642221855920404],[15.88262786737063,60.37328947122883],[15.341817179463916,60.394659257991592],[15.385473312574604,60.663788224391766]]]}},
{"type":"Feature","properties":{"Tile_ID":"X0073_Y0013","Tile_X":73,"Tile_Y":13,"TOTAL_SCENES":555,"TILE_SIZE":3.83},"geometry":{"type":"Polygon","coordinates":[[[15.930654483193322,60.642221855920404],[16.475131191103877,60.618585029454096],[16.422753799271653,60.349867773846839],[15.88262786737063,60.37328947122883],[15.930654483193322,60.642221855920404]]]}},
{"type":"Feature","properties":{"Tile_ID":"X0074_Y0013","Tile_X":74,"Tile_Y":13,"TOTAL_SCENES":452,"TILE_SIZE":2.7},"geometry":{"type":"Polygon","coordinates":[[[16.475131191103877,60.618585029454096],[17.0188408632971,60.592882247697403],[16.962134109632057,60.324398539201965],[16.422753799271653,60.349867773846839],[16.475131191103877,60.618585029454096]]]}},
{"type":"Feature","properties":{"Tile_ID":"X0075_Y0013","Tile_X":75,"Tile_Y":13,"TOTAL_SCENES":566,"TILE_SIZE":3.28},"geometry":{"type":"Polygon","coordinates":[[[17.0188408632971,60.592882247697403],[17.561721560835178,60.565118389937233],[17.500708538381154,60.296886506771699],[16.962134109632057,60.324398539201965],[17.0188408632971,60.592882247697403]]]}},
{"type":"Feature","properties":{"Tile_ID":"X0076_Y0013","Tile_X":76,"Tile_Y":13,"TOTAL_SCENES":576,"TILE_SIZE":3.66},"geometry":{"type":"Polygon","coordinates":[[[17.561721560835178,60.565118389937233],[18.103712026572481,60.535298706944289],[18.038417476584062,60.267336777287866],[17.500708538381154,60.296886506771699],[17.561721560835178,60.565118389937233]]]}},
{"type":"Feature","properties":{"Tile_ID":"X0077_Y0013","Tile_X":77,"Tile_Y":13,"TOTAL_SCENES":443,"TILE_SIZE":2.8},"geometry":{"type":"Polygon","coordinates":[[[18.103712026572481,60.535298706944289],[18.644751731518987,60.503428815518021],[18.575202010840023,60.235754807528785],[18.038417476584062,60.267336777287866],[18.103712026572481,60.535298706944289]]]}},
{"type":"Feature","properties":{"Tile_ID":"X0078_Y0013","Tile_X":78,"Tile_Y":13,"TOTAL_SCENES":650,"TILE_SIZE":3.03},"geometry":{"type":"Polygon","coordinates":[[[18.644751731518987,60.503428815518021],[19.184780919765974,60.469514692688428],[19.111003966331534,60.202146404782319],[18.575202010840023,60.235754807528785],[18.644751731518987,60.503428815518021]]]}},
{"type":"Feature","properties":{"Tile_ID":"X0082_Y0013","Tile_X":82,"Tile_Y":13,"TOTAL_SCENES":618,"TILE_SIZE":2.85},"geometry":{"type":"Polygon","coordinates":[[[20.798220321963708,60.355571978636107],[21.333626831711261,60.313547684060133],[21.243250643839929,60.047576541323373],[20.711944554536242,60.089225804104316],[20.798220321963708,60.355571978636107]]]}},
{"type":"Feature","properties":{"Tile_ID":"X0083_Y0013","Tile_X":83,"Tile_Y":13,"TOTAL_SCENES":588,"TILE_SIZE":3.17},"geometry":{"type":"Polygon","coordinates":[[[21.333626831711261,60.313547684060133],[21.867737104171329,60.26951422142222],[21.773295762790962,60.003934924425344],[21.243250643839929,60.047576541323373],[21.333626831711261,60.313547684060133]]]}},
{"type":"Feature","properties":{"Tile_ID":"X0084_Y0013","Tile_X":84,"Tile_Y":13,"TOTAL_SCENES":626,"TILE_SIZE":3.74},"geometry":{"type":"Polygon","coordinates":[[[21.867737104171329,60.26951422142222],[22.400496876063968,60.223479589879219],[22.302026988238229,59.958308730689389],[21.773295762790962,60.003934924425344],[21.867737104171329,60.26951422142222]]]}},
{"type":"Feature","properties":{"Tile_ID":"X0085_Y0013","Tile_X":85,"Tile_Y":13,"TOTAL_SCENES":417,"TILE_SIZE":2.92},"geometry":{"type":"Polygon","coordinates":[[[22.400496876063968,60.223479589879219],[22.93185292579528,60.175452099797745],[22.829392393859134,59.910706041044634],[22.302026988238229,59.958308730689389],[22.400496876063968,60.223479589879219]]]}},
{"type":"Feature","properties":{"Tile_ID":"X0086_Y0013","Tile_X":86,"Tile_Y":13,"TOTAL_SCENES":545,"TILE_SIZE":3.29},"geometry":{"type":"Polygon","coordinates":[[[22.93185292579528,60.175452099797745],[23.461753104645773,60.1254403647307],[23.355341080293499,59.861135232391341],[22.829392393859134,59.910706041044634],[22.93185292579528,60.175452099797745]]]}},
{"type":"Feature","properties":{"Tile_ID":"X0087_Y0013","Tile_X":87,"Tile_Y":13,"TOTAL_SCENES":559,"TILE_SIZE":3.46},"geometry":{"type":"Polygon","coordinates":[[[23.461753104645773,60.1254403647307],[23.990146366049593,60.073453293187136],[23.879823203478665,59.809604969722223],[23.355341080293499,59.861135232391341],[23.461753104645773,60.1254403647307]]]}},
{"type":"Feature","properties":{"Tile_ID":"X0088_Y0013","Tile_X":88,"Tile_Y":13,"TOTAL_SCENES":391,"TILE_SIZE":2.24},"geometry":{"type":"Polygon","coordinates":[[[23.990146366049593,60.073453293187136],[24.516982792941921,60.019500080212232],[24.402790001163414,59.756124198058664],[23.879823203478665,59.809604969722223],[23.990146366049593,60.073453293187136]]]}},
{"type":"Feature","properties":{"Tile_ID":"X0091_Y0013","Tile_X":91,"Tile_Y":13,"TOTAL_SCENES":401,"TILE_SIZE":2.05},"geometry":{"type":"Polygon","coordinates":[[[25.565791272869923,59.905733391117543],[26.087669358064328,59.84593965967094],[25.962127551102249,59.584072305821522],[25.443988126286474,59.643348258432852],[25.565791272869923,59.905733391117543]]]}},
{"type":"Feature","properties":{"Tile_ID":"X0092_Y0013","Tile_X":92,"Tile_Y":13,"TOTAL_SCENES":544,"TILE_SIZE":2.66},"geometry":{"type":"Polygon","coordinates":[[[26.087669358064328,59.84593965967094],[26.607802714046915,59.784219258241372],[26.478567885253266,59.522884257754129],[25.962127551102249,59.584072305821522],[26.087669358064328,59.84593965967094]]]}},
{"type":"Feature","properties":{"Tile_ID":"X0093_Y0013","Tile_X":93,"Tile_Y":13,"TOTAL_SCENES":510,"TILE_SIZE":2.08},"geometry":{"type":"Polygon","coordinates":[[[26.607802714046915,59.784219258241372],[27.12614741299361,59.720582682796262],[26.993266108613209,59.459794333101343],[26.478567885253266,59.522884257754129],[26.607802714046915,59.784219258241372]]]}},
{"type":"Feature","properties":{"Tile_ID":"X0094_Y0013","Tile_X":94,"Tile_Y":13,"TOTAL_SCENES":419,"TILE_SIZE":2.02},"geometry":{"type":"Polygon","coordinates":[[[27.12614741299361,59.720582682796262],[27.642660779550653,59.655040662279198],[27.506180403120105,59.394812979398893],[26.993266108613209,59.459794333101343],[27.12614741299361,59.720582682796262]]]}},
{"type":"Feature","properties":{"Tile_ID":"X0095_Y0013","Tile_X":95,"Tile_Y":13,"TOTAL_SCENES":547,"TILE_SIZE":2.88},"geometry":{"type":"Polygon","coordinates":[[[27.642660779550653,59.655040662279198],[28.157301404502189,59.587604149332464],[28.017270166358081,59.327950863937517],[27.506180403120105,59.394812979398893],[27.642660779550653,59.655040662279198]]]}},
{"type":"Feature","properties":{"Tile_ID":"X0096_Y0013","Tile_X":96,"Tile_Y":13,"TOTAL_SCENES":369,"TILE_SIZE":2.62},"geometry":{"type":"Polygon","coordinates":[[[28.157301404502189,59.587604149332464],[28.670029156525686,59.518284310963068],[28.526496023325837,59.259218864794107],[28.017270166358081,59.327950863937517],[28.157301404502189,59.587604149332464]]]}},
{"type":"Feature","properties":{"Tile_ID":"X0066_Y0014","Tile_X":66,"Tile_Y":14,"TOTAL_SCENES":464,"TILE_SIZE":2.74},"geometry":{"type":"Polygon","coordinates":[[[12.086045902669511,60.479590139342797],[12.629659081308965,60.47060263159328],[12.608491709777871,60.200806117185998],[12.069247244389107,60.209712018360698],[12.086045902669511,60.479590139342797]]]}},
{"type":"Feature","properties":{"Tile_ID":"X0067_Y0014","Tile_X":67,"Tile_Y":14,"TOTAL_SCENES":521,"TILE_SIZE":3.76},"geometry":{"type":"Polygon","coordinates":[[[12.629659081308965,60.47060263159328],[13.172962715011279,60.459544888563251],[13.147435286318075,60.189848711584119],[12.608491709777871,60.200806117185998],[12.629659081308965,60.47060263159328]]]}},
{"type":"Feature","properties":{"Tile_ID":"X0068_Y0014","Tile_X":68,"Tile_Y":14,"TOTAL_SCENES":470,"TILE_SIZE":2.61},"geometry":{"type":"Polygon","coordinates":[[[13.172962715011279,60.459544888563251],[13.715893325203147,60.446419005080919],[13.686016260856839,60.176841836058578],[13.147435286318075,60.189848711584119],[13.172962715011279,60.459544888563251]]]}},
{"type":"Feature","properties":{"Tile_ID":"X0069_Y0014","Tile_X":69,"Tile_Y":14,"TOTAL_SCENES":459,"TILE_SIZE":2.68},"geometry":{"type":"Polygon","coordinates":[[[13.715893325203147,60.446419005080919],[14.258387742800045,60.43122746356579],[14.224173215691064,60.161787901630923],[13.686016260856839,60.176841836058578],[13.715893325203147,60.446419005080919]]]}},
{"type":"Feature","properties":{"Tile_ID":"X0070_Y0014","Tile_X":70,"Tile_Y":14,"TOTAL_SCENES":498,"TILE_SIZE":3.4},"geometry":{"type":"Polygon","coordinates":[[[14.258387742800045,60.43122746356579],[14.800383159686318,60.413973131414657],[14.761845077739938,60.144689693346685],[14.224173215691064,60.161787901630923],[14.258387742800045,60.43122746356579]]]}},
{"type":"Feature","properties":{"Tile_ID":"X0071_Y0014","Tile_X":71,"Tile_Y":14,"TOTAL_SCENES":369,"TILE_SIZE":2.55},"geometry":{"type":"Polygon","coordinates":[[[14.800383159686318,60.413973131414657],[15.341817179463916,60.394659257991592],[15.298971167032043,60.125550367403264],[14.761845077739938,60.144689693346685],[14.800383159686318,60.413973131414657]]]}},
{"type":"Feature","properties":{"Tile_ID":"X0072_Y0014","Tile_X":72,"Tile_Y":14,"TOTAL_SCENES":526,"TILE_SIZE":3.16},"geometry":{"type":"Polygon","coordinates":[[[15.341817179463916,60.394659257991592],[15.88262786737063,60.37328947122883],[15.835491244413861,60.104373447905893],[15.298971167032043,60.125550367403264],[15.341817179463916,60.394659257991592]]]}},
{"type":"Feature","properties":{"Tile_ID":"X0073_Y0014","Tile_X":73,"Tile_Y":14,"TOTAL_SCENES":528,"TILE_SIZE":3.47},"geometry":{"type":"Polygon","coordinates":[[[15.88262786737063,60.37328947122883],[16.422753799271653,60.349867773846839],[16.371345558389571,60.081162823259973],[15.835491244413861,60.104373447905893],[15.88262786737063,60.37328947122883]]]}},
{"type":"Feature","properties":{"Tile_ID":"X0074_Y0014","Tile_X":74,"Tile_Y":14,"TOTAL_SCENES":375,"TILE_SIZE":2.76},"geometry":{"type":"Polygon","coordinates":[[[16.422753799271653,60.349867773846839],[16.962134109632057,60.324398539201965],[16.906474891005018,60.055922742207215],[16.371345558389571,60.081162823259973],[16.422753799271653,60.349867773846839]]]}},
{"type":"Feature","properties":{"Tile_ID":"X0075_Y0014","Tile_X":75,"Tile_Y":14,"TOTAL_SCENES":560,"TILE_SIZE":3.59},"geometry":{"type":"Polygon","coordinates":[[[16.962134109632057,60.324398539201965],[17.500708538381154,60.296886506771699],[17.440820602692348,60.028657809515302],[16.906474891005018,60.055922742207215],[16.962134109632057,60.324398539201965]]]}},
{"type":"Feature","properties":{"Tile_ID":"X0076_Y0014","Tile_X":76,"Tile_Y":14,"TOTAL_SCENES":544,"TILE_SIZE":3.31},"geometry":{"type":"Polygon","coordinates":[[[17.500708538381154,60.296886506771699],[18.038417476584062,60.267336777287866],[17.974324675995412,59.99937298133036],[17.440820602692348,60.028657809515302],[17.500708538381154,60.296886506771699]]]}},
{"type":"Feature","properties":{"Tile_ID":"X0077_Y0014","Tile_X":77,"Tile_Y":14,"TOTAL_SCENES":437,"TILE_SIZE":3.03},"geometry":{"type":"Polygon","coordinates":[[[18.038417476584062,60.267336777287866],[18.575202010840023,60.235754807528785],[18.506929758100185,59.968073560203116],[17.974324675995412,59.99937298133036],[18.038417476584062,60.267336777287866]]]}},
{"type":"Feature","properties":{"Tile_ID":"X0078_Y0014","Tile_X":78,"Tile_Y":14,"TOTAL_SCENES":632,"TILE_SIZE":3.74},"geometry":{"type":"Polygon","coordinates":[[[18.575202010840023,60.235754807528785],[19.111003966331534,60.202146404782319],[19.038579202098497,59.934765189799499],[18.506929758100185,59.968073560203116],[18.575202010840023,60.235754807528785]]]}},
{"type":"Feature","properties":{"Tile_ID":"X0085_Y0014","Tile_X":85,"Tile_Y":14,"TOTAL_SCENES":430,"TILE_SIZE":2.4},"geometry":{"type":"Polygon","coordinates":[[[22.302026988238229,59.958308730689389],[22.829392393859134,59.910706041044634],[22.728775127264115,59.645899005010364],[22.205333945509647,59.693084589279799],[22.302026988238229,59.958308730689389]]]}},
{"type":"Feature","properties":{"Tile_ID":"X0086_Y0014","Tile_X":86,"Tile_Y":14,"TOTAL_SCENES":615,"TILE_SIZE":2.83},"geometry":{"type":"Polygon","coordinates":[[[22.829392393859134,59.910706041044634],[23.355341080293499,59.861135232391341],[23.250837393071834,59.596761171873609],[22.728775127264115,59.645899005010364],[22.829392393859134,59.910706041044634]]]}},
{"type":"Feature","properties":{"Tile_ID":"X0089_Y0014","Tile_X":89,"Tile_Y":14,"TOTAL_SCENES":617,"TILE_SIZE":2.82},"geometry":{"type":"Polygon","coordinates":[[[24.402790001163414,59.756124198058664],[24.924193817583348,59.700702134218815],[24.808269147502806,59.437719838045901],[24.290631511857548,59.492662751984248],[24.402790001163414,59.756124198058664]]]}},
{"type":"Feature","properties":{"Tile_ID":"X0090_Y0014","Tile_X":90,"Tile_Y":14,"TOTAL_SCENES":570,"TILE_SIZE":2.59},"geometry":{"type":"Polygon","coordinates":[[[24.924193817583348,59.700702134218815],[25.443988126286474,59.643348258432852],[25.324339478723214,59.380860004941702],[24.808269147502806,59.437719838045901],[24.924193817583348,59.700702134218815]]]}},
{"type":"Feature","properties":{"Tile_ID":"X0091_Y0014","Tile_X":91,"Tile_Y":14,"TOTAL_SCENES":413,"TILE_SIZE":2.6},"geometry":{"type":"Polygon","coordinates":[[[25.443988126286474,59.643348258432852],[25.962127551102249,59.584072305821522],[25.838798112871622,59.322092729317994],[25.324339478723214,59.380860004941702],[25.443988126286474,59.643348258432852]]]}},
{"type":"Feature","properties":{"Tile_ID":"X0092_Y0014","Tile_X":92,"Tile_Y":14,"TOTAL_SCENES":514,"TILE_SIZE":3.22},"geometry":{"type":"Polygon","coordinates":[[[25.962127551102249,59.584072305821522],[26.478567885253266,59.522884257754129],[26.351601779141859,59.261427729114438],[25.838798112871622,59.322092729317994],[25.962127551102249,59.584072305821522]]]}},
{"type":"Feature","properties":{"Tile_ID":"X0093_Y0014","Tile_X":93,"Tile_Y":14,"TOTAL_SCENES":430,"TILE_SIZE":2.53},"geometry":{"type":"Polygon","coordinates":[[[26.478567885253266,59.522884257754129],[26.993266108613209,59.459794333101343],[26.862708345524293,59.198874955168286],[26.351601779141859,59.261427729114438],[26.478567885253266,59.522884257754129]]]}},
{"type":"Feature","properties":{"Tile_ID":"X0094_Y0014","Tile_X":94,"Tile_Y":14,"TOTAL_SCENES":418,"TILE_SIZE":2.6},"geometry":{"type":"Polygon","coordinates":[[[26.993266108613209,59.459794333101343],[27.506180403120105,59.394812979398893],[27.372076834014361,59.134444582729714],[26.862708345524293,59.198874955168286],[26.993266108613209,59.459794333101343]]]}},
{"type":"Feature","properties":{"Tile_ID":"X0095_Y0014","Tile_X":95,"Tile_Y":14,"TOTAL_SCENES":510,"TILE_SIZE":3.22},"geometry":{"type":"Polygon","coordinates":[[[27.506180403120105,59.394812979398893],[28.017270166358081,59.327950863937517],[27.879667434085444,59.068147002902336],[27.372076834014361,59.134444582729714],[27.506180403120105,59.394812979398893]]]}},
{"type":"Feature","properties":{"Tile_ID":"X0096_Y0014","Tile_X":96,"Tile_Y":14,"TOTAL_SCENES":353,"TILE_SIZE":2.44},"geometry":{"type":"Polygon","coordinates":[[[28.017270166358081,59.327950863937517],[28.526496023325837,59.259218864794107],[28.38544151444183,58.999992814023599],[27.879667434085444,59.068147002902336],[28.017270166358081,59.327950863937517]]]}},
{"type":"Feature","properties":{"Tile_ID":"X0066_Y0015","Tile_X":66,"Tile_Y":15,"TOTAL_SCENES":516,"TILE_SIZE":3.03},"geometry":{"type":"Polygon","coordinates":[[[12.069247244389107,60.209712018360698],[12.608491709777871,60.200806117185998],[12.587715594218752,59.931041520504102],[12.052759268768794,59.939867357057615],[12.069247244389107,60.209712018360698]]]}},
{"type":"Feature","properties":{"Tile_ID":"X0067_Y0015","Tile_X":67,"Tile_Y":15,"TOTAL_SCENES":524,"TILE_SIZE":3.57},"geometry":{"type":"Polygon","coordinates":[[[12.608491709777871,60.200806117185998],[13.147435286318075,60.189848711584119],[13.122379372764991,59.920182558210875],[12.587715594218752,59.931041520504102],[12.608491709777871,60.200806117185998]]]}},
{"type":"Feature","properties":{"Tile_ID":"X0068_Y0015","Tile_X":68,"Tile_Y":15,"TOTAL_SCENES":367,"TILE_SIZE":2.69},"geometry":{"type":"Polygon","coordinates":[[[13.147435286318075,60.189848711584119],[13.686016260856839,60.176841836058578],[13.656690593051181,59.907292446575468],[13.122379372764991,59.920182558210875],[13.147435286318075,60.189848711584119]]]}},
{"type":"Feature","properties":{"Tile_ID":"X0069_Y0015","Tile_X":69,"Tile_Y":15,"TOTAL_SCENES":489,"TILE_SIZE":3.04},"geometry":{"type":"Polygon","coordinates":[[[13.686016260856839,60.176841836058578],[14.224173215691064,60.161787901630923],[14.1905895258881,59.892373527843311],[13.656690593051181,59.907292446575468],[13.686016260856839,60.176841836058578]]]}},
{"type":"Feature","properties":{"Tile_ID":"X0070_Y0015","Tile_X":70,"Tile_Y":15,"TOTAL_SCENES":496,"TILE_SIZE":3.17},"geometry":{"type":"Polygon","coordinates":[[[14.224173215691064,60.161787901630923],[14.761845077739938,60.144689693346685],[14.724016771241196,59.875428507727101],[14.1905895258881,59.892373527843311],[14.224173215691064,60.161787901630923]]]}},
{"type":"Feature","properties":{"Tile_ID":"X0071_Y0015","Tile_X":71,"Tile_Y":15,"TOTAL_SCENES":367,"TILE_SIZE":2.67},"geometry":{"type":"Polygon","coordinates":[[[14.761845077739938,60.144689693346685],[15.298971167032043,60.125550367403264],[15.256913304575354,59.85646045266509],[14.724016771241196,59.875428507727101],[14.761845077739938,60.144689693346685]]]}},
{"type":"Feature","properties":{"Tile_ID":"X0072_Y0015","Tile_X":72,"Tile_Y":15,"TOTAL_SCENES":536,"TILE_SIZE":3.49},"geometry":{"type":"Polygon","coordinates":[[[15.298971167032043,60.125550367403264],[15.835491244413861,60.104373447905893],[15.78922052246941,59.835472786723905],[15.256913304575354,59.85646045266509],[15.298971167032043,60.125550367403264]]]}},
{"type":"Feature","properties":{"Tile_ID":"X0073_Y0015","Tile_X":73,"Tile_Y":15,"TOTAL_SCENES":538,"TILE_SIZE":3.13},"geometry":{"type":"Polygon","coordinates":[[[15.835491244413861,60.104373447905893],[16.371345558389571,60.081162823259973],[16.320880287415712,59.812469288153736],[15.78922052246941,59.835472786723905],[15.835491244413861,60.104373447905893]]]}},
{"type":"Feature","properties":{"Tile_ID":"X0074_Y0015","Tile_X":74,"Tile_Y":15,"TOTAL_SCENES":394,"TILE_SIZE":2.83},"geometry":{"type":"Polygon","coordinates":[[[16.371345558389571,60.081162823259973],[16.906474891005018,60.055922742207215],[16.851834971722802,59.787454085603017],[16.320880287415712,59.812469288153736],[16.371345558389571,60.081162823259973]]]}},
{"type":"Feature","properties":{"Tile_ID":"X0075_Y0015","Tile_X":75,"Tile_Y":15,"TOTAL_SCENES":548,"TILE_SIZE":3.7},"geometry":{"type":"Polygon","coordinates":[[[16.906474891005018,60.055922742207215],[17.440820602692348,60.028657809515302],[17.382027500442589,59.760431654001309],[16.851834971722802,59.787454085603017],[16.906474891005018,60.055922742207215]]]}},
{"type":"Feature","properties":{"Tile_ID":"X0076_Y0015","Tile_X":76,"Tile_Y":15,"TOTAL_SCENES":518,"TILE_SIZE":3.01},"geometry":{"type":"Polygon","coordinates":[[[17.440820602692348,60.028657809515302],[17.974324675995412,59.99937298133036],[17.911401393246884,59.731406810119772],[17.382027500442589,59.760431654001309],[17.440820602692348,60.028657809515302]]]}},
{"type":"Feature","properties":{"Tile_ID":"X0077_Y0015","Tile_X":77,"Tile_Y":15,"TOTAL_SCENES":474,"TILE_SIZE":2.98},"geometry":{"type":"Polygon","coordinates":[[[17.974324675995412,59.99937298133036],[18.506929758100185,59.968073560203116],[18.439900805181662,59.700384707818657],[17.911401393246884,59.731406810119772],[17.974324675995412,59.99937298133036]]]}},
{"type":"Feature","properties":{"Tile_ID":"X0078_Y0015","Tile_X":78,"Tile_Y":15,"TOTAL_SCENES":621,"TILE_SIZE":4.26},"geometry":{"type":"Polygon","coordinates":[[[18.506929758100185,59.968073560203116],[19.038579202098497,59.934765189799499],[18.96747056623153,59.667370832992574],[18.439900805181662,59.700384707818657],[18.506929758100185,59.968073560203116]]]}},
{"type":"Feature","properties":{"Tile_ID":"X0079_Y0015","Tile_X":79,"Tile_Y":15,"TOTAL_SCENES":562,"TILE_SIZE":2.69},"geometry":{"type":"Polygon","coordinates":[[[19.038579202098497,59.934765189799499],[19.56921710691795,59.899453849307591],[19.494056219630821,59.632370998224239],[18.96747056623153,59.667370832992574],[19.038579202098497,59.934765189799499]]]}},
{"type":"Feature","properties":{"Tile_ID":"X0088_Y0015","Tile_X":88,"Tile_Y":15,"TOTAL_SCENES":499,"TILE_SIZE":2.63},"geometry":{"type":"Polygon","coordinates":[[[23.771472067565949,59.545679519695049],[24.290631511857548,59.492662751984248],[24.180455138250274,59.229117396143579],[23.665042133589083,59.281678385882792],[23.771472067565949,59.545679519695049]]]}},
{"type":"Feature","properties":{"Tile_ID":"X0089_Y0015","Tile_X":89,"Tile_Y":15,"TOTAL_SCENES":569,"TILE_SIZE":3.69},"geometry":{"type":"Polygon","coordinates":[[[24.290631511857548,59.492662751984248],[24.808269147502806,59.437719838045901],[24.69438612354741,59.174645179989149],[24.180455138250274,59.229117396143579],[24.290631511857548,59.492662751984248]]]}},
{"type":"Feature","properties":{"Tile_ID":"X0090_Y0015","Tile_X":90,"Tile_Y":15,"TOTAL_SCENES":509,"TILE_SIZE":2.73},"geometry":{"type":"Polygon","coordinates":[[[24.808269147502806,59.437719838045901],[25.324339478723214,59.380860004941702],[25.206790598311603,59.118270719743968],[24.69438612354741,59.174645179989149],[24.808269147502806,59.437719838045901]]]}},
{"type":"Feature","properties":{"Tile_ID":"X0091_Y0015","Tile_X":91,"Tile_Y":15,"TOTAL_SCENES":378,"TILE_SIZE":2.45},"geometry":{"type":"Polygon","coordinates":[[[25.324339478723214,59.380860004941702],[25.838798112871622,59.322092729317994],[25.717625129606631,59.060003242120644],[25.206790598311603,59.118270719743968],[25.324339478723214,59.380860004941702]]]}},
{"type":"Feature","properties":{"Tile_ID":"X0092_Y0015","Tile_X":92,"Tile_Y":15,"TOTAL_SCENES":475,"TILE_SIZE":3.07},"geometry":{"type":"Polygon","coordinates":[[[25.838798112871622,59.322092729317994],[26.351601779141859,59.261427729114438],[26.226847361033371,58.999852210262773],[25.717625129606631,59.060003242120644],[25.838798112871622,59.322092729317994]]]}},
{"type":"Feature","properties":{"Tile_ID":"X0093_Y0015","Tile_X":93,"Tile_Y":15,"TOTAL_SCENES":322,"TILE_SIZE":2.24},"geometry":{"type":"Polygon","coordinates":[[[26.351601779141859,59.261427729114438],[26.862708345524293,59.198874955168286],[26.734416029373932,58.937827315684729],[26.226847361033371,58.999852210262773],[26.351601779141859,59.261427729114438]]]}},
{"type":"Feature","properties":{"Tile_ID":"X0094_Y0015","Tile_X":94,"Tile_Y":15,"TOTAL_SCENES":415,"TILE_SIZE":2.43},"geometry":{"type":"Polygon","coordinates":[[[26.862708345524293,59.198874955168286],[27.372076834014361,59.134444582729714],[27.240290979580816,58.873938470122305],[26.734416029373932,58.937827315684729],[26.862708345524293,59.198874955168286]]]}},
{"type":"Feature","properties":{"Tile_ID":"X0095_Y0015","Tile_X":95,"Tile_Y":15,"TOTAL_SCENES":531,"TILE_SIZE":2.86},"geometry":{"type":"Polygon","coordinates":[[[27.372076834014361,59.134444582729714],[27.879667434085444,59.068147002902336],[27.744433178120765,58.808195797308194],[27.240290979580816,58.873938470122305],[27.372076834014361,59.134444582729714]]]}},
{"type":"Feature","properties":{"Tile_ID":"X0065_Y0016","Tile_X":65,"Tile_Y":16,"TOTAL_SCENES":380,"TILE_SIZE":2.75},"geometry":{"type":"Polygon","coordinates":[[[11.517570642397921,59.946658459335595],[12.052759268768794,59.939867357057615],[12.036573565347902,59.670054649194185],[11.505601069063999,59.67678526852054],[11.517570642397921,59.946658459335595]]]}},
{"type":"Feature","properties":{"Tile_ID":"X0066_Y0016","Tile_X":66,"Tile_Y":16,"TOTAL_SCENES":568,"TILE_SIZE":3.51},"geometry":{"type":"Polygon","coordinates":[[[12.052759268768794,59.939867357057615],[12.587715594218752,59.931041520504102],[12.567320151147294,59.661307377236412],[12.036573565347902,59.670054649194185],[12.052759268768794,59.939867357057615]]]}},
{"type":"Feature","properties":{"Tile_ID":"X0067_Y0016","Tile_X":67,"Tile_Y":16,"TOTAL_SCENES":554,"TILE_SIZE":3.24},"geometry":{"type":"Polygon","coordinates":[[[12.587715594218752,59.931041520504102],[13.122379372764991,59.920182558210875],[13.097782231955676,59.650545015571353],[12.567320151147294,59.661307377236412],[12.587715594218752,59.931041520504102]]]}},
{"type":"Feature","properties":{"Tile_ID":"X0068_Y0016","Tile_X":68,"Tile_Y":16,"TOTAL_SCENES":389,"TILE_SIZE":2.77},"geometry":{"type":"Polygon","coordinates":[[[13.122379372764991,59.920182558210875],[13.656690593051181,59.907292446575468],[13.627901437423722,59.637769484608953],[13.097782231955676,59.650545015571353],[13.122379372764991,59.920182558210875]]]}},
{"type":"Feature","properties":{"Tile_ID":"X0069_Y0016","Tile_X":69,"Tile_Y":16,"TOTAL_SCENES":531,"TILE_SIZE":3.46},"geometry":{"type":"Polygon","coordinates":[[[13.656690593051181,59.907292446575468],[14.1905895258881,59.892373527843311],[14.157619666795837,59.622983060322092],[13.627901437423722,59.637769484608953],[13.656690593051181,59.907292446575468]]]}},
{"type":"Feature","properties":{"Tile_ID":"X0070_Y0016","Tile_X":70,"Tile_Y":16,"TOTAL_SCENES":521,"TILE_SIZE":2.89},"geometry":{"type":"Polygon","coordinates":[[[14.1905895258881,59.892373527843311],[14.724016771241196,59.875428507727101],[14.686879133827887,59.606188371973182],[14.157619666795837,59.622983060322092],[14.1905895258881,59.892373527843311]]]}},
{"type":"Feature","properties":{"Tile_ID":"X0071_Y0016","Tile_X":71,"Tile_Y":16,"TOTAL_SCENES":410,"TILE_SIZE":2.72},"geometry":{"type":"Polygon","coordinates":[[[14.724016771241196,59.875428507727101],[15.256913304575354,59.85646045266509],[15.21562241110172,59.587388399495936],[14.686879133827887,59.606188371973182],[14.724016771241196,59.875428507727101]]]}},
{"type":"Feature","properties":{"Tile_ID":"X0072_Y0016","Tile_X":72,"Tile_Y":16,"TOTAL_SCENES":558,"TILE_SIZE":3.79},"geometry":{"type":"Polygon","coordinates":[[[15.256913304575354,59.85646045266509],[15.78922052246941,59.835472786723905],[15.743792473654448,59.566586470537132],[15.21562241110172,59.587388399495936],[15.256913304575354,59.85646045266509]]]}},
{"type":"Feature","properties":{"Tile_ID":"X0073_Y0016","Tile_X":73,"Tile_Y":16,"TOTAL_SCENES":528,"TILE_SIZE":2.91},"geometry":{"type":"Polygon","coordinates":[[[15.78922052246941,59.835472786723905],[16.320880287415712,59.812469288153736],[16.271332741842656,59.543786257166019],[15.743792473654448,59.566586470537132],[15.78922052246941,59.835472786723905]]]}},
{"type":"Feature","properties":{"Tile_ID":"X0074_Y0016","Tile_X":74,"Tile_Y":16,"TOTAL_SCENES":474,"TILE_SIZE":2.88},"geometry":{"type":"Polygon","coordinates":[[[16.320880287415712,59.812469288153736],[16.851834971722802,59.787454085603017],[16.798187123364688,59.518991772257955],[16.271332741842656,59.543786257166019],[16.320880287415712,59.812469288153736]]]}},
{"type":"Feature","properties":{"Tile_ID":"X0075_Y0016","Tile_X":75,"Tile_Y":16,"TOTAL_SCENES":587,"TILE_SIZE":3.97},"geometry":{"type":"Polygon","coordinates":[[[16.851834971722802,59.787454085603017],[17.382027500442589,59.760431654001309],[17.324300054366834,59.492207365560475],[16.798187123364688,59.518991772257955],[16.851834971722802,59.787454085603017]]]}},
{"type":"Feature","properties":{"Tile_ID":"X0076_Y0016","Tile_X":76,"Tile_Y":16,"TOTAL_SCENES":491,"TILE_SIZE":3.03},"geometry":{"type":"Polygon","coordinates":[[[17.382027500442589,59.760431654001309],[17.911401393246884,59.731406810119772],[17.849616539562575,59.463437719450596],[17.324300054366834,59.492207365560475],[17.382027500442589,59.760431654001309]]]}},
{"type":"Feature","properties":{"Tile_ID":"X0077_Y0016","Tile_X":77,"Tile_Y":16,"TOTAL_SCENES":622,"TILE_SIZE":3.27},"geometry":{"type":"Polygon","coordinates":[[[17.911401393246884,59.731406810119772],[18.439900805181662,59.700384707818657],[18.374082191297521,59.432687844392198],[17.849616539562575,59.463437719450596],[17.911401393246884,59.731406810119772]]]}},
{"type":"Feature","properties":{"Tile_ID":"X0078_Y0016","Tile_X":78,"Tile_Y":16,"TOTAL_SCENES":665,"TILE_SIZE":4.17},"geometry":{"type":"Polygon","coordinates":[[[18.439900805181662,59.700384707818657],[18.96747056623153,59.667370832992574],[18.897643267495965,59.399963074103468],[18.374082191297521,59.432687844392198],[18.439900805181662,59.700384707818657]]]}},
{"type":"Feature","properties":{"Tile_ID":"X0079_Y0016","Tile_X":79,"Tile_Y":16,"TOTAL_SCENES":498,"TILE_SIZE":2.75},"geometry":{"type":"Polygon","coordinates":[[[18.96747056623153,59.667370832992574],[19.494056219630821,59.632370998224239],[19.420246708429204,59.365269060444945],[18.897643267495965,59.399963074103468],[18.96747056623153,59.667370832992574]]]}},
{"type":"Feature","properties":{"Tile_ID":"X0087_Y0016","Tile_X":87,"Tile_Y":16,"TOTAL_SCENES":623,"TILE_SIZE":2.57},"geometry":{"type":"Polygon","coordinates":[[[23.148192638999543,59.332319419110156],[23.665042133589083,59.281678385882792],[23.560484291548971,59.017602909918935],[23.047359090293295,59.067811115624124],[23.148192638999543,59.332319419110156]]]}},
{"type":"Feature","properties":{"Tile_ID":"X0088_Y0016","Tile_X":88,"Tile_Y":16,"TOTAL_SCENES":436,"TILE_SIZE":2.99},"geometry":{"type":"Polygon","coordinates":[[[23.665042133589083,59.281678385882792],[24.180455138250274,59.229117396143579],[24.072210443969972,58.965489676730265],[23.560484291548971,59.017602909918935],[23.665042133589083,59.281678385882792]]]}},
{"type":"Feature","properties":{"Tile_ID":"X0089_Y0016","Tile_X":89,"Tile_Y":16,"TOTAL_SCENES":511,"TILE_SIZE":3.45},"geometry":{"type":"Polygon","coordinates":[[[24.180455138250274,59.229117396143579],[24.69438612354741,59.174645179989149],[24.582493039572825,58.911479914916804],[24.072210443969972,58.965489676730265],[24.180455138250274,59.229117396143579]]]}},
{"type":"Feature","properties":{"Tile_ID":"X0090_Y0016","Tile_X":90,"Tile_Y":16,"TOTAL_SCENES":409,"TILE_SIZE":2.42},"geometry":{"type":"Polygon","coordinates":[[[24.69438612354741,59.174645179989149],[25.206790598311603,59.118270719743968],[25.091288566368295,58.855582370160043],[24.582493039572825,58.911479914916804],[24.69438612354741,59.174645179989149]]]}},
{"type":"Feature","properties":{"Tile_ID":"X0091_Y0016","Tile_X":91,"Tile_Y":16,"TOTAL_SCENES":355,"TILE_SIZE":2.42},"geometry":{"type":"Polygon","coordinates":[[[25.206790598311603,59.118270719743968],[25.717625129606631,59.060003242120644],[25.598554527831205,58.797806027441581],[25.091288566368295,58.855582370160043],[25.206790598311603,59.118270719743968]]]}},
{"type":"Feature","properties":{"Tile_ID":"X0092_Y0016","Tile_X":92,"Tile_Y":16,"TOTAL_SCENES":476,"TILE_SIZE":3.01},"geometry":{"type":"Polygon","coordinates":[[[25.717625129606631,59.060003242120644],[26.226847361033371,58.999852210262773],[26.104249460798215,58.738160103404681],[25.598554527831205,58.797806027441581],[25.717625129606631,59.060003242120644]]]}},
{"type":"Feature","properties":{"Tile_ID":"X0093_Y0016","Tile_X":93,"Tile_Y":16,"TOTAL_SCENES":297,"TILE_SIZE":2.25},"geometry":{"type":"Polygon","coordinates":[[[26.226847361033371,58.999852210262773],[26.734416029373932,58.937827315684729],[26.608332951793457,58.676654038613961],[26.104249460798215,58.738160103404681],[26.226847361033371,58.999852210262773]]]}},
{"type":"Feature","properties":{"Tile_ID":"X0094_Y0016","Tile_X":94,"Tile_Y":16,"TOTAL_SCENES":428,"TILE_SIZE":2.51},"geometry":{"type":"Polygon","coordinates":[[[26.734416029373932,58.937827315684729],[27.240290979580816,58.873938470122305],[27.110765651786082,58.613297489726357],[26.608332951793457,58.676654038613961],[26.734416029373932,58.937827315684729]]]}},
{"type":"Feature","properties":{"Tile_ID":"X0095_Y0016","Tile_X":95,"Tile_Y":16,"TOTAL_SCENES":522,"TILE_SIZE":2.46},"geometry":{"type":"Polygon","coordinates":[[[27.240290979580816,58.873938470122305],[27.744433178120765,58.808195797308194],[27.611509289387648,58.548100321586574],[27.110765651786082,58.613297489726357],[27.240290979580816,58.873938470122305]]]}},
{"type":"Feature","properties":{"Tile_ID":"X0065_Y0017","Tile_X":65,"Tile_Y":17,"TOTAL_SCENES":442,"TILE_SIZE":2.94},"geometry":{"type":"Polygon","coordinates":[[[11.505601069063999,59.67678526852054],[12.036573565347902,59.670054649194185],[12.020682026007057,59.400272388904703],[11.493849126774808,59.406943649749302],[11.505601069063999,59.67678526852054]]]}},
{"type":"Feature","properties":{"Tile_ID":"X0066_Y0017","Tile_X":66,"Tile_Y":17,"TOTAL_SCENES":593,"TILE_SIZE":3.85},"geometry":{"type":"Polygon","coordinates":[[[12.036573565347902,59.670054649194185],[12.567320151147294,59.661307377236412],[12.547295177177849,59.391602221939074],[12.020682026007057,59.400272388904703],[12.036573565347902,59.670054649194185]]]}},
{"type":"Feature","properties":{"Tile_ID":"X0067_Y0017","Tile_X":67,"Tile_Y":17,"TOTAL_SCENES":577,"TILE_SIZE":3.08},"geometry":{"type":"Polygon","coordinates":[[[12.567320151147294,59.661307377236412],[13.097782231955676,59.650545015571353],[13.073631578596911,59.380934667815559],[12.547295177177849,59.391602221939074],[12.567320151147294,59.661307377236412]]]}},
{"type":"Feature","properties":{"Tile_ID":"X0068_Y0017","Tile_X":68,"Tile_Y":17,"TOTAL_SCENES":474,"TILE_SIZE":3.02},"geometry":{"type":"Polygon","coordinates":[[[13.097782231955676,59.650545015571353],[13.627901437423722,59.637769484608953],[13.599634442816908,59.368271592980001],[13.073631578596911,59.380934667815559],[13.097782231955676,59.650545015571353]]]}},
{"type":"Feature","properties":{"Tile_ID":"X0069_Y0017","Tile_X":69,"Tile_Y":17,"TOTAL_SCENES":566,"TILE_SIZE":3.79},"geometry":{"type":"Polygon","coordinates":[[[13.627901437423722,59.637769484608953],[14.157619666795837,59.622983060322092],[14.125247240076469,59.35361520952425],[13.599634442816908,59.368271592980001],[13.627901437423722,59.637769484608953]]]}},
{"type":"Feature","properties":{"Tile_ID":"X0070_Y0017","Tile_X":70,"Tile_Y":17,"TOTAL_SCENES":501,"TILE_SIZE":2.8},"geometry":{"type":"Polygon","coordinates":[[[14.157619666795837,59.622983060322092],[14.686879133827887,59.606188371973182],[14.650413741256163,59.336968073014525],[14.125247240076469,59.35361520952425],[14.157619666795837,59.622983060322092]]]}},
{"type":"Feature","properties":{"Tile_ID":"X0071_Y0017","Tile_X":71,"Tile_Y":17,"TOTAL_SCENES":518,"TILE_SIZE":2.86},"geometry":{"type":"Polygon","coordinates":[[[14.686879133827887,59.606188371973182],[15.21562241110172,59.587388399495936],[15.175078060268167,59.318333079989635],[14.650413741256163,59.336968073014525],[14.686879133827887,59.606188371973182]]]}},
{"type":"Feature","properties":{"Tile_ID":"X0072_Y0017","Tile_X":72,"Tile_Y":17,"TOTAL_SCENES":586,"TILE_SIZE":3.85},"geometry":{"type":"Polygon","coordinates":[[[15.21562241110172,59.587388399495936],[15.743792473654448,59.566586470537132],[15.699184695802462,59.297713465134692],[15.175078060268167,59.318333079989635],[15.21562241110172,59.587388399495936]]]}},
{"type":"Feature","properties":{"Tile_ID":"X0073_Y0017","Tile_X":73,"Tile_Y":17,"TOTAL_SCENES":432,"TILE_SIZE":3.04},"geometry":{"type":"Polygon","coordinates":[[[15.743792473654448,59.566586470537132],[16.271332741842656,59.543786257166019],[16.222678572354592,59.275112798136369],[15.699184695802462,59.297713465134692],[15.743792473654448,59.566586470537132]]]}},
{"type":"Feature","properties":{"Tile_ID":"X0074_Y0017","Tile_X":74,"Tile_Y":17,"TOTAL_SCENES":603,"TILE_SIZE":3.18},"geometry":{"type":"Polygon","coordinates":[[[16.271332741842656,59.543786257166019],[16.798187123364688,59.518991772257955],[16.745505080462394,59.250534980226782],[16.222678572354592,59.275112798136369],[16.271332741842656,59.543786257166019]]]}},
{"type":"Feature","properties":{"Tile_ID":"X0075_Y0017","Tile_X":75,"Tile_Y":17,"TOTAL_SCENES":649,"TILE_SIZE":3.99},"geometry":{"type":"Polygon","coordinates":[[[16.798187123364688,59.518991772257955],[17.324300054366834,59.492207365560475],[17.267610116082153,59.223984240422972],[16.745505080462394,59.250534980226782],[16.798187123364688,59.518991772257955]]]}},
{"type":"Feature","properties":{"Tile_ID":"X0076_Y0017","Tile_X":76,"Tile_Y":17,"TOTAL_SCENES":470,"TILE_SIZE":3.16},"geometry":{"type":"Polygon","coordinates":[[[17.324300054366834,59.492207365560475],[17.849616539562575,59.463437719450596],[17.788940119037132,59.195465131470783],[17.267610116082153,59.223984240422972],[17.324300054366834,59.492207365560475]]]}},
{"type":"Feature","properties":{"Tile_ID":"X0077_Y0017","Tile_X":77,"Tile_Y":17,"TOTAL_SCENES":660,"TILE_SIZE":3.76},"geometry":{"type":"Polygon","coordinates":[[[17.849616539562575,59.463437719450596],[18.374082191297521,59.432687844392198],[18.309442110474958,59.164982525501181],[17.788940119037132,59.195465131470783],[17.849616539562575,59.463437719450596]]]}},
{"type":"Feature","properties":{"Tile_ID":"X0078_Y0017","Tile_X":78,"Tile_Y":17,"TOTAL_SCENES":697,"TILE_SIZE":3.93},"geometry":{"type":"Polygon","coordinates":[[[18.374082191297521,59.432687844392198],[18.897643267495965,59.399963074103468],[18.829063729273475,59.132541609408698],[18.309442110474958,59.164982525501181],[18.374082191297521,59.432687844392198]]]}},
{"type":"Feature","properties":{"Tile_ID":"X0079_Y0017","Tile_X":79,"Tile_Y":17,"TOTAL_SCENES":496,"TILE_SIZE":2.62},"geometry":{"type":"Polygon","coordinates":[[[18.897643267495965,59.399963074103468],[19.420246708429204,59.365269060444945],[19.347753267338177,59.098147879961125],[18.829063729273475,59.132541609408698],[18.897643267495965,59.399963074103468]]]}},
{"type":"Feature","properties":{"Tile_ID":"X0085_Y0017","Tile_X":85,"Tile_Y":17,"TOTAL_SCENES":469,"TILE_SIZE":2.6},"geometry":{"type":"Polygon","coordinates":[[[22.017094425396419,59.16247972748485],[22.532880323142827,59.116106049203964],[22.437511771127681,58.851121937832978],[21.925459873063783,58.897100441323154],[22.017094425396419,59.16247972748485]]]}},
{"type":"Feature","properties":{"Tile_ID":"X0086_Y0017","Tile_X":86,"Tile_Y":17,"TOTAL_SCENES":630,"TILE_SIZE":3.82},"geometry":{"type":"Polygon","coordinates":[[[22.532880323142827,59.116106049203964],[23.047359090293295,59.067811115624124],[22.948290625983041,58.80323731257851],[22.437511771127681,58.851121937832978],[22.532880323142827,59.116106049203964]]]}},
{"type":"Feature","properties":{"Tile_ID":"X0087_Y0017","Tile_X":87,"Tile_Y":17,"TOTAL_SCENES":550,"TILE_SIZE":2.65},"geometry":{"type":"Polygon","coordinates":[[[23.047359090293295,59.067811115624124],[23.560484291548971,59.017602909918935],[23.457751075683504,58.753454336606502],[22.948290625983041,58.80323731257851],[23.047359090293295,59.067811115624124]]]}},
{"type":"Feature","properties":{"Tile_ID":"X0088_Y0017","Tile_X":88,"Tile_Y":17,"TOTAL_SCENES":434,"TILE_SIZE":3.0},"geometry":{"type":"Polygon","coordinates":[[[23.560484291548971,59.017602909918935],[24.072210443969972,58.965489676730265],[23.965848671616101,58.701781036553818],[23.457751075683504,58.753454336606502],[23.560484291548971,59.017602909918935]]]}},
{"type":"Feature","properties":{"Tile_ID":"X0089_Y0017","Tile_X":89,"Tile_Y":17,"TOTAL_SCENES":521,"TILE_SIZE":3.48},"geometry":{"type":"Polygon","coordinates":[[[24.072210443969972,58.965489676730265],[24.582493039572825,58.911479914916804],[24.472539900437912,58.648225687691692],[23.965848671616101,58.701781036553818],[24.072210443969972,58.965489676730265]]]}},
{"type":"Feature","properties":{"Tile_ID":"X0090_Y0017","Tile_X":90,"Tile_Y":17,"TOTAL_SCENES":324,"TILE_SIZE":2.41},"geometry":{"type":"Polygon","coordinates":[[[24.582493039572825,58.911479914916804],[25.091288566368295,58.855582370160043],[24.977782204538354,58.592796806831501],[24.472539900437912,58.648225687691692],[24.582493039572825,58.911479914916804]]]}},
{"type":"Feature","properties":{"Tile_ID":"X0091_Y0017","Tile_X":91,"Tile_Y":17,"TOTAL_SCENES":355,"TILE_SIZE":2.38},"geometry":{"type":"Polygon","coordinates":[[[25.091288566368295,58.855582370160043],[25.598554527831205,58.797806027441581],[25.481534001018243,58.535503145103981],[24.977782204538354,58.592796806831501],[25.091288566368295,58.855582370160043]]]}},
{"type":"Feature","properties":{"Tile_ID":"X0092_Y0017","Tile_X":92,"Tile_Y":17,"TOTAL_SCENES":476,"TILE_SIZE":3.01},"geometry":{"type":"Polygon","coordinates":[[[25.598554527831205,58.797806027441581],[26.104249460798215,58.738160103404681],[25.983754699180853,58.47635368062484],[25.481534001018243,58.535503145103981],[25.598554527831205,58.797806027441581]]]}},
{"type":"Feature","properties":{"Tile_ID":"X0093_Y0017","Tile_X":93,"Tile_Y":17,"TOTAL_SCENES":299,"TILE_SIZE":2.26},"geometry":{"type":"Polygon","coordinates":[[[26.104249460798215,58.738160103404681],[26.608332951793457,58.676654038613961],[26.484404716533852,58.415357611059846],[25.983754699180853,58.47635368062484],[26.104249460798215,58.738160103404681]]]}},
{"type":"Feature","properties":{"Tile_ID":"X0094_Y0017","Tile_X":94,"Tile_Y":17,"TOTAL_SCENES":431,"TILE_SIZE":2.48},"geometry":{"type":"Polygon","coordinates":[[[26.608332951793457,58.676654038613961],[27.110765651786082,58.613297489726357],[26.983445493305116,58.352524346101525],[26.484404716533852,58.415357611059846],[26.608332951793457,58.676654038613961]]]}},
{"type":"Feature","properties":{"Tile_ID":"X0095_Y0017","Tile_X":95,"Tile_Y":17,"TOTAL_SCENES":517,"TILE_SIZE":2.81},"geometry":{"type":"Polygon","coordinates":[[[27.110765651786082,58.613297489726357],[27.611509289387648,58.548100321586574],[27.480839505478571,58.287863499870447],[26.983445493305116,58.352524346101525],[27.110765651786082,58.613297489726357]]]}},
{"type":"Feature","properties":{"Tile_ID":"X0096_Y0017","Tile_X":96,"Tile_Y":17,"TOTAL_SCENES":363,"TILE_SIZE":2.45},"geometry":{"type":"Polygon","coordinates":[[[27.611509289387648,58.548100321586574],[28.110526682500904,58.481072599260294],[27.976550276360239,58.221384883253172],[27.480839505478571,58.287863499870447],[27.611509289387648,58.548100321586574]]]}},
{"type":"Feature","properties":{"Tile_ID":"X0065_Y0018","Tile_X":65,"Tile_Y":18,"TOTAL_SCENES":583,"TILE_SIZE":3.2},"geometry":{"type":"Polygon","coordinates":[[[11.493849126774808,59.406943649749302],[12.020682026007057,59.400272388904703],[12.005076831519016,59.130519070733364],[11.482309027326234,59.137132067505192],[11.493849126774808,59.406943649749302]]]}},
{"type":"Feature","properties":{"Tile_ID":"X0066_Y0018","Tile_X":66,"Tile_Y":18,"TOTAL_SCENES":622,"TILE_SIZE":3.95},"geometry":{"type":"Polygon","coordinates":[[[12.020682026007057,59.400272388904703],[12.547295177177849,59.391602221939074],[12.52763083213433,59.121924588138754],[12.005076831519016,59.130519070733364],[12.020682026007057,59.400272388904703]]]}},
{"type":"Feature","properties":{"Tile_ID":"X0067_Y0018","Tile_X":67,"Tile_Y":18,"TOTAL_SCENES":426,"TILE_SIZE":3.04},"geometry":{"type":"Polygon","coordinates":[[[12.547295177177849,59.391602221939074],[13.073631578596911,59.380934667815559],[13.049915564215944,59.11135009630064],[12.52763083213433,59.121924588138754],[12.547295177177849,59.391602221939074]]]}},
{"type":"Feature","properties":{"Tile_ID":"X0068_Y0018","Tile_X":68,"Tile_Y":18,"TOTAL_SCENES":633,"TILE_SIZE":2.94},"geometry":{"type":"Polygon","coordinates":[[[13.073631578596911,59.380934667815559],[13.599634442816908,59.368271592980001],[13.571875767657437,59.098797409634443],[13.049915564215944,59.11135009630064],[13.073631578596911,59.380934667815559]]]}},
{"type":"Feature","properties":{"Tile_ID":"X0069_Y0018","Tile_X":69,"Tile_Y":18,"TOTAL_SCENES":649,"TILE_SIZE":3.18},"geometry":{"type":"Polygon","coordinates":[[[13.599634442816908,59.368271592980001],[14.125247240076469,59.35361520952425],[14.093456428755506,59.084268678636626],[13.571875767657437,59.098797409634443],[13.599634442816908,59.368271592980001]]]}},
{"type":"Feature","properties":{"Tile_ID":"X0070_Y0018","Tile_X":70,"Tile_Y":18,"TOTAL_SCENES":391,"TILE_SIZE":2.88},"geometry":{"type":"Polygon","coordinates":[[[14.125247240076469,59.35361520952425],[14.650413741256163,59.336968073014525],[14.614602821305786,59.067766387809179],[14.093456428755506,59.084268678636626],[14.125247240076469,59.35361520952425]]]}},
{"type":"Feature","properties":{"Tile_ID":"X0071_Y0018","Tile_X":71,"Tile_Y":18,"TOTAL_SCENES":576,"TILE_SIZE":3.2},"geometry":{"type":"Polygon","coordinates":[[[14.650413741256163,59.336968073014525],[15.175078060268167,59.318333079989635],[15.135260547166725,59.049293353268631],[14.614602821305786,59.067766387809179],[14.650413741256163,59.336968073014525]]]}},
{"type":"Feature","properties":{"Tile_ID":"X0072_Y0018","Tile_X":72,"Tile_Y":18,"TOTAL_SCENES":618,"TILE_SIZE":3.59},"geometry":{"type":"Polygon","coordinates":[[[15.175078060268167,59.318333079989635],[15.699184695802462,59.297713465134692],[15.655375576218926,59.02885272004432],[15.135260547166725,59.049293353268631],[15.175078060268167,59.318333079989635]]]}},
{"type":"Feature","properties":{"Tile_ID":"X0073_Y0018","Tile_X":73,"Tile_Y":18,"TOTAL_SCENES":420,"TILE_SIZE":2.85},"geometry":{"type":"Polygon","coordinates":[[[15.699184695802462,59.297713465134692],[16.222678572354592,59.275112798136369],[16.174894285649305,59.006447959072212],[15.655375576218926,59.02885272004432],[15.699184695802462,59.297713465134692]]]}},
{"type":"Feature","properties":{"Tile_ID":"X0074_Y0018","Tile_X":74,"Tile_Y":18,"TOTAL_SCENES":591,"TILE_SIZE":3.43},"geometry":{"type":"Polygon","coordinates":[[[16.222678572354592,59.275112798136369],[16.745505080462394,59.250534980226782],[16.693763498491922,58.982082863890263],[16.174894285649305,59.006447959072212],[16.222678572354592,59.275112798136369]]]}},
{"type":"Feature","properties":{"Tile_ID":"X0075_Y0018","Tile_X":75,"Tile_Y":18,"TOTAL_SCENES":612,"TILE_SIZE":3.63},"geometry":{"type":"Polygon","coordinates":[[[16.745505080462394,59.250534980226782],[17.267610116082153,59.223984240422972],[17.211930521359687,58.955761547042712],[16.693763498491922,58.982082863890263],[16.745505080462394,59.250534980226782]]]}},
{"type":"Feature","properties":{"Tile_ID":"X0076_Y0018","Tile_X":76,"Tile_Y":18,"TOTAL_SCENES":454,"TILE_SIZE":3.24},"geometry":{"type":"Polygon","coordinates":[[[17.267610116082153,59.223984240422972],[17.788940119037132,59.195465131470783],[17.729343181303889,58.927488436200633],[17.211930521359687,58.955761547042712],[17.267610116082153,59.223984240422972]]]}},
{"type":"Feature","properties":{"Tile_ID":"X0077_Y0018","Tile_X":77,"Tile_Y":18,"TOTAL_SCENES":666,"TILE_SIZE":3.97},"geometry":{"type":"Polygon","coordinates":[[[17.788940119037132,59.195465131470783],[18.309442110474958,59.164982525501181],[18.245949861741501,58.897268270006983],[17.729343181303889,58.927488436200633],[17.788940119037132,59.195465131470783]]]}},
{"type":"Feature","properties":{"Tile_ID":"X0078_Y0018","Tile_X":78,"Tile_Y":18,"TOTAL_SCENES":674,"TILE_SIZE":3.14},"geometry":{"type":"Polygon","coordinates":[[[18.309442110474958,59.164982525501181],[18.829063729273475,59.132541609408698],[18.761699537393149,58.865106093654944],[18.245949861741501,58.897268270006983],[18.309442110474958,59.164982525501181]]]}},
{"type":"Feature","properties":{"Tile_ID":"X0085_Y0018","Tile_X":85,"Tile_Y":18,"TOTAL_SCENES":480,"TILE_SIZE":2.47},"geometry":{"type":"Polygon","coordinates":[[[21.925459873063783,58.897100441323154],[22.437511771127681,58.851121937832978],[22.343804322556011,58.586080473362529],[21.835425885800483,58.631670748258088],[21.925459873063783,58.897100441323154]]]}},
{"type":"Feature","properties":{"Tile_ID":"X0086_Y0018","Tile_X":86,"Tile_Y":18,"TOTAL_SCENES":627,"TILE_SIZE":3.6},"geometry":{"type":"Polygon","coordinates":[[[22.437511771127681,58.851121937832978],[22.948290625983041,58.80323731257851],[22.850942665893168,58.538598974620008],[22.343804322556011,58.586080473362529],[22.437511771127681,58.851121937832978]]]}},
{"type":"Feature","properties":{"Tile_ID":"X0087_Y0018","Tile_X":87,"Tile_Y":18,"TOTAL_SCENES":420,"TILE_SIZE":2.65},"geometry":{"type":"Polygon","coordinates":[[[22.948290625983041,58.80323731257851],[23.457751075683504,58.753454336606502],[23.356796597371495,58.489233818013851],[22.850942665893168,58.538598974620008],[22.948290625983041,58.80323731257851]]]}},
{"type":"Feature","properties":{"Tile_ID":"X0088_Y0018","Tile_X":88,"Tile_Y":18,"TOTAL_SCENES":461,"TILE_SIZE":3.0},"geometry":{"type":"Polygon","coordinates":[[[23.457751075683504,58.753454336606502],[23.965848671616101,58.701781036553818],[23.861322674733024,58.437992819387361],[23.356796597371495,58.489233818013851],[23.457751075683504,58.753454336606502]]]}},
{"type":"Feature","properties":{"Tile_ID":"X0089_Y0018","Tile_X":89,"Tile_Y":18,"TOTAL_SCENES":527,"TILE_SIZE":3.36},"geometry":{"type":"Polygon","coordinates":[[[23.965848671616101,58.701781036553818],[24.472539900437912,58.648225687691692],[24.364478353194613,58.384884037770341],[23.861322674733024,58.437992819387361],[23.965848671616101,58.701781036553818]]]}},
{"type":"Feature","properties":{"Tile_ID":"X0090_Y0018","Tile_X":90,"Tile_Y":18,"TOTAL_SCENES":330,"TILE_SIZE":2.54},"geometry":{"type":"Polygon","coordinates":[[[24.472539900437912,58.648225687691692],[24.977782204538354,58.592796806831501],[24.866222005345904,58.329915768570025],[24.364478353194613,58.384884037770341],[24.472539900437912,58.648225687691692]]]}},
{"type":"Feature","properties":{"Tile_ID":"X0091_Y0018","Tile_X":91,"Tile_Y":18,"TOTAL_SCENES":394,"TILE_SIZE":2.4},"geometry":{"type":"Polygon","coordinates":[[[24.977782204538354,58.592796806831501],[25.481534001018243,58.535503145103981],[25.366512939643837,58.273096536638484],[24.866222005345904,58.329915768570025],[24.977782204538354,58.592796806831501]]]}},
{"type":"Feature","properties":{"Tile_ID":"X0092_Y0018","Tile_X":92,"Tile_Y":18,"TOTAL_SCENES":485,"TILE_SIZE":2.92},"geometry":{"type":"Polygon","coordinates":[[[25.481534001018243,58.535503145103981],[25.983754699180853,58.47635368062484],[25.865311417498152,58.214435089228282],[25.366512939643837,58.273096536638484],[25.481534001018243,58.535503145103981]]]}},
{"type":"Feature","properties":{"Tile_ID":"X0093_Y0018","Tile_X":93,"Tile_Y":18,"TOTAL_SCENES":330,"TILE_SIZE":2.29},"geometry":{"type":"Polygon","coordinates":[[[25.983754699180853,58.47635368062484],[26.484404716533852,58.415357611059846],[26.362578668946142,58.153940388849009],[25.865311417498152,58.214435089228282],[25.983754699180853,58.47635368062484]]]}},
{"type":"Feature","properties":{"Tile_ID":"X0094_Y0018","Tile_X":94,"Tile_Y":18,"TOTAL_SCENES":479,"TILE_SIZE":2.53},"geometry":{"type":"Polygon","coordinates":[[[26.484404716533852,58.415357611059846],[26.983445493305116,58.352524346101525],[26.858276906918263,58.091621606036043],[26.362578668946142,58.153940388849009],[26.484404716533852,58.415357611059846]]]}},
{"type":"Feature","properties":{"Tile_ID":"X0095_Y0018","Tile_X":95,"Tile_Y":18,"TOTAL_SCENES":507,"TILE_SIZE":3.02},"geometry":{"type":"Polygon","coordinates":[[[26.983445493305116,58.352524346101525],[27.480839505478571,58.287863499870447],[27.352369340099791,58.027488112044118],[26.858276906918263,58.091621606036043],[26.983445493305116,58.352524346101525]]]}},
{"type":"Feature","properties":{"Tile_ID":"X0096_Y0018","Tile_X":96,"Tile_Y":18,"TOTAL_SCENES":375,"TILE_SIZE":2.5},"geometry":{"type":"Polygon","coordinates":[[[27.480839505478571,58.287863499870447],[27.976550276360239,58.221384883253172],[27.84482018439688,57.9615494714768],[27.352369340099791,58.027488112044118],[27.480839505478571,58.287863499870447]]]}},
{"type":"Feature","properties":{"Tile_ID":"X0064_Y0019","Tile_X":64,"Tile_Y":19,"TOTAL_SCENES":440,"TILE_SIZE":3.18},"geometry":{"type":"Polygon","coordinates":[[[10.959383047427288,59.141762441142518],[11.482309027326234,59.137132067505192],[11.470975187081555,58.867348987774548],[10.952046005552468,58.871939296951062],[10.959383047427288,59.141762441142518]]]}},
{"type":"Feature","properties":{"Tile_ID":"X0065_Y0019","Tile_X":65,"Tile_Y":19,"TOTAL_SCENES":590,"TILE_SIZE":3.52},"geometry":{"type":"Polygon","coordinates":[[[11.482309027326234,59.137132067505192],[12.005076831519016,59.130519070733364],[11.989750438811081,58.860793189664982],[11.470975187081555,58.867348987774548],[11.482309027326234,59.137132067505192]]]}},
{"type":"Feature","properties":{"Tile_ID":"X0066_Y0019","Tile_X":66,"Tile_Y":19,"TOTAL_SCENES":603,"TILE_SIZE":3.54},"geometry":{"type":"Polygon","coordinates":[[[12.005076831519016,59.130519070733364],[12.52763083213433,59.121924588138754],[12.508317623053504,58.852273008426593],[11.989750438811081,58.860793189664982],[12.005076831519016,59.130519070733364]]]}},
{"type":"Feature","properties":{"Tile_ID":"X0067_Y0019","Tile_X":67,"Tile_Y":19,"TOTAL_SCENES":428,"TILE_SIZE":2.75},"geometry":{"type":"Polygon","coordinates":[[[12.52763083213433,59.121924588138754],[13.049915564215944,59.11135009630064],[13.026622757947866,58.841789879762409],[12.508317623053504,58.852273008426593],[12.52763083213433,59.121924588138754]]]}},
{"type":"Feature","properties":{"Tile_ID":"X0068_Y0019","Tile_X":68,"Tile_Y":19,"TOTAL_SCENES":631,"TILE_SIZE":3.06},"geometry":{"type":"Polygon","coordinates":[[[13.049915564215944,59.11135009630064],[13.571875767657437,59.098797409634443],[13.544612057579387,58.829345567905939],[13.026622757947866,58.841789879762409],[13.049915564215944,59.11135009630064]]]}},
{"type":"Feature","properties":{"Tile_ID":"X0069_Y0019","Tile_X":69,"Tile_Y":19,"TOTAL_SCENES":636,"TILE_SIZE":2.69},"geometry":{"type":"Polygon","coordinates":[[[13.571875767657437,59.098797409634443],[14.093456428755506,59.084268678636626],[14.0622319717406,58.81494216394335],[13.544612057579387,58.829345567905939],[13.571875767657437,59.098797409634443]]]}},
{"type":"Feature","properties":{"Tile_ID":"X0070_Y0019","Tile_X":70,"Tile_Y":19,"TOTAL_SCENES":399,"TILE_SIZE":2.83},"geometry":{"type":"Polygon","coordinates":[[[14.093456428755506,59.084268678636626],[14.614602821305786,59.067766387809179],[14.579429225262579,58.798582083829103],[14.0622319717406,58.81494216394335],[14.093456428755506,59.084268678636626]]]}},
{"type":"Feature","properties":{"Tile_ID":"X0071_Y0019","Tile_X":71,"Tile_Y":19,"TOTAL_SCENES":571,"TILE_SIZE":3.4},"geometry":{"type":"Polygon","coordinates":[[[14.614602821305786,59.067766387809179],[15.135260547166725,59.049293353268631],[15.096150856846217,58.780268066099772],[14.579429225262579,58.798582083829103],[14.614602821305786,59.067766387809179]]]}},
{"type":"Feature","properties":{"Tile_ID":"X0072_Y0019","Tile_X":72,"Tile_Y":19,"TOTAL_SCENES":576,"TILE_SIZE":3.16},"geometry":{"type":"Polygon","coordinates":[[[15.135260547166725,59.049293353268631],[15.655375576218926,59.02885272004432],[15.612344257325212,58.760003169290719],[15.096150856846217,58.780268066099772],[15.135260547166725,59.049293353268631]]]}},
{"type":"Feature","properties":{"Tile_ID":"X0073_Y0019","Tile_X":73,"Tile_Y":19,"TOTAL_SCENES":388,"TILE_SIZE":2.86},"geometry":{"type":"Polygon","coordinates":[[[15.655375576218926,59.02885272004432],[16.174894285649305,59.006447959072212],[16.127957207294276,58.737790769060879],[15.612344257325212,58.760003169290719],[15.655375576218926,59.02885272004432]]]}},
{"type":"Feature","properties":{"Tile_ID":"X0074_Y0019","Tile_X":74,"Tile_Y":19,"TOTAL_SCENES":581,"TILE_SIZE":3.64},"geometry":{"type":"Polygon","coordinates":[[[16.174894285649305,59.006447959072212],[16.693763498491922,58.982082863890263],[16.642937914038338,58.713634555032179],[16.127957207294276,58.737790769060879],[16.174894285649305,59.006447959072212]]]}},
{"type":"Feature","properties":{"Tile_ID":"X0075_Y0019","Tile_X":75,"Tile_Y":19,"TOTAL_SCENES":577,"TILE_SIZE":3.42},"geometry":{"type":"Polygon","coordinates":[[[16.693763498491922,58.982082863890263],[17.211930521359687,58.955761547042712],[17.157235047700713,58.687538527349631],[16.642937914038338,58.713634555032179],[16.693763498491922,58.982082863890263]]]}},
{"type":"Feature","properties":{"Tile_ID":"X0076_Y0019","Tile_X":76,"Tile_Y":19,"TOTAL_SCENES":474,"TILE_SIZE":3.16},"geometry":{"type":"Polygon","coordinates":[[[17.211930521359687,58.955761547042712],[17.729343181303889,58.927488436200633],[17.670797776630735,58.659506992969895],[17.157235047700713,58.687538527349631],[17.211930521359687,58.955761547042712]]]}},
{"type":"Feature","properties":{"Tile_ID":"X0077_Y0019","Tile_X":77,"Tile_Y":19,"TOTAL_SCENES":672,"TILE_SIZE":3.29},"geometry":{"type":"Polygon","coordinates":[[[17.729343181303889,58.927488436200633],[18.245949861741501,58.897268270006983],[18.183575801854172,58.629544561685201],[17.670797776630735,58.659506992969895],[17.729343181303889,58.927488436200633]]]}},
{"type":"Feature","properties":{"Tile_ID":"X0085_Y0019","Tile_X":85,"Tile_Y":19,"TOTAL_SCENES":500,"TILE_SIZE":2.99},"geometry":{"type":"Polygon","coordinates":[[[21.835425885800483,58.631670748258088],[22.343804322556011,58.586080473362529],[22.251716195746525,58.320982360617755],[21.746952048929892,58.366191180932084],[21.835425885800483,58.631670748258088]]]}},
{"type":"Feature","properties":{"Tile_ID":"X0086_Y0019","Tile_X":86,"Tile_Y":19,"TOTAL_SCENES":598,"TILE_SIZE":3.75},"geometry":{"type":"Polygon","coordinates":[[[22.343804322556011,58.586080473362529],[22.850942665893168,58.538598974620008],[22.755272107803695,58.273896983529156],[22.251716195746525,58.320982360617755],[22.343804322556011,58.586080473362529]]]}},
{"type":"Feature","properties":{"Tile_ID":"X0087_Y0019","Tile_X":87,"Tile_Y":19,"TOTAL_SCENES":400,"TILE_SIZE":2.63},"geometry":{"type":"Polygon","coordinates":[[[22.850942665893168,58.538598974620008],[23.356796597371495,58.489233818013851],[23.25757648124182,58.224942417365114],[22.755272107803695,58.273896983529156],[22.850942665893168,58.538598974620008]]]}},
{"type":"Feature","properties":{"Tile_ID":"X0088_Y0019","Tile_X":88,"Tile_Y":19,"TOTAL_SCENES":510,"TILE_SIZE":2.44},"geometry":{"type":"Polygon","coordinates":[[[23.356796597371495,58.489233818013851],[23.861322674733024,58.437992819387361],[23.758586853005202,58.174126274099187],[23.25757648124182,58.224942417365114],[23.356796597371495,58.489233818013851]]]}},
{"type":"Feature","properties":{"Tile_ID":"X0089_Y0019","Tile_X":89,"Tile_Y":19,"TOTAL_SCENES":582,"TILE_SIZE":3.07},"geometry":{"type":"Polygon","coordinates":[[[23.861322674733024,58.437992819387361],[24.364478353194613,58.384884037770341],[24.258261621506545,58.121456403574854],[23.758586853005202,58.174126274099187],[23.861322674733024,58.437992819387361]]]}},
{"type":"Feature","properties":{"Tile_ID":"X0090_Y0019","Tile_X":90,"Tile_Y":19,"TOTAL_SCENES":382,"TILE_SIZE":2.59},"geometry":{"type":"Polygon","coordinates":[[[24.364478353194613,58.384884037770341],[24.866222005345904,58.329915768570025],[24.756560065972309,58.066940886968538],[24.258261621506545,58.121456403574854],[24.364478353194613,58.384884037770341]]]}},
{"type":"Feature","properties":{"Tile_ID":"X0091_Y0019","Tile_X":91,"Tile_Y":19,"TOTAL_SCENES":480,"TILE_SIZE":2.7},"geometry":{"type":"Polygon","coordinates":[[[24.866222005345904,58.329915768570025],[25.366512939643837,58.273096536638484],[25.253442364459598,58.0105880301317],[24.756560065972309,58.066940886968538],[24.866222005345904,58.329915768570025]]]}},
{"type":"Feature","properties":{"Tile_ID":"X0092_Y0019","Tile_X":92,"Tile_Y":19,"TOTAL_SCENES":524,"TILE_SIZE":3.01},"geometry":{"type":"Polygon","coordinates":[[[25.366512939643837,58.273096536638484],[25.865311417498152,58.214435089228282],[25.74886961053847,57.952406356823445],[25.253442364459598,58.0105880301317],[25.366512939643837,58.273096536638484]]]}},
{"type":"Feature","properties":{"Tile_ID":"X0093_Y0019","Tile_X":93,"Tile_Y":19,"TOTAL_SCENES":335,"TILE_SIZE":2.44},"geometry":{"type":"Polygon","coordinates":[[[25.865311417498152,58.214435089228282],[26.362578668946142,58.153940388849009],[26.242803828637193,57.892404601845065],[25.74886961053847,57.952406356823445],[25.865311417498152,58.214435089228282]]]}},
{"type":"Feature","properties":{"Tile_ID":"X0094_Y0019","Tile_X":94,"Tile_Y":19,"TOTAL_SCENES":463,"TILE_SIZE":2.48},"geometry":{"type":"Polygon","coordinates":[[[26.362578668946142,58.153940388849009],[26.858276906918263,58.091621606036043],[26.735207988051197,57.830591704088242],[26.242803828637193,57.892404601845065],[26.362578668946142,58.153940388849009]]]}},
{"type":"Feature","properties":{"Tile_ID":"X0095_Y0019","Tile_X":95,"Tile_Y":19,"TOTAL_SCENES":491,"TILE_SIZE":2.88},"geometry":{"type":"Polygon","coordinates":[[[26.858276906918263,58.091621606036043],[27.352369340099791,58.027488112044118],[27.22604601561957,57.766976799507667],[26.735207988051197,57.830591704088242],[26.858276906918263,58.091621606036043]]]}},
{"type":"Feature","properties":{"Tile_ID":"X0096_Y0019","Tile_X":96,"Tile_Y":19,"TOTAL_SCENES":354,"TILE_SIZE":2.61},"geometry":{"type":"Polygon","coordinates":[[[27.352369340099791,58.027488112044118],[27.84482018439688,57.9615494714768],[27.71528280707625,57.701569214029632],[27.22604601561957,57.766976799507667],[27.352369340099791,58.027488112044118]]]}},
{"type":"Feature","properties":{"Tile_ID":"X0097_Y0019","Tile_X":97,"Tile_Y":19,"TOTAL_SCENES":518,"TILE_SIZE":2.86},"geometry":{"type":"Polygon","coordinates":[[[27.84482018439688,57.9615494714768],[28.33559467301864,57.893815434864287],[28.202884237085936,57.634378456407582],[27.71528280707625,57.701569214029632],[27.84482018439688,57.9615494714768]]]}},
{"type":"Feature","properties":{"Tile_ID":"X0064_Y0020","Tile_X":64,"Tile_Y":20,"TOTAL_SCENES":449,"TILE_SIZE":2.97},"geometry":{"type":"Polygon","coordinates":[[[10.952046005552468,58.871939296951062],[11.470975187081555,58.867348987774548],[11.459842218023196,58.597592878025253],[10.944839035601367,58.602143849760125],[10.952046005552468,58.871939296951062]]]}},
{"type":"Feature","properties":{"Tile_ID":"X0065_Y0020","Tile_X":65,"Tile_Y":20,"TOTAL_SCENES":561,"TILE_SIZE":3.71},"geometry":{"type":"Polygon","coordinates":[[[11.470975187081555,58.867348987774548],[11.989750438811081,58.860793189664982],[11.974695568895546,58.591093241149991],[11.459842218023196,58.597592878025253],[11.470975187081555,58.867348987774548]]]}},
{"type":"Feature","properties":{"Tile_ID":"X0066_Y0020","Tile_X":66,"Tile_Y":20,"TOTAL_SCENES":551,"TILE_SIZE":3.1},"geometry":{"type":"Polygon","coordinates":[[[11.989750438811081,58.860793189664982],[12.508317623053504,58.852273008426593],[12.489346389026217,58.582646014543428],[11.974695568895546,58.591093241149991],[11.989750438811081,58.860793189664982]]]}},
{"type":"Feature","properties":{"Tile_ID":"X0067_Y0020","Tile_X":67,"Tile_Y":20,"TOTAL_SCENES":449,"TILE_SIZE":2.48},"geometry":{"type":"Polygon","coordinates":[[[12.508317623053504,58.852273008426593],[13.026622757947866,58.841789879762409],[13.003742128327811,58.572252594473973],[12.489346389026217,58.582646014543428],[12.508317623053504,58.852273008426593]]]}},
{"type":"Feature","properties":{"Tile_ID":"X0068_Y0020","Tile_X":68,"Tile_Y":20,"TOTAL_SCENES":614,"TILE_SIZE":3.23},"geometry":{"type":"Polygon","coordinates":[[[13.026622757947866,58.841789879762409],[13.544612057579387,58.829345567905939],[13.517830424215481,58.559914696761098],[13.003742128327811,58.572252594473973],[13.026622757947866,58.841789879762409]]]}},
{"type":"Feature","properties":{"Tile_ID":"X0069_Y0020","Tile_X":69,"Tile_Y":20,"TOTAL_SCENES":572,"TILE_SIZE":2.85},"geometry":{"type":"Polygon","coordinates":[[[13.544612057579387,58.829345567905939],[14.0622319717406,58.81494216394335],[14.031559139667683,58.545634355170463],[13.517830424215481,58.559914696761098],[13.544612057579387,58.829345567905939]]]}},
{"type":"Feature","properties":{"Tile_ID":"X0070_Y0020","Tile_X":70,"Tile_Y":20,"TOTAL_SCENES":405,"TILE_SIZE":2.83},"geometry":{"type":"Polygon","coordinates":[[[14.0622319717406,58.81494216394335],[14.579429225262579,58.798582083829103],[14.544876400882709,58.529413919516237],[14.031559139667683,58.545634355170463],[14.0622319717406,58.81494216394335]]]}},
{"type":"Feature","properties":{"Tile_ID":"X0071_Y0020","Tile_X":71,"Tile_Y":20,"TOTAL_SCENES":595,"TILE_SIZE":3.33},"geometry":{"type":"Polygon","coordinates":[[[14.579429225262579,58.798582083829103],[15.096150856846217,58.780268066099772],[15.057730634465068,58.51125605347417],[14.544876400882709,58.529413919516237],[14.579429225262579,58.798582083829103]]]}},
{"type":"Feature","properties":{"Tile_ID":"X0072_Y0020","Tile_X":72,"Tile_Y":20,"TOTAL_SCENES":512,"TILE_SIZE":2.89},"geometry":{"type":"Polygon","coordinates":[[[15.096150856846217,58.780268066099772],[15.612344257325212,58.760003169290719],[15.570070604077378,58.491163732110429],[15.057730634465068,58.51125605347417],[15.096150856846217,58.780268066099772]]]}},
{"type":"Feature","properties":{"Tile_ID":"X0073_Y0020","Tile_X":73,"Tile_Y":20,"TOTAL_SCENES":408,"TILE_SIZE":2.86},"geometry":{"type":"Polygon","coordinates":[[[15.612344257325212,58.760003169290719],[16.127957207294276,58.737790769060879],[16.081845446495162,58.469140239130894],[15.570070604077378,58.491163732110429],[15.612344257325212,58.760003169290719]]]}},
{"type":"Feature","properties":{"Tile_ID":"X0074_Y0020","Tile_X":74,"Tile_Y":20,"TOTAL_SCENES":577,"TILE_SIZE":3.72},"geometry":{"type":"Polygon","coordinates":[[[16.127957207294276,58.737790769060879],[16.642937914038338,58.713634555032179],[16.593004707003967,58.445189163856874],[16.081845446495162,58.469140239130894],[16.127957207294276,58.737790769060879]]]}},
{"type":"Feature","properties":{"Tile_ID":"X0075_Y0020","Tile_X":75,"Tile_Y":20,"TOTAL_SCENES":545,"TILE_SIZE":3.19},"geometry":{"type":"Polygon","coordinates":[[[16.642937914038338,58.713634555032179],[17.157235047700713,58.687538527349631],[17.103498374080303,58.419314397933434],[16.593004707003967,58.445189163856874],[16.642937914038338,58.713634555032179]]]}},
{"type":"Feature","properties":{"Tile_ID":"X0080_Y0020","Tile_X":80,"Tile_Y":20,"TOTAL_SCENES":660,"TILE_SIZE":2.99},"geometry":{"type":"Polygon","coordinates":[[[19.206579408919151,58.563846936109044],[19.716707353088001,58.528122436264461],[19.644267629316374,58.261242110193287],[19.137834264626346,58.296666636005213],[19.206579408919151,58.563846936109044]]]}},
{"type":"Feature","properties":{"Tile_ID":"X0085_Y0020","Tile_X":85,"Tile_Y":20,"TOTAL_SCENES":575,"TILE_SIZE":2.96},"geometry":{"type":"Polygon","coordinates":[[[21.746952048929892,58.366191180932084],[22.251716195746525,58.320982360617755],[22.161206990618886,58.055828230677115],[21.659999290627876,58.100662203784076],[21.746952048929892,58.366191180932084]]]}},
{"type":"Feature","properties":{"Tile_ID":"X0086_Y0020","Tile_X":86,"Tile_Y":20,"TOTAL_SCENES":667,"TILE_SIZE":3.38},"geometry":{"type":"Polygon","coordinates":[[[22.251716195746525,58.320982360617755],[22.755272107803695,58.273896983529156],[22.661237267617221,58.009132141687346],[22.161206990618886,58.055828230677115],[22.251716195746525,58.320982360617755]]]}},
{"type":"Feature","properties":{"Tile_ID":"X0087_Y0020","Tile_X":87,"Tile_Y":20,"TOTAL_SCENES":453,"TILE_SIZE":2.29},"geometry":{"type":"Polygon","coordinates":[[[22.755272107803695,58.273896983529156],[23.25757648124182,58.224942417365114],[23.160047804313731,57.96058111273728],[22.661237267617221,58.009132141687346],[22.755272107803695,58.273896983529156]]]}},
{"type":"Feature","properties":{"Tile_ID":"X0089_Y0020","Tile_X":89,"Tile_Y":20,"TOTAL_SCENES":608,"TILE_SIZE":2.45},"geometry":{"type":"Polygon","coordinates":[[[23.758586853005202,58.174126274099187],[24.258261621506545,58.121456403574854],[24.153844443124893,57.857944126650324],[23.657597090500676,57.910182558579962],[23.758586853005202,58.174126274099187]]]}},
{"type":"Feature","properties":{"Tile_ID":"X0090_Y0020","Tile_X":90,"Tile_Y":20,"TOTAL_SCENES":417,"TILE_SIZE":2.68},"geometry":{"type":"Polygon","coordinates":[[[24.258261621506545,58.121456403574854],[24.756560065972309,58.066940886968538],[24.648750025092681,57.803873690787739],[24.153844443124893,57.857944126650324],[24.258261621506545,58.121456403574854]]]}},
{"type":"Feature","properties":{"Tile_ID":"X0091_Y0020","Tile_X":91,"Tile_Y":20,"TOTAL_SCENES":518,"TILE_SIZE":2.79},"geometry":{"type":"Polygon","coordinates":[[[24.756560065972309,58.066940886968538],[25.253442364459598,58.0105880301317],[25.142274862816592,57.747979344840196],[24.648750025092681,57.803873690787739],[24.756560065972309,58.066940886968538]]]}},
{"type":"Feature","properties":{"Tile_ID":"X0092_Y0020","Tile_X":92,"Tile_Y":20,"TOTAL_SCENES":515,"TILE_SIZE":2.8},"geometry":{"type":"Polygon","coordinates":[[[25.253442364459598,58.0105880301317],[25.74886961053847,57.952406356823445],[25.634380862497842,57.690269396161121],[25.142274862816592,57.747979344840196],[25.253442364459598,58.0105880301317]]]}},
{"type":"Feature","properties":{"Tile_ID":"X0093_Y0020","Tile_X":93,"Tile_Y":20,"TOTAL_SCENES":311,"TILE_SIZE":2.32},"geometry":{"type":"Polygon","coordinates":[[[25.74886961053847,57.952406356823445],[26.242803828637193,57.892404601845065],[26.125030825141156,57.630752359009882],[25.634380862497842,57.690269396161121],[25.74886961053847,57.952406356823445]]]}},
{"type":"Feature","properties":{"Tile_ID":"X0094_Y0020","Tile_X":94,"Tile_Y":20,"TOTAL_SCENES":453,"TILE_SIZE":2.48},"geometry":{"type":"Polygon","coordinates":[[[26.242803828637193,57.892404601845065],[26.735207988051197,57.830591704088242],[26.614188460301815,57.569436947866393],[26.125030825141156,57.630752359009882],[26.242803828637193,57.892404601845065]]]}},
{"type":"Feature","properties":{"Tile_ID":"X0095_Y0020","Tile_X":95,"Tile_Y":20,"TOTAL_SCENES":462,"TILE_SIZE":2.66},"geometry":{"type":"Polygon","coordinates":[[[26.735207988051197,57.830591704088242],[27.22604601561957,57.766976799507667],[27.101818398568028,57.506332070670993],[26.614188460301815,57.569436947866393],[26.735207988051197,57.830591704088242]]]}},
{"type":"Feature","properties":{"Tile_ID":"X0096_Y0020","Tile_X":96,"Tile_Y":20,"TOTAL_SCENES":312,"TILE_SIZE":2.37},"geometry":{"type":"Polygon","coordinates":[[[27.22604601561957,57.766976799507667],[27.71528280707625,57.701569214029632],[27.587886202784279,57.441446821999939],[27.101818398568028,57.506332070670993],[27.22604601561957,57.766976799507667]]]}},
{"type":"Feature","properties":{"Tile_ID":"X0064_Y0021","Tile_X":64,"Tile_Y":21,"TOTAL_SCENES":488,"TILE_SIZE":2.76},"geometry":{"type":"Polygon","coordinates":[[[10.944839035601367,58.602143849760125],[11.459842218023196,58.597592878025253],[11.44890491927023,58.327862207183031],[10.937758768518544,58.332374549553812],[10.944839035601367,58.602143849760125]]]}},
{"type":"Feature","properties":{"Tile_ID":"X0065_Y0021","Tile_X":65,"Tile_Y":21,"TOTAL_SCENES":580,"TILE_SIZE":3.77},"geometry":{"type":"Polygon","coordinates":[[[11.459842218023196,58.597592878025253],[11.974695568895546,58.591093241149991],[11.959905195427696,58.321417721124739],[11.44890491927023,58.327862207183031],[11.459842218023196,58.597592878025253]]]}},
{"type":"Feature","properties":{"Tile_ID":"X0066_Y0021","Tile_X":66,"Tile_Y":21,"TOTAL_SCENES":427,"TILE_SIZE":3.05},"geometry":{"type":"Polygon","coordinates":[[[11.974695568895546,58.591093241149991],[12.489346389026217,58.582646014543428],[12.470708286825793,58.313042137456883],[11.959905195427696,58.321417721124739],[11.974695568895546,58.591093241149991]]]}},
{"type":"Feature","properties":{"Tile_ID":"X0067_Y0021","Tile_X":67,"Tile_Y":21,"TOTAL_SCENES":470,"TILE_SIZE":2.9},"geometry":{"type":"Polygon","coordinates":[[[12.489346389026217,58.582646014543428],[13.003742128327811,58.572252594473973],[12.981263026027161,58.302736814392532],[12.470708286825793,58.313042137456883],[12.489346389026217,58.582646014543428]]]}},
{"type":"Feature","properties":{"Tile_ID":"X0068_Y0021","Tile_X":68,"Tile_Y":21,"TOTAL_SCENES":585,"TILE_SIZE":3.63},"geometry":{"type":"Polygon","coordinates":[[[13.003742128327811,58.572252594473973],[13.517830424215481,58.559914696761098],[13.491518425085941,58.290503421028269],[12.981263026027161,58.302736814392532],[13.003742128327811,58.572252594473973]]]}},
{"type":"Feature","properties":{"Tile_ID":"X0069_Y0021","Tile_X":69,"Tile_Y":21,"TOTAL_SCENES":365,"TILE_SIZE":2.64},"geometry":{"type":"Polygon","coordinates":[[[13.517830424215481,58.559914696761098],[14.031559139667683,58.545634355170463],[14.001423711994494,58.276343935808896],[13.491518425085941,58.290503421028269],[13.517830424215481,58.559914696761098]]]}},
{"type":"Feature","properties":{"Tile_ID":"X0070_Y0021","Tile_X":70,"Tile_Y":21,"TOTAL_SCENES":456,"TILE_SIZE":2.7},"geometry":{"type":"Polygon","coordinates":[[[14.031559139667683,58.545634355170463],[14.544876400882709,58.529413919516237],[14.510928366749836,58.260260644711586],[14.001423711994494,58.276343935808896],[14.031559139667683,58.545634355170463]]]}},
{"type":"Feature","properties":{"Tile_ID":"X0071_Y0021","Tile_X":71,"Tile_Y":21,"TOTAL_SCENES":617,"TILE_SIZE":3.34},"geometry":{"type":"Polygon","coordinates":[[[14.544876400882709,58.529413919516237],[15.057730634465068,58.51125605347417],[15.019982156977758,58.242256139153419],[14.510928366749836,58.260260644711586],[14.544876400882709,58.529413919516237]]]}},
{"type":"Feature","properties":{"Tile_ID":"X0072_Y0021","Tile_X":72,"Tile_Y":21,"TOTAL_SCENES":380,"TILE_SIZE":2.8},"geometry":{"type":"Polygon","coordinates":[[[15.057730634465068,58.51125605347417],[15.570070604077378,58.491163732110429],[15.528535173053923,58.222333313626372],[15.019982156977758,58.242256139153419],[15.057730634465068,58.51125605347417]]]}},
{"type":"Feature","properties":{"Tile_ID":"X0073_Y0021","Tile_X":73,"Tile_Y":21,"TOTAL_SCENES":443,"TILE_SIZE":2.76},"geometry":{"type":"Polygon","coordinates":[[[15.570070604077378,58.491163732110429],[16.081845446495162,58.469140239130894],[16.036537862663085,58.20049536306491],[15.528535173053923,58.222333313626372],[15.570070604077378,58.491163732110429]]]}},
{"type":"Feature","properties":{"Tile_ID":"X0074_Y0021","Tile_X":74,"Tile_Y":21,"TOTAL_SCENES":586,"TILE_SIZE":3.72},"geometry":{"type":"Polygon","coordinates":[[[16.081845446495162,58.469140239130894],[16.593004707003967,58.445189163856874],[16.543941064739126,58.176745779951112],[16.036537862663085,58.20049536306491],[16.081845446495162,58.469140239130894]]]}},
{"type":"Feature","properties":{"Tile_ID":"X0075_Y0021","Tile_X":75,"Tile_Y":21,"TOTAL_SCENES":463,"TILE_SIZE":3.17},"geometry":{"type":"Polygon","coordinates":[[[16.593004707003967,58.445189163856874],[17.103498374080303,58.419314397933434],[17.050696042730891,58.151088351163409],[16.543941064739126,58.176745779951112],[16.593004707003967,58.445189163856874]]]}},
{"type":"Feature","properties":{"Tile_ID":"X0085_Y0021","Tile_X":85,"Tile_Y":21,"TOTAL_SCENES":646,"TILE_SIZE":2.83},"geometry":{"type":"Polygon","coordinates":[[[21.659999290627876,58.100662203784076],[22.161206990618886,58.055828230677115],[22.072237632825633,57.790618643948463],[21.574529827299404,57.835084215909696],[21.659999290627876,58.100662203784076]]]}},
{"type":"Feature","properties":{"Tile_ID":"X0086_Y0021","Tile_X":86,"Tile_Y":21,"TOTAL_SCENES":659,"TILE_SIZE":2.71},"geometry":{"type":"Polygon","coordinates":[[[22.161206990618886,58.055828230677115],[22.661237267617221,58.009132141687346],[22.568797822367888,57.744305175371444],[22.072237632825633,57.790618643948463],[22.161206990618886,58.055828230677115]]]}},
{"type":"Feature","properties":{"Tile_ID":"X0087_Y0021","Tile_X":87,"Tile_Y":21,"TOTAL_SCENES":440,"TILE_SIZE":2.26},"geometry":{"type":"Polygon","coordinates":[[[22.661237267617221,58.009132141687346],[23.160047804313731,57.96058111273728],[23.06416903800498,57.696150800574443],[22.568797822367888,57.744305175371444],[22.661237267617221,58.009132141687346]]]}},
{"type":"Feature","properties":{"Tile_ID":"X0088_Y0021","Tile_X":88,"Tile_Y":21,"TOTAL_SCENES":599,"TILE_SIZE":2.57},"geometry":{"type":"Polygon","coordinates":[[[23.160047804313731,57.96058111273728],[23.657597090500676,57.910182558579962],[23.558310696800319,57.646162743477284],[23.06416903800498,57.696150800574443],[23.160047804313731,57.96058111273728]]]}},
{"type":"Feature","properties":{"Tile_ID":"X0090_Y0021","Tile_X":90,"Tile_Y":21,"TOTAL_SCENES":389,"TILE_SIZE":2.42},"geometry":{"type":"Polygon","coordinates":[[[24.153844443124893,57.857944126650324],[24.648750025092681,57.803873690787739],[24.542747002611193,57.540715610130142],[24.051183010260356,57.594348455619453],[24.153844443124893,57.857944126650324]]]}},
{"type":"Feature","properties":{"Tile_ID":"X0091_Y0021","Tile_X":91,"Tile_Y":21,"TOTAL_SCENES":504,"TILE_SIZE":2.78},"geometry":{"type":"Polygon","coordinates":[[[24.648750025092681,57.803873690787739],[25.142274862816592,57.747979344840196],[25.032964527883472,57.485272095582481],[24.542747002611193,57.540715610130142],[24.648750025092681,57.803873690787739]]]}},
{"type":"Feature","properties":{"Tile_ID":"X0092_Y0021","Tile_X":92,"Tile_Y":21,"TOTAL_SCENES":490,"TILE_SIZE":2.68},"geometry":{"type":"Polygon","coordinates":[[[25.142274862816592,57.747979344840196],[25.634380862497842,57.690269396161121],[25.521798285798994,57.428026009742801],[25.032964527883472,57.485272095582481],[25.142274862816592,57.747979344840196]]]}},
{"type":"Feature","properties":{"Tile_ID":"X0093_Y0021","Tile_X":93,"Tile_Y":21,"TOTAL_SCENES":305,"TILE_SIZE":2.34},"geometry":{"type":"Polygon","coordinates":[[[25.634380862497842,57.690269396161121],[26.125030825141156,57.630752359009882],[26.00921183645514,57.368985653225003],[25.521798285798994,57.428026009742801],[25.634380862497842,57.690269396161121]]]}},
{"type":"Feature","properties":{"Tile_ID":"X0094_Y0021","Tile_X":94,"Tile_Y":21,"TOTAL_SCENES":453,"TILE_SIZE":2.55},"geometry":{"type":"Polygon","coordinates":[[[26.125030825141156,57.630752359009882],[26.614188460301815,57.569436947866393],[26.495169613806425,57.308159523060098],[26.00921183645514,57.368985653225003],[26.125030825141156,57.630752359009882]]]}},
{"type":"Feature","properties":{"Tile_ID":"X0095_Y0021","Tile_X":95,"Tile_Y":21,"TOTAL_SCENES":441,"TILE_SIZE":2.62},"geometry":{"type":"Polygon","coordinates":[[[26.614188460301815,57.569436947866393],[27.101818398568028,57.506332070670993],[26.979636937945035,57.245556306191467],[26.495169613806425,57.308159523060098],[26.614188460301815,57.569436947866393]]]}},
{"type":"Feature","properties":{"Tile_ID":"X0096_Y0021","Tile_X":96,"Tile_Y":21,"TOTAL_SCENES":315,"TILE_SIZE":2.41},"geometry":{"type":"Polygon","coordinates":[[[27.101818398568028,57.506332070670993],[27.587886202784279,57.441446821999939],[27.462580026185261,57.181184872905632],[26.979636937945035,57.245556306191467],[27.101818398568028,57.506332070670993]]]}},
{"type":"Feature","properties":{"Tile_ID":"X0097_Y0021","Tile_X":97,"Tile_Y":21,"TOTAL_SCENES":484,"TILE_SIZE":2.8},"geometry":{"type":"Polygon","coordinates":[[[27.587886202784279,57.441446821999939],[28.072358378024326,57.374790476186952],[27.943966002958991,57.115054270208923],[27.462580026185261,57.181184872905632],[27.587886202784279,57.441446821999939]]]}},
{"type":"Feature","properties":{"Tile_ID":"X0064_Y0022","Tile_X":64,"Tile_Y":22,"TOTAL_SCENES":659,"TILE_SIZE":2.76},"geometry":{"type":"Polygon","coordinates":[[[10.937758768518544,58.332374549553812],[11.44890491927023,58.327862207183031],[11.438158269033517,58.058155445604982],[10.930801951315582,58.062629848400455],[10.937758768518544,58.332374549553812]]]}},
{"type":"Feature","properties":{"Tile_ID":"X0065_Y0022","Tile_X":65,"Tile_Y":22,"TOTAL_SCENES":639,"TILE_SIZE":3.75},"geometry":{"type":"Polygon","coordinates":[[[11.44890491927023,58.327862207183031],[11.959905195427696,58.321417721124739],[11.945372533853632,58.051765126026737],[11.438158269033517,58.058155445604982],[11.44890491927023,58.327862207183031]]]}},
{"type":"Feature","properties":{"Tile_ID":"X0066_Y0022","Tile_X":66,"Tile_Y":22,"TOTAL_SCENES":411,"TILE_SIZE":3.1},"geometry":{"type":"Polygon","coordinates":[[[11.959905195427696,58.321417721124739],[12.470708286825793,58.313042137456883],[12.452394777276366,58.043459907430766],[11.945372533853632,58.051765126026737],[11.959905195427696,58.321417721124739]]]}},
{"type":"Feature","properties":{"Tile_ID":"X0067_Y0022","Tile_X":67,"Tile_Y":22,"TOTAL_SCENES":568,"TILE_SIZE":3.18},"geometry":{"type":"Polygon","coordinates":[[[12.470708286825793,58.313042137456883],[12.981263026027161,58.302736814392532],[12.959175167477291,58.0332411112947],[12.452394777276366,58.043459907430766],[12.470708286825793,58.313042137456883]]]}},
{"type":"Feature","properties":{"Tile_ID":"X0068_Y0022","Tile_X":68,"Tile_Y":22,"TOTAL_SCENES":567,"TILE_SIZE":3.3},"geometry":{"type":"Polygon","coordinates":[[[12.981263026027161,58.302736814392532],[13.491518425085941,58.290503421028269],[13.465664044519407,58.021110361610944],[12.959175167477291,58.0332411112947],[12.981263026027161,58.302736814392532]]]}},
{"type":"Feature","properties":{"Tile_ID":"X0069_Y0022","Tile_X":69,"Tile_Y":22,"TOTAL_SCENES":371,"TILE_SIZE":2.77},"geometry":{"type":"Polygon","coordinates":[[[13.491518425085941,58.290503421028269],[14.001423711994494,58.276343935808896],[13.971811955267125,58.007069583417191],[13.465664044519407,58.021110361610944],[13.491518425085941,58.290503421028269]]]}},
{"type":"Feature","properties":{"Tile_ID":"X0070_Y0022","Tile_X":70,"Tile_Y":22,"TOTAL_SCENES":616,"TILE_SIZE":2.82},"geometry":{"type":"Polygon","coordinates":[[[14.001423711994494,58.276343935808896],[14.510928366749836,58.260260644711586],[14.477569687942298,57.991121001058552],[13.971811955267125,58.007069583417191],[14.001423711994494,58.276343935808896]]]}},
{"type":"Feature","properties":{"Tile_ID":"X0071_Y0022","Tile_X":71,"Tile_Y":22,"TOTAL_SCENES":594,"TILE_SIZE":3.43},"geometry":{"type":"Polygon","coordinates":[[[14.510928366749836,58.260260644711586],[15.019982156977758,58.242256139153419],[14.982888306263861,57.973267136184369],[14.477569687942298,57.991121001058552],[14.510928366749836,58.260260644711586]]]}},
{"type":"Feature","properties":{"Tile_ID":"X0072_Y0022","Tile_X":72,"Tile_Y":22,"TOTAL_SCENES":385,"TILE_SIZE":2.79},"geometry":{"type":"Polygon","coordinates":[[[15.019982156977758,58.242256139153419],[15.528535173053923,58.222333313626372],[15.487719183113946,57.953510805484349],[14.982888306263861,57.973267136184369],[15.019982156977758,58.242256139153419]]]}},
{"type":"Feature","properties":{"Tile_ID":"X0073_Y0022","Tile_X":73,"Tile_Y":22,"TOTAL_SCENES":604,"TILE_SIZE":3.09},"geometry":{"type":"Polygon","coordinates":[[[15.528535173053923,58.222333313626372],[16.036537862663085,58.20049536306491],[15.99201403367481,57.93185511816813],[15.487719183113946,57.953510805484349],[15.528535173053923,58.222333313626372]]]}},
{"type":"Feature","properties":{"Tile_ID":"X0074_Y0022","Tile_X":74,"Tile_Y":22,"TOTAL_SCENES":614,"TILE_SIZE":3.73},"geometry":{"type":"Polygon","coordinates":[[[16.036537862663085,58.20049536306491],[16.543941064739126,58.176745779951112],[16.49572494798273,57.908303473193349],[15.99201403367481,57.93185511816813],[16.036537862663085,58.20049536306491]]]}},
{"type":"Feature","properties":{"Tile_ID":"X0075_Y0022","Tile_X":75,"Tile_Y":22,"TOTAL_SCENES":499,"TILE_SIZE":3.25},"geometry":{"type":"Polygon","coordinates":[[[16.543941064739126,58.176745779951112],[17.050696042730891,58.151088351163409],[16.998804422846693,57.882859556247944],[16.49572494798273,57.908303473193349],[16.543941064739126,58.176745779951112]]]}},
{"type":"Feature","properties":{"Tile_ID":"X0078_Y0022","Tile_X":78,"Tile_Y":22,"TOTAL_SCENES":533,"TILE_SIZE":2.8},"geometry":{"type":"Polygon","coordinates":[[[18.062068697284477,58.094066555411558],[18.566591312226613,58.062711202365854],[18.503785931179408,57.795215261381614],[18.002881262009698,57.826311063068566],[18.062068697284477,58.094066555411558]]]}},
{"type":"Feature","properties":{"Tile_ID":"X0079_Y0022","Tile_X":79,"Tile_Y":22,"TOTAL_SCENES":703,"TILE_SIZE":3.47},"geometry":{"type":"Polygon","coordinates":[[[18.566591312226613,58.062711202365854],[19.07027564084143,58.029466023493491],[19.00387382926688,57.762244729162504],[18.503785931179408,57.795215261381614],[18.566591312226613,58.062711202365854]]]}},
{"type":"Feature","properties":{"Tile_ID":"X0080_Y0022","Tile_X":80,"Tile_Y":22,"TOTAL_SCENES":694,"TILE_SIZE":3.14},"geometry":{"type":"Polygon","coordinates":[[[19.07027564084143,58.029466023493491],[19.573075540960613,57.994336221880992],[19.503099940110729,57.727404532318367],[19.00387382926688,57.762244729162504],[19.07027564084143,58.029466023493491]]]}},
{"type":"Feature","properties":{"Tile_ID":"X0085_Y0022","Tile_X":85,"Tile_Y":22,"TOTAL_SCENES":643,"TILE_SIZE":2.85},"geometry":{"type":"Polygon","coordinates":[[[21.574529827299404,57.835084215909696],[22.072237632825633,57.790618643948463],[21.984770320539216,57.525354093092403],[21.490507111569627,57.569457553777731],[21.574529827299404,57.835084215909696]]]}},
{"type":"Feature","properties":{"Tile_ID":"X0086_Y0022","Tile_X":86,"Tile_Y":22,"TOTAL_SCENES":602,"TILE_SIZE":3.01},"geometry":{"type":"Polygon","coordinates":[[[22.072237632825633,57.790618643948463],[22.568797822367888,57.744305175371444],[22.477914755918675,57.479416737885522],[21.984770320539216,57.525354093092403],[22.072237632825633,57.790618643948463]]]}},
{"type":"Feature","properties":{"Tile_ID":"X0087_Y0022","Tile_X":87,"Tile_Y":22,"TOTAL_SCENES":387,"TILE_SIZE":2.41},"geometry":{"type":"Polygon","coordinates":[[[22.568797822367888,57.744305175371444],[23.06416903800498,57.696150800574443],[22.969899992853989,57.431652299029345],[22.477914755918675,57.479416737885522],[22.568797822367888,57.744305175371444]]]}},
{"type":"Feature","properties":{"Tile_ID":"X0090_Y0022","Tile_X":90,"Tile_Y":22,"TOTAL_SCENES":375,"TILE_SIZE":2.2},"geometry":{"type":"Polygon","coordinates":[[[24.051183010260356,57.594348455619453],[24.542747002611193,57.540715610130142],[24.438507542144851,57.277467980413384],[23.950234912699127,57.330670549945687],[24.051183010260356,57.594348455619453]]]}},
{"type":"Feature","properties":{"Tile_ID":"X0091_Y0022","Tile_X":91,"Tile_Y":22,"TOTAL_SCENES":494,"TILE_SIZE":2.89},"geometry":{"type":"Polygon","coordinates":[[[24.542747002611193,57.540715610130142],[25.032964527883472,57.485272095582481],[24.925466900610715,57.222467796921414],[24.438507542144851,57.277467980413384],[24.542747002611193,57.540715610130142]]]}},
{"type":"Feature","properties":{"Tile_ID":"X0092_Y0022","Tile_X":92,"Tile_Y":22,"TOTAL_SCENES":460,"TILE_SIZE":2.59},"geometry":{"type":"Polygon","coordinates":[[[25.032964527883472,57.485272095582481],[25.521798285798994,57.428026009742801],[25.411076462647138,57.165677894210042],[24.925466900610715,57.222467796921414],[25.032964527883472,57.485272095582481]]]}},
{"type":"Feature","properties":{"Tile_ID":"X0093_Y0022","Tile_X":93,"Tile_Y":22,"TOTAL_SCENES":294,"TILE_SIZE":2.28},"geometry":{"type":"Polygon","coordinates":[[[25.521798285798994,57.428026009742801],[26.00921183645514,57.368985653225003],[25.895300530296314,57.107106365886196],[25.411076462647138,57.165677894210042],[25.521798285798994,57.428026009742801]]]}},
{"type":"Feature","properties":{"Tile_ID":"X0094_Y0022","Tile_X":94,"Tile_Y":22,"TOTAL_SCENES":462,"TILE_SIZE":2.62},"geometry":{"type":"Polygon","coordinates":[[[26.00921183645514,57.368985653225003],[26.495169613806425,57.308159523060098],[26.378104246305522,57.046761498236961],[25.895300530296314,57.107106365886196],[26.00921183645514,57.368985653225003]]]}},
{"type":"Feature","properties":{"Tile_ID":"X0095_Y0022","Tile_X":95,"Tile_Y":22,"TOTAL_SCENES":441,"TILE_SIZE":2.56},"geometry":{"type":"Polygon","coordinates":[[[26.495169613806425,57.308159523060098],[26.979636937945035,57.245556306191467],[26.859453606199921,56.984651763968955],[26.378104246305522,57.046761498236961],[26.495169613806425,57.308159523060098]]]}},
{"type":"Feature","properties":{"Tile_ID":"X0096_Y0022","Tile_X":96,"Tile_Y":22,"TOTAL_SCENES":311,"TILE_SIZE":2.38},"geometry":{"type":"Polygon","coordinates":[[[26.979636937945035,57.245556306191467],[27.462580026185261,57.181184872905632],[27.339315469218281,56.920785815883725],[26.859453606199921,56.984651763968955],[26.979636937945035,57.245556306191467]]]}},
{"type":"Feature","properties":{"Tile_ID":"X0097_Y0022","Tile_X":97,"Tile_Y":22,"TOTAL_SCENES":507,"TILE_SIZE":2.82},"geometry":{"type":"Polygon","coordinates":[[[27.462580026185261,57.181184872905632],[27.943966002958991,57.115054270208923],[27.817657568118307,56.855172480498332],[27.339315469218281,56.920785815883725],[27.462580026185261,57.181184872905632]]]}},
{"type":"Feature","properties":{"Tile_ID":"X0098_Y0022","Tile_X":98,"Tile_Y":22,"TOTAL_SCENES":463,"TILE_SIZE":2.59},"geometry":{"type":"Polygon","coordinates":[[[27.943966002958991,57.115054270208923],[28.423762908532535,57.047173715159488],[28.294448517860008,56.7878207516206],[27.817657568118307,56.855172480498332],[27.943966002958991,57.115054270208923]]]}},
{"type":"Feature","properties":{"Tile_ID":"X0065_Y0023","Tile_X":65,"Tile_Y":23,"TOTAL_SCENES":664,"TILE_SIZE":3.34},"geometry":{"type":"Polygon","coordinates":[[[11.438158269033517,58.058155445604982],[11.945372533853632,58.051765126026737],[11.931091031112731,57.78213395280563],[11.427597416982417,57.788471065050921],[11.438158269033517,58.058155445604982]]]}},
{"type":"Feature","properties":{"Tile_ID":"X0066_Y0023","Tile_X":66,"Tile_Y":23,"TOTAL_SCENES":449,"TILE_SIZE":3.21},"geometry":{"type":"Polygon","coordinates":[[[11.945372533853632,58.051765126026737],[12.452394777276366,58.043459907430766],[12.434397612317074,57.773897854087231],[11.931091031112731,57.78213395280563],[11.945372533853632,58.051765126026737]]]}},
{"type":"Feature","properties":{"Tile_ID":"X0067_Y0023","Tile_X":67,"Tile_Y":23,"TOTAL_SCENES":584,"TILE_SIZE":3.48},"geometry":{"type":"Polygon","coordinates":[[[12.452394777276366,58.043459907430766],[12.959175167477291,58.0332411112947],[12.937468619328024,57.763764054901522],[12.434397612317074,57.773897854087231],[12.452394777276366,58.043459907430766]]]}},
{"type":"Feature","properties":{"Tile_ID":"X0068_Y0023","Tile_X":68,"Tile_Y":23,"TOTAL_SCENES":554,"TILE_SIZE":2.91},"geometry":{"type":"Polygon","coordinates":[[[12.959175167477291,58.0332411112947],[13.465664044519407,58.021110361610944],[13.440255675544627,57.751734135686476],[12.937468619328024,57.763764054901522],[12.959175167477291,58.0332411112947]]]}},
{"type":"Feature","properties":{"Tile_ID":"X0069_Y0023","Tile_X":69,"Tile_Y":23,"TOTAL_SCENES":378,"TILE_SIZE":2.71},"geometry":{"type":"Polygon","coordinates":[[[13.465664044519407,58.021110361610944],[13.971811955267125,58.007069583417191],[13.942710602490184,57.737809969905207],[13.440255675544627,57.751734135686476],[13.465664044519407,58.021110361610944]]]}},
{"type":"Feature","properties":{"Tile_ID":"X0070_Y0023","Tile_X":70,"Tile_Y":23,"TOTAL_SCENES":590,"TILE_SIZE":3.25},"geometry":{"type":"Polygon","coordinates":[[[13.971811955267125,58.007069583417191],[14.477569687942298,57.991121001058552],[14.444785452932978,57.72199372238196],[13.942710602490184,57.737809969905207],[13.971811955267125,58.007069583417191]]]}},
{"type":"Feature","properties":{"Tile_ID":"X0071_Y0023","Tile_X":71,"Tile_Y":23,"TOTAL_SCENES":544,"TILE_SIZE":2.97},"geometry":{"type":"Polygon","coordinates":[[[14.477569687942298,57.991121001058552],[14.982888306263861,57.973267136184369],[14.946432543614828,57.704287847384045],[14.444785452932978,57.72199372238196],[14.477569687942298,57.991121001058552]]]}},
{"type":"Feature","properties":{"Tile_ID":"X0072_Y0023","Tile_X":72,"Tile_Y":23,"TOTAL_SCENES":392,"TILE_SIZE":2.82},"geometry":{"type":"Polygon","coordinates":[[[14.982888306263861,57.973267136184369],[15.487719183113946,57.953510805484349],[15.447604487533548,57.684695086453637],[14.946432543614828,57.704287847384045],[14.982888306263861,57.973267136184369]]]}},
{"type":"Feature","properties":{"Tile_ID":"X0073_Y0023","Tile_X":73,"Tile_Y":23,"TOTAL_SCENES":601,"TILE_SIZE":3.42},"geometry":{"type":"Polygon","coordinates":[[[15.487719183113946,57.953510805484349],[15.99201403367481,57.93185511816813],[15.948254225726954,57.663218465993907],[15.447604487533548,57.684695086453637],[15.487719183113946,57.953510805484349]]]}},
{"type":"Feature","properties":{"Tile_ID":"X0074_Y0023","Tile_X":74,"Tile_Y":23,"TOTAL_SCENES":605,"TILE_SIZE":3.36},"geometry":{"type":"Polygon","coordinates":[[[15.99201403367481,57.93185511816813],[16.49572494798273,57.908303473193349],[16.448335058507404,57.639861294613759],[15.948254225726954,57.663218465993907],[15.99201403367481,57.93185511816813]]]}},
{"type":"Feature","properties":{"Tile_ID":"X0075_Y0023","Tile_X":75,"Tile_Y":23,"TOTAL_SCENES":486,"TILE_SIZE":3.08},"geometry":{"type":"Polygon","coordinates":[[[16.49572494798273,57.908303473193349],[16.998804422846693,57.882859556247944],[16.947800676097735,57.614627160237099],[16.448335058507404,57.639861294613759],[16.49572494798273,57.908303473193349]]]}},
{"type":"Feature","properties":{"Tile_ID":"X0078_Y0023","Tile_X":78,"Tile_Y":23,"TOTAL_SCENES":513,"TILE_SIZE":3.0},"geometry":{"type":"Polygon","coordinates":[[[18.002881262009698,57.826311063068566],[18.503785931179408,57.795215261381614],[18.442049613520535,57.527702980978439],[17.944703155400337,57.558543731811696],[18.002881262009698,57.826311063068566]]]}},
{"type":"Feature","properties":{"Tile_ID":"X0079_Y0023","Tile_X":79,"Tile_Y":23,"TOTAL_SCENES":685,"TILE_SIZE":3.82},"geometry":{"type":"Polygon","coordinates":[[[18.503785931179408,57.795215261381614],[19.00387382926688,57.762244729162504],[18.938600105618889,57.495002346241627],[18.442049613520535,57.527702980978439],[18.503785931179408,57.795215261381614]]]}},
{"type":"Feature","properties":{"Tile_ID":"X0085_Y0023","Tile_X":85,"Tile_Y":23,"TOTAL_SCENES":595,"TILE_SIZE":3.44},"geometry":{"type":"Polygon","coordinates":[[[21.490507111569627,57.569457553777731],[21.984770320539216,57.525354093092403],[21.898768473750138,57.260035005800717],[21.407895782746476,57.303782493811546],[21.490507111569627,57.569457553777731]]]}},
{"type":"Feature","properties":{"Tile_ID":"X0086_Y0023","Tile_X":86,"Tile_Y":23,"TOTAL_SCENES":524,"TILE_SIZE":2.93},"geometry":{"type":"Polygon","coordinates":[[[21.984770320539216,57.525354093092403],[22.477914755918675,57.479416737885522],[22.388550307202436,57.214467412538525],[21.898768473750138,57.260035005800717],[21.984770320539216,57.525354093092403]]]}},
{"type":"Feature","properties":{"Tile_ID":"X0087_Y0023","Tile_X":87,"Tile_Y":23,"TOTAL_SCENES":374,"TILE_SIZE":2.88},"geometry":{"type":"Polygon","coordinates":[[[22.477914755918675,57.479416737885522],[22.969899992853989,57.431652299029345],[22.877201765811741,57.167086351141911],[22.388550307202436,57.214467412538525],[22.477914755918675,57.479416737885522]]]}},
{"type":"Feature","properties":{"Tile_ID":"X0088_Y0023","Tile_X":88,"Tile_Y":23,"TOTAL_SCENES":551,"TILE_SIZE":2.92},"geometry":{"type":"Polygon","coordinates":[[[22.969899992853989,57.431652299029345],[23.460686350859735,57.382067815747938],[23.3646840474598,57.117898682037961],[22.877201765811741,57.167086351141911],[22.969899992853989,57.431652299029345]]]}},
{"type":"Feature","properties":{"Tile_ID":"X0090_Y0023","Tile_X":90,"Tile_Y":23,"TOTAL_SCENES":384,"TILE_SIZE":2.29},"geometry":{"type":"Polygon","coordinates":[[[23.950234912699127,57.330670549945687],[24.438507542144851,57.277467980413384],[24.33598955611394,57.014132046153399],[23.850959083519808,57.066911483514907],[23.950234912699127,57.330670549945687]]]}},
{"type":"Feature","properties":{"Tile_ID":"X0091_Y0023","Tile_X":91,"Tile_Y":23,"TOTAL_SCENES":516,"TILE_SIZE":3.03},"geometry":{"type":"Polygon","coordinates":[[[24.438507542144851,57.277467980413384],[24.925466900610715,57.222467796921414],[24.819738914300764,56.959567867147939],[24.33598955611394,57.014132046153399],[24.438507542144851,57.277467980413384]]]}},
{"type":"Feature","properties":{"Tile_ID":"X0092_Y0023","Tile_X":92,"Tile_Y":23,"TOTAL_SCENES":445,"TILE_SIZE":2.48},"geometry":{"type":"Polygon","coordinates":[[[24.925466900610715,57.222467796921414],[25.411076462647138,57.165677894210042],[25.302171389184942,56.903226644527166],[24.819738914300764,56.959567867147939],[24.925466900610715,57.222467796921414]]]}},
{"type":"Feature","properties":{"Tile_ID":"X0093_Y0023","Tile_X":93,"Tile_Y":23,"TOTAL_SCENES":285,"TILE_SIZE":2.19},"geometry":{"type":"Polygon","coordinates":[[[25.411076462647138,57.165677894210042],[25.895300530296314,57.107106365886196],[25.783252007944977,56.845116271282798],[25.302171389184942,56.903226644527166],[25.411076462647138,57.165677894210042]]]}},
{"type":"Feature","properties":{"Tile_ID":"X0094_Y0023","Tile_X":94,"Tile_Y":23,"TOTAL_SCENES":482,"TILE_SIZE":2.67},"geometry":{"type":"Polygon","coordinates":[[[25.895300530296314,57.107106365886196],[26.378104246305522,57.046761498236961],[26.262946606776886,56.785244829415973],[25.783252007944977,56.845116271282798],[25.895300530296314,57.107106365886196]]]}},
{"type":"Feature","properties":{"Tile_ID":"X0095_Y0023","Tile_X":95,"Tile_Y":23,"TOTAL_SCENES":427,"TILE_SIZE":2.6},"geometry":{"type":"Polygon","coordinates":[[[26.378104246305522,57.046761498236961],[26.859453606199921,56.984651763968955],[26.741221842754072,56.723620583910552],[26.262946606776886,56.785244829415973],[26.378104246305522,57.046761498236961]]]}},
{"type":"Feature","properties":{"Tile_ID":"X0096_Y0023","Tile_X":96,"Tile_Y":23,"TOTAL_SCENES":334,"TILE_SIZE":2.44},"geometry":{"type":"Polygon","coordinates":[[[26.859453606199921,56.984651763968955],[27.339315469218281,56.920785815883725],[27.2180452046066,56.660251976642421],[26.741221842754072,56.723620583910552],[26.859453606199921,56.984651763968955]]]}},
{"type":"Feature","properties":{"Tile_ID":"X0097_Y0023","Tile_X":97,"Tile_Y":23,"TOTAL_SCENES":521,"TILE_SIZE":2.88},"geometry":{"type":"Polygon","coordinates":[[[27.339315469218281,56.920785815883725],[27.817657568118307,56.855172480498332],[27.69338502242493,56.595147620233853],[27.2180452046066,56.660251976642421],[27.339315469218281,56.920785815883725]]]}},
{"type":"Feature","properties":{"Tile_ID":"X0098_Y0023","Tile_X":98,"Tile_Y":23,"TOTAL_SCENES":454,"TILE_SIZE":2.61},"geometry":{"type":"Polygon","coordinates":[[[27.817657568118307,56.855172480498332],[28.294448517860008,56.7878207516206],[28.167210476295725,56.528316291861863],[27.69338502242493,56.595147620233853],[27.817657568118307,56.855172480498332]]]}},
{"type":"Feature","properties":{"Tile_ID":"X0061_Y0024","Tile_X":61,"Tile_Y":24,"TOTAL_SCENES":643,"TILE_SIZE":2.9},"geometry":{"type":"Polygon","coordinates":[[[9.412727324704514,57.794814291171264],[9.916481549685107,57.796080061616458],[9.917088993792358,57.52635374456429],[9.416998425990057,57.525098421488991],[9.412727324704514,57.794814291171264]]]}},
{"type":"Feature","properties":{"Tile_ID":"X0062_Y0024","Tile_X":62,"Tile_Y":24,"TOTAL_SCENES":490,"TILE_SIZE":2.86},"geometry":{"type":"Polygon","coordinates":[[[9.916481549685107,57.796080061616458],[10.420243875689858,57.795444664877863],[10.41718745358663,57.525723592341393],[9.917088993792358,57.52635374456429],[9.916481549685107,57.796080061616458]]]}},
{"type":"Feature","properties":{"Tile_ID":"X0063_Y0024","Tile_X":63,"Tile_Y":24,"TOTAL_SCENES":513,"TILE_SIZE":2.73},"geometry":{"type":"Polygon","coordinates":[[[10.420243875689858,57.795444664877863],[10.92396544212132,57.792908200396141],[10.917246205483323,57.52320806160742],[10.41718745358663,57.525723592341393],[10.420243875689858,57.795444664877863]]]}},
{"type":"Feature","properties":{"Tile_ID":"X0065_Y0024","Tile_X":65,"Tile_Y":24,"TOTAL_SCENES":527,"TILE_SIZE":2.77},"geometry":{"type":"Polygon","coordinates":[[[11.427597416982417,57.788471065050921],[11.931091031112731,57.78213395280563],[11.91705435586201,57.512522698929978],[11.417217676998709,57.518807538652482],[11.427597416982417,57.788471065050921]]]}},
{"type":"Feature","properties":{"Tile_ID":"X0066_Y0024","Tile_X":66,"Tile_Y":24,"TOTAL_SCENES":442,"TILE_SIZE":3.03},"geometry":{"type":"Polygon","coordinates":[[[11.931091031112731,57.78213395280563],[12.434397612317074,57.773897854087231],[12.416708822721086,57.504354506462214],[11.91705435586201,57.512522698929978],[11.931091031112731,57.78213395280563]]]}},
{"type":"Feature","properties":{"Tile_ID":"X0067_Y0024","Tile_X":67,"Tile_Y":24,"TOTAL_SCENES":535,"TILE_SIZE":3.26},"geometry":{"type":"Polygon","coordinates":[[[12.434397612317074,57.773897854087231],[12.937468619328024,57.763764054901522],[12.91613378369169,57.494304212993399],[12.416708822721086,57.504354506462214],[12.434397612317074,57.773897854087231]]]}},
{"type":"Feature","properties":{"Tile_ID":"X0068_Y0024","Tile_X":68,"Tile_Y":24,"TOTAL_SCENES":445,"TILE_SIZE":2.62},"geometry":{"type":"Polygon","coordinates":[[[12.937468619328024,57.763764054901522],[13.440255675544627,57.751734135686476],[13.415282102695882,57.482373356891344],[12.91613378369169,57.494304212993399],[12.937468619328024,57.763764054901522]]]}},
{"type":"Feature","properties":{"Tile_ID":"X0069_Y0024","Tile_X":69,"Tile_Y":24,"TOTAL_SCENES":363,"TILE_SIZE":2.56},"geometry":{"type":"Polygon","coordinates":[[[13.440255675544627,57.751734135686476],[13.942710602490184,57.737809969905207],[13.914106833535797,57.468563761799807],[13.415282102695882,57.482373356891344],[13.440255675544627,57.751734135686476]]]}},
{"type":"Feature","properties":{"Tile_ID":"X0070_Y0024","Tile_X":70,"Tile_Y":24,"TOTAL_SCENES":525,"TILE_SIZE":3.14},"geometry":{"type":"Polygon","coordinates":[[[13.942710602490184,57.737809969905207],[14.444785452932978,57.72199372238196],[14.412561251649841,57.452877535044671],[13.914106833535797,57.468563761799807],[13.942710602490184,57.737809969905207]]]}},
{"type":"Feature","properties":{"Tile_ID":"X0071_Y0024","Tile_X":71,"Tile_Y":24,"TOTAL_SCENES":430,"TILE_SIZE":2.65},"geometry":{"type":"Polygon","coordinates":[[[14.444785452932978,57.72199372238196],[14.946432543614828,57.704287847384045],[14.91059888549931,57.435317065796589],[14.412561251649841,57.452877535044671],[14.444785452932978,57.72199372238196]]]}},
{"type":"Feature","properties":{"Tile_ID":"X0072_Y0024","Tile_X":72,"Tile_Y":24,"TOTAL_SCENES":368,"TILE_SIZE":2.69},"geometry":{"type":"Polygon","coordinates":[[[14.946432543614828,57.704287847384045],[15.447604487533548,57.684695086453637],[15.408173547534648,57.415885022993876],[14.91059888549931,57.435317065796589],[14.946432543614828,57.704287847384045]]]}},
{"type":"Feature","properties":{"Tile_ID":"X0073_Y0024","Tile_X":73,"Tile_Y":24,"TOTAL_SCENES":573,"TILE_SIZE":3.34},"geometry":{"type":"Polygon","coordinates":[[[15.447604487533548,57.684695086453637],[15.948254225726954,57.663218465993907],[15.905239364691843,57.394584353029614],[15.408173547534648,57.415885022993876],[15.447604487533548,57.684695086453637]]]}},
{"type":"Feature","properties":{"Tile_ID":"X0074_Y0024","Tile_X":74,"Tile_Y":24,"TOTAL_SCENES":503,"TILE_SIZE":3.08},"geometry":{"type":"Polygon","coordinates":[[[15.948254225726954,57.663218465993907],[16.448335058507404,57.639861294613759],[16.401750808370831,57.371418277207617],[15.905239364691843,57.394584353029614],[15.948254225726954,57.663218465993907]]]}},
{"type":"Feature","properties":{"Tile_ID":"X0075_Y0024","Tile_X":75,"Tile_Y":24,"TOTAL_SCENES":473,"TILE_SIZE":3.1},"geometry":{"type":"Polygon","coordinates":[[[16.448335058507404,57.639861294613759],[16.947800676097735,57.614627160237099],[16.897662723849486,57.346390288971897],[16.401750808370831,57.371418277207617],[16.448335058507404,57.639861294613759]]]}},
{"type":"Feature","properties":{"Tile_ID":"X0076_Y0024","Tile_X":76,"Tile_Y":24,"TOTAL_SCENES":684,"TILE_SIZE":2.92},"geometry":{"type":"Polygon","coordinates":[[[16.947800676097735,57.614627160237099],[17.446605188621245,57.58751992698128],[17.392930359088421,57.319504150914987],[16.897662723849486,57.346390288971897],[16.947800676097735,57.614627160237099]]]}},
{"type":"Feature","properties":{"Tile_ID":"X0078_Y0024","Tile_X":78,"Tile_Y":24,"TOTAL_SCENES":494,"TILE_SIZE":3.25},"geometry":{"type":"Polygon","coordinates":[[[17.944703155400337,57.558543731811696],[18.442049613520535,57.527702980978439],[18.38135596232577,57.260173801999315],[17.88750939288358,57.290763891571025],[17.944703155400337,57.558543731811696]]]}},
{"type":"Feature","properties":{"Tile_ID":"X0079_Y0024","Tile_X":79,"Tile_Y":24,"TOTAL_SCENES":644,"TILE_SIZE":3.77},"geometry":{"type":"Polygon","coordinates":[[[18.442049613520535,57.527702980978439],[18.938600105618889,57.495002346241627],[18.874426689528107,57.227738432164948],[18.38135596232577,57.260173801999315],[18.442049613520535,57.527702980978439]]]}},
{"type":"Feature","properties":{"Tile_ID":"X0080_Y0024","Tile_X":80,"Tile_Y":24,"TOTAL_SCENES":560,"TILE_SIZE":2.48},"geometry":{"type":"Polygon","coordinates":[[[18.938600105618889,57.495002346241627],[19.434310706857914,57.460446760893198],[19.366678707584583,57.193462587123271],[18.874426689528107,57.227738432164948],[18.938600105618889,57.495002346241627]]]}},
{"type":"Feature","properties":{"Tile_ID":"X0085_Y0024","Tile_X":85,"Tile_Y":24,"TOTAL_SCENES":594,"TILE_SIZE":3.52},"geometry":{"type":"Polygon","coordinates":[[[21.407895782746476,57.303782493811546],[21.898768473750138,57.260035005800717],[21.814196685940928,56.994661747438201],[21.326661619620442,57.038059254842587],[21.407895782746476,57.303782493811546]]]}},
{"type":"Feature","properties":{"Tile_ID":"X0086_Y0024","Tile_X":86,"Tile_Y":24,"TOTAL_SCENES":451,"TILE_SIZE":2.83},"geometry":{"type":"Polygon","coordinates":[[[21.898768473750138,57.260035005800717],[22.388550307202436,57.214467412538525],[22.300667920871021,56.949457715476768],[21.814196685940928,56.994661747438201],[21.898768473750138,57.260035005800717]]]}},
{"type":"Feature","properties":{"Tile_ID":"X0087_Y0024","Tile_X":87,"Tile_Y":24,"TOTAL_SCENES":365,"TILE_SIZE":2.78},"geometry":{"type":"Polygon","coordinates":[[[22.388550307202436,57.214467412538525],[22.877201765811741,57.167086351141911],[22.786036689967279,56.902453627863551],[22.300667920871021,56.949457715476768],[22.388550307202436,57.214467412538525]]]}},
{"type":"Feature","properties":{"Tile_ID":"X0088_Y0024","Tile_X":88,"Tile_Y":24,"TOTAL_SCENES":544,"TILE_SIZE":3.23},"geometry":{"type":"Polygon","coordinates":[[[22.877201765811741,57.167086351141911],[23.3646840474598,57.117898682037961],[23.270265046110261,56.853656171899857],[22.786036689967279,56.902453627863551],[22.877201765811741,57.167086351141911]]]}},
{"type":"Feature","properties":{"Tile_ID":"X0089_Y0024","Tile_X":89,"Tile_Y":24,"TOTAL_SCENES":471,"TILE_SIZE":2.53},"geometry":{"type":"Polygon","coordinates":[[[23.3646840474598,57.117898682037961],[23.850959083519808,57.066911483514907],[23.753315747276488,56.803072248046014],[23.270265046110261,56.853656171899857],[23.3646840474598,57.117898682037961]]]}},
{"type":"Feature","properties":{"Tile_ID":"X0090_Y0024","Tile_X":90,"Tile_Y":24,"TOTAL_SCENES":391,"TILE_SIZE":2.7},"geometry":{"type":"Polygon","coordinates":[[[23.850959083519808,57.066911483514907],[24.33598955611394,57.014132046153399],[24.235152273305545,56.750708964568055],[23.753315747276488,56.803072248046014],[23.850959083519808,57.066911483514907]]]}},
{"type":"Feature","properties":{"Tile_ID":"X0091_Y0024","Tile_X":91,"Tile_Y":24,"TOTAL_SCENES":529,"TILE_SIZE":2.94},"geometry":{"type":"Polygon","coordinates":[[[24.33598955611394,57.014132046153399],[24.819738914300764,56.959567867147939],[24.715738841652179,56.696573632076714],[24.235152273305545,56.750708964568055],[24.33598955611394,57.014132046153399]]]}},
{"type":"Feature","properties":{"Tile_ID":"X0092_Y0024","Tile_X":92,"Tile_Y":24,"TOTAL_SCENES":424,"TILE_SIZE":2.67},"geometry":{"type":"Polygon","coordinates":[[[24.819738914300764,56.959567867147939],[25.302171389184942,56.903226644527166],[25.195040422116357,56.640673757967974],[24.715738841652179,56.696573632076714],[24.819738914300764,56.959567867147939]]]}},
{"type":"Feature","properties":{"Tile_ID":"X0093_Y0024","Tile_X":93,"Tile_Y":24,"TOTAL_SCENES":355,"TILE_SIZE":2.56},"geometry":{"type":"Polygon","coordinates":[[[25.302171389184942,56.903226644527166],[25.783252007944977,56.845116271282798],[25.673022750546089,56.583017040773541],[25.195040422116357,56.640673757967974],[25.302171389184942,56.903226644527166]]]}},
{"type":"Feature","properties":{"Tile_ID":"X0094_Y0024","Tile_X":94,"Tile_Y":24,"TOTAL_SCENES":503,"TILE_SIZE":2.75},"geometry":{"type":"Polygon","coordinates":[[[25.783252007944977,56.845116271282798],[26.262946606776886,56.785244829415973],[26.149652341510674,56.523611364430209],[25.673022750546089,56.583017040773541],[25.783252007944977,56.845116271282798]]]}},
{"type":"Feature","properties":{"Tile_ID":"X0095_Y0024","Tile_X":95,"Tile_Y":24,"TOTAL_SCENES":413,"TILE_SIZE":2.66},"geometry":{"type":"Polygon","coordinates":[[[26.262946606776886,56.785244829415973],[26.741221842754072,56.723620583910552],[26.624896499944171,56.462464792476915],[26.149652341510674,56.523611364430209],[26.262946606776886,56.785244829415973]]]}},
{"type":"Feature","properties":{"Tile_ID":"X0096_Y0024","Tile_X":96,"Tile_Y":24,"TOTAL_SCENES":365,"TILE_SIZE":2.62},"geometry":{"type":"Polygon","coordinates":[[[26.741221842754072,56.723620583910552],[27.2180452046066,56.660251976642421],[27.09872333176121,56.399585562187973],[26.624896499944171,56.462464792476915],[26.741221842754072,56.723620583910552]]]}},
{"type":"Feature","properties":{"Tile_ID":"X0097_Y0024","Tile_X":97,"Tile_Y":24,"TOTAL_SCENES":509,"TILE_SIZE":2.8},"geometry":{"type":"Polygon","coordinates":[[[27.2180452046066,56.660251976642421],[27.69338502242493,56.595147620233853],[27.571101753449472,56.334982078651542],[27.09872333176121,56.399585562187973],[27.2180452046066,56.660251976642421]]]}},
{"type":"Feature","properties":{"Tile_ID":"X0098_Y0024","Tile_X":98,"Tile_Y":24,"TOTAL_SCENES":400,"TILE_SIZE":2.58},"geometry":{"type":"Polygon","coordinates":[[[27.69338502242493,56.595147620233853],[28.167210476295725,56.528316291861863],[28.042001500645487,56.26866290880136],[27.571101753449472,56.334982078651542],[27.69338502242493,56.595147620233853]]]}},
{"type":"Feature","properties":{"Tile_ID":"X0099_Y0024","Tile_X":99,"Tile_Y":24,"TOTAL_SCENES":339,"TILE_SIZE":2.48},"geometry":{"type":"Polygon","coordinates":[[[28.167210476295725,56.528316291861863],[28.639491603879502,56.459766927029612],[28.511393135702114,56.200636775410572],[28.042001500645487,56.26866290880136],[28.167210476295725,56.528316291861863]]]}},
{"type":"Feature","properties":{"Tile_ID":"X0061_Y0025","Tile_X":61,"Tile_Y":25,"TOTAL_SCENES":648,"TILE_SIZE":3.29},"geometry":{"type":"Polygon","coordinates":[[[9.416998425990057,57.525098421488991],[9.917088993792358,57.52635374456429],[9.917686099322347,57.256647851435439],[9.42119683931401,57.255402793441554],[9.416998425990057,57.525098421488991]]]}},
{"type":"Feature","properties":{"Tile_ID":"X0062_Y0025","Tile_X":62,"Tile_Y":25,"TOTAL_SCENES":408,"TILE_SIZE":3.22},"geometry":{"type":"Polygon","coordinates":[[[9.917088993792358,57.52635374456429],[10.41718745358663,57.525723592341393],[10.414183049262402,57.256022852218159],[9.917686099322347,57.256647851435439],[9.917088993792358,57.52635374456429]]]}},
{"type":"Feature","properties":{"Tile_ID":"X0063_Y0025","Tile_X":63,"Tile_Y":25,"TOTAL_SCENES":549,"TILE_SIZE":2.87},"geometry":{"type":"Polygon","coordinates":[[[10.41718745358663,57.525723592341393],[10.917246205483323,57.52320806160742],[10.910641307905843,57.253527890013117],[10.414183049262402,57.256022852218159],[10.41718745358663,57.525723592341393]]]}},
{"type":"Feature","properties":{"Tile_ID":"X0064_Y0025","Tile_X":64,"Tile_Y":25,"TOTAL_SCENES":644,"TILE_SIZE":3.01},"geometry":{"type":"Polygon","coordinates":[[[10.917246205483323,57.52320806160742],[11.417217676998709,57.518807538652482],[11.407014520294986,57.249163340880195],[10.910641307905843,57.253527890013117],[10.917246205483323,57.52320806160742]]]}},
{"type":"Feature","properties":{"Tile_ID":"X0065_Y0025","Tile_X":65,"Tile_Y":25,"TOTAL_SCENES":440,"TILE_SIZE":2.48},"geometry":{"type":"Polygon","coordinates":[[[11.417217676998709,57.518807538652482],[11.91705435586201,57.512522698929978],[11.903256389191768,57.24292986238995],[11.407014520294986,57.249163340880195],[11.417217676998709,57.518807538652482]]]}},
{"type":"Feature","properties":{"Tile_ID":"X0066_Y0025","Tile_X":66,"Tile_Y":25,"TOTAL_SCENES":458,"TILE_SIZE":3.05},"geometry":{"type":"Polygon","coordinates":[[[11.91705435586201,57.512522698929978],[12.416708822721086,57.504354506462214],[12.399320706431096,57.234828393054414],[11.903256389191768,57.24292986238995],[11.91705435586201,57.512522698929978]]]}},
{"type":"Feature","properties":{"Tile_ID":"X0067_Y0025","Tile_X":67,"Tile_Y":25,"TOTAL_SCENES":521,"TILE_SIZE":3.13},"geometry":{"type":"Polygon","coordinates":[[[12.416708822721086,57.504354506462214],[12.91613378369169,57.494304212993399],[12.895161384126794,57.224860151515635],[12.399320706431096,57.234828393054414],[12.416708822721086,57.504354506462214]]]}},
{"type":"Feature","properties":{"Tile_ID":"X0068_Y0025","Tile_X":68,"Tile_Y":25,"TOTAL_SCENES":343,"TILE_SIZE":2.62},"geometry":{"type":"Polygon","coordinates":[[[12.91613378369169,57.494304212993399],[13.415282102695882,57.482373356891344],[13.390732485678816,57.213026635493321],[12.895161384126794,57.224860151515635],[12.91613378369169,57.494304212993399]]]}},
{"type":"Feature","properties":{"Tile_ID":"X0069_Y0025","Tile_X":69,"Tile_Y":25,"TOTAL_SCENES":369,"TILE_SIZE":2.57},"geometry":{"type":"Polygon","coordinates":[[[13.415282102695882,57.482373356891344],[13.914106833535797,57.468563761799807],[13.885988256531025,57.199329620493771],[13.390732485678816,57.213026635493321],[13.415282102695882,57.482373356891344]]]}},
{"type":"Feature","properties":{"Tile_ID":"X0070_Y0025","Tile_X":70,"Tile_Y":25,"TOTAL_SCENES":524,"TILE_SIZE":3.08},"geometry":{"type":"Polygon","coordinates":[[[13.914106833535797,57.468563761799807],[14.412561251649841,57.452877535044671],[14.380883154629604,57.183771158282561],[13.885988256531025,57.199329620493771],[13.914106833535797,57.468563761799807]]]}},
{"type":"Feature","properties":{"Tile_ID":"X0071_Y0025","Tile_X":71,"Tile_Y":25,"TOTAL_SCENES":353,"TILE_SIZE":2.72},"geometry":{"type":"Polygon","coordinates":[[[14.412561251649841,57.452877535044671],[14.91059888549931,57.435317065796589],[14.875371880533034,57.1663535751239],[14.380883154629604,57.183771158282561],[14.412561251649841,57.452877535044671]]]}},
{"type":"Feature","properties":{"Tile_ID":"X0072_Y0025","Tile_X":72,"Tile_Y":25,"TOTAL_SCENES":378,"TILE_SIZE":2.72},"geometry":{"type":"Polygon","coordinates":[[[14.91059888549931,57.435317065796589],[15.408173547534648,57.415885022993876],[15.369409407125765,57.147079469790157],[14.875371880533034,57.1663535751239],[14.91059888549931,57.435317065796589]]]}},
{"type":"Feature","properties":{"Tile_ID":"X0073_Y0025","Tile_X":73,"Tile_Y":25,"TOTAL_SCENES":545,"TILE_SIZE":3.28},"geometry":{"type":"Polygon","coordinates":[[[15.408173547534648,57.415885022993876],[15.905239364691843,57.394584353029614],[15.862951008888711,57.125951711344989],[15.369409407125765,57.147079469790157],[15.408173547534648,57.415885022993876]]]}},
{"type":"Feature","properties":{"Tile_ID":"X0074_Y0025","Tile_X":74,"Tile_Y":25,"TOTAL_SCENES":405,"TILE_SIZE":3.1},"geometry":{"type":"Polygon","coordinates":[[[15.905239364691843,57.394584353029614],[16.401750808370831,57.371418277207617],[16.355952290681287,57.10297343670485],[15.862951008888711,57.125951711344989],[15.905239364691843,57.394584353029614]]]}},
{"type":"Feature","properties":{"Tile_ID":"X0075_Y0025","Tile_X":75,"Tile_Y":25,"TOTAL_SCENES":488,"TILE_SIZE":2.84},"geometry":{"type":"Polygon","coordinates":[[[16.401750808370831,57.371418277207617],[16.897662723849486,57.346390288971897],[16.848369215990949,57.078148047982914],[16.355952290681287,57.10297343670485],[16.401750808370831,57.371418277207617]]]}},
{"type":"Feature","properties":{"Tile_ID":"X0076_Y0025","Tile_X":76,"Tile_Y":25,"TOTAL_SCENES":682,"TILE_SIZE":3.2},"geometry":{"type":"Polygon","coordinates":[[[16.897662723849486,57.346390288971897],[17.392930359088421,57.319504150914987],[17.340158134607904,57.051479209620901],[16.848369215990949,57.078148047982914],[16.897662723849486,57.346390288971897]]]}},
{"type":"Feature","properties":{"Tile_ID":"X0078_Y0025","Tile_X":78,"Tile_Y":25,"TOTAL_SCENES":496,"TILE_SIZE":2.98},"geometry":{"type":"Polygon","coordinates":[[[17.88750939288358,57.290763891571025],[18.38135596232577,57.260173801999315],[18.321679444139686,56.992627134732999],[17.831275809684399,57.022970845313715],[17.88750939288358,57.290763891571025]]]}},
{"type":"Feature","properties":{"Tile_ID":"X0079_Y0025","Tile_X":79,"Tile_Y":25,"TOTAL_SCENES":679,"TILE_SIZE":3.17},"geometry":{"type":"Polygon","coordinates":[[[18.38135596232577,57.260173801999315],[18.874426689528107,57.227738432164948],[18.811326706373787,56.960452510055333],[18.321679444139686,56.992627134732999],[18.38135596232577,57.260173801999315]]]}},
{"type":"Feature","properties":{"Tile_ID":"X0084_Y0025","Tile_X":84,"Tile_Y":25,"TOTAL_SCENES":454,"TILE_SIZE":2.57},"geometry":{"type":"Polygon","coordinates":[[[20.838102024912281,57.079643992292951],[21.326661619620442,57.038059254842587],[21.246771495475524,56.772288000443311],[20.761523070734995,56.813542141538079],[20.838102024912281,57.079643992292951]]]}},
{"type":"Feature","properties":{"Tile_ID":"X0085_Y0025","Tile_X":85,"Tile_Y":25,"TOTAL_SCENES":613,"TILE_SIZE":3.47},"geometry":{"type":"Polygon","coordinates":[[[21.326661619620442,57.038059254842587],[21.814196685940928,56.994661747438201],[21.731020678008854,56.729234623555612],[21.246771495475524,56.772288000443311],[21.326661619620442,57.038059254842587]]]}},
{"type":"Feature","properties":{"Tile_ID":"X0086_Y0025","Tile_X":86,"Tile_Y":25,"TOTAL_SCENES":394,"TILE_SIZE":2.95},"geometry":{"type":"Polygon","coordinates":[[[21.814196685940928,56.994661747438201],[22.300667920871021,56.949457715476768],[22.214232200224483,56.684388098378747],[21.731020678008854,56.729234623555612],[21.814196685940928,56.994661747438201]]]}},
{"type":"Feature","properties":{"Tile_ID":"X0087_Y0025","Tile_X":87,"Tile_Y":25,"TOTAL_SCENES":387,"TILE_SIZE":2.85},"geometry":{"type":"Polygon","coordinates":[[[22.300667920871021,56.949457715476768],[22.786036689967279,56.902453627863551],[22.696368286579002,56.637754730935733],[22.214232200224483,56.684388098378747],[22.300667920871021,56.949457715476768]]]}},
{"type":"Feature","properties":{"Tile_ID":"X0088_Y0025","Tile_X":88,"Tile_Y":25,"TOTAL_SCENES":551,"TILE_SIZE":3.11},"geometry":{"type":"Polygon","coordinates":[[[22.786036689967279,56.902453627863551],[23.270265046110261,56.853656171899857],[23.177391822278587,56.589341040855714],[22.696368286579002,56.637754730935733],[22.786036689967279,56.902453627863551]]]}},
{"type":"Feature","properties":{"Tile_ID":"X0089_Y0025","Tile_X":89,"Tile_Y":25,"TOTAL_SCENES":390,"TILE_SIZE":2.75},"geometry":{"type":"Polygon","coordinates":[[[23.270265046110261,56.853656171899857],[23.753315747276488,56.803072248046014],[23.657266370520837,56.539153756339161],[23.177391822278587,56.589341040855714],[23.270265046110261,56.853656171899857]]]}},
{"type":"Feature","properties":{"Tile_ID":"X0090_Y0025","Tile_X":90,"Tile_Y":25,"TOTAL_SCENES":396,"TILE_SIZE":2.78},"geometry":{"type":"Polygon","coordinates":[[[23.753315747276488,56.803072248046014],[24.235152273305545,56.750708964568055],[24.135956188783904,56.487199809010221],[23.657266370520837,56.539153756339161],[23.753315747276488,56.803072248046014]]]}},
{"type":"Feature","properties":{"Tile_ID":"X0091_Y0025","Tile_X":91,"Tile_Y":25,"TOTAL_SCENES":557,"TILE_SIZE":2.98},"geometry":{"type":"Polygon","coordinates":[[[24.235152273305545,56.750708964568055],[24.715738841652179,56.696573632076714],[24.613426244152926,56.433486328663818],[24.135956188783904,56.487199809010221],[24.235152273305545,56.750708964568055]]]}},
{"type":"Feature","properties":{"Tile_ID":"X0092_Y0025","Tile_X":92,"Tile_Y":25,"TOTAL_SCENES":382,"TILE_SIZE":2.71},"geometry":{"type":"Polygon","coordinates":[[[24.715738841652179,56.696573632076714],[25.195040422116357,56.640673757967974],[25.08964222767651,56.378020637916556],[24.613426244152926,56.433486328663818],[24.715738841652179,56.696573632076714]]]}},
{"type":"Feature","properties":{"Tile_ID":"X0093_Y0025","Tile_X":93,"Tile_Y":25,"TOTAL_SCENES":374,"TILE_SIZE":2.69},"geometry":{"type":"Polygon","coordinates":[[[25.195040422116357,56.640673757967974],[25.673022750546089,56.583017040773541],[25.564570567747939,56.320810246769099],[25.08964222767651,56.378020637916556],[25.195040422116357,56.640673757967974]]]}},
{"type":"Feature","properties":{"Tile_ID":"X0094_Y0025","Tile_X":94,"Tile_Y":25,"TOTAL_SCENES":530,"TILE_SIZE":2.89},"geometry":{"type":"Polygon","coordinates":[[[25.673022750546089,56.583017040773541],[26.149652341510674,56.523611364430209],[26.038178442508173,56.261862847088913],[25.564570567747939,56.320810246769099],[25.673022750546089,56.583017040773541]]]}},
{"type":"Feature","properties":{"Tile_ID":"X0095_Y0025","Tile_X":95,"Tile_Y":25,"TOTAL_SCENES":362,"TILE_SIZE":2.61},"geometry":{"type":"Polygon","coordinates":[[[26.149652341510674,56.523611364430209],[26.624896499944171,56.462464792476915],[26.510433791270124,56.201186307021409],[26.038178442508173,56.261862847088913],[26.149652341510674,56.523611364430209]]]}},
{"type":"Feature","properties":{"Tile_ID":"X0096_Y0025","Tile_X":96,"Tile_Y":25,"TOTAL_SCENES":351,"TILE_SIZE":2.6},"geometry":{"type":"Polygon","coordinates":[[[26.624896499944171,56.462464792476915],[27.09872333176121,56.399585562187973],[26.98130532496538,56.138788665337962],[26.510433791270124,56.201186307021409],[26.624896499944171,56.462464792476915]]]}},
{"type":"Feature","properties":{"Tile_ID":"X0097_Y0025","Tile_X":97,"Tile_Y":25,"TOTAL_SCENES":497,"TILE_SIZE":2.69},"geometry":{"type":"Polygon","coordinates":[[[27.09872333176121,56.399585562187973],[27.571101753449472,56.334982078651542],[27.450762535617113,56.074678125728681],[26.98130532496538,56.138788665337962],[27.09872333176121,56.399585562187973]]]}},
{"type":"Feature","properties":{"Tile_ID":"X0098_Y0025","Tile_X":98,"Tile_Y":25,"TOTAL_SCENES":322,"TILE_SIZE":2.44},"geometry":{"type":"Polygon","coordinates":[[[27.571101753449472,56.334982078651542],[28.042001500645487,56.26866290880136],[27.918775704844723,56.008863051048657],[27.450762535617113,56.074678125728681],[27.571101753449472,56.334982078651542]]]}},
{"type":"Feature","properties":{"Tile_ID":"X0099_Y0025","Tile_X":99,"Tile_Y":25,"TOTAL_SCENES":332,"TILE_SIZE":2.45},"geometry":{"type":"Polygon","coordinates":[[[28.042001500645487,56.26866290880136],[28.511393135702114,56.200636775410572],[28.385315911407588,55.94135195752505],[27.918775704844723,56.008863051048657],[28.042001500645487,56.26866290880136]]]}},
{"type":"Feature","properties":{"Tile_ID":"X0058_Y0026","Tile_X":58,"Tile_Y":26,"TOTAL_SCENES":422,"TILE_SIZE":2.48},"geometry":{"type":"Polygon","coordinates":[[[7.932238743991901,57.240450561509846],[8.428426856412489,57.247303538354224],[8.439630097585951,56.977692205850914],[7.946974842498033,56.970894710521513],[7.932238743991901,57.240450561509846]]]}},
{"type":"Feature","properties":{"Tile_ID":"X0059_Y0026","Tile_X":59,"Tile_Y":26,"TOTAL_SCENES":439,"TILE_SIZE":2.93},"geometry":{"type":"Polygon","coordinates":[[[8.428426856412489,57.247303538354224],[8.924761645243827,57.25228786593113],[8.932428305105041,56.982636166036272],[8.439630097585951,56.977692205850914],[8.428426856412489,57.247303538354224]]]}},
{"type":"Feature","properties":{"Tile_ID":"X0060_Y0026","Tile_X":60,"Tile_Y":26,"TOTAL_SCENES":657,"TILE_SIZE":3.47},"geometry":{"type":"Polygon","coordinates":[[[8.924761645243827,57.25228786593113],[9.42119683931401,57.255402793441554],[9.425324367716753,56.985725860007605],[8.932428305105041,56.982636166036272],[8.924761645243827,57.25228786593113]]]}},
{"type":"Feature","properties":{"Tile_ID":"X0061_Y0026","Tile_X":61,"Tile_Y":26,"TOTAL_SCENES":614,"TILE_SIZE":3.35},"geometry":{"type":"Polygon","coordinates":[[[9.42119683931401,57.255402793441554],[9.917686099322347,57.256647851435439],[9.9182731227513,56.986960830655185],[9.425324367716753,56.985725860007605],[9.42119683931401,57.255402793441554]]]}},
{"type":"Feature","properties":{"Tile_ID":"X0062_Y0026","Tile_X":62,"Tile_Y":26,"TOTAL_SCENES":415,"TILE_SIZE":3.24},"geometry":{"type":"Polygon","coordinates":[[[9.917686099322347,57.256647851435439],[10.414183049262402,57.256022852218159],[10.411229372340919,56.986340895219271],[9.9182731227513,56.986960830655185],[9.917686099322347,57.256647851435439]]]}},
{"type":"Feature","properties":{"Tile_ID":"X0063_Y0026","Tile_X":63,"Tile_Y":26,"TOTAL_SCENES":654,"TILE_SIZE":2.9},"geometry":{"type":"Polygon","coordinates":[[[10.414183049262402,57.256022852218159],[10.910641307905843,57.253527890013117],[10.904147913610494,56.983866145445916],[10.411229372340919,56.986340895219271],[10.414183049262402,57.256022852218159]]]}},
{"type":"Feature","properties":{"Tile_ID":"X0064_Y0026","Tile_X":64,"Tile_Y":26,"TOTAL_SCENES":625,"TILE_SIZE":2.69},"geometry":{"type":"Polygon","coordinates":[[[10.910641307905843,57.253527890013117],[11.407014520294986,57.249163340880195],[11.396983568876344,56.979536947508677],[10.904147913610494,56.983866145445916],[10.910641307905843,57.253527890013117]]]}},
{"type":"Feature","properties":{"Tile_ID":"X0066_Y0026","Tile_X":66,"Tile_Y":26,"TOTAL_SCENES":589,"TILE_SIZE":2.9},"geometry":{"type":"Polygon","coordinates":[[[11.903256389191768,57.24292986238995],[12.399320706431096,57.234828393054414],[12.38222581747551,56.965318041868343],[11.889691215803948,56.973353941696537],[11.903256389191768,57.24292986238995]]]}},
{"type":"Feature","properties":{"Tile_ID":"X0067_Y0026","Tile_X":67,"Tile_Y":26,"TOTAL_SCENES":541,"TILE_SIZE":2.95},"geometry":{"type":"Polygon","coordinates":[[[12.399320706431096,57.234828393054414],[12.895161384126794,57.224860151515635],[12.874542452318524,56.955430434675172],[12.38222581747551,56.965318041868343],[12.399320706431096,57.234828393054414]]]}},
{"type":"Feature","properties":{"Tile_ID":"X0068_Y0026","Tile_X":68,"Tile_Y":26,"TOTAL_SCENES":339,"TILE_SIZE":2.6},"geometry":{"type":"Polygon","coordinates":[[[12.895161384126794,57.224860151515635],[13.390732485678816,57.213026635493321],[13.366596343846963,56.943692578551691],[12.874542452318524,56.955430434675172],[12.895161384126794,57.224860151515635]]]}},
{"type":"Feature","properties":{"Tile_ID":"X0069_Y0026","Tile_X":69,"Tile_Y":26,"TOTAL_SCENES":477,"TILE_SIZE":2.65},"geometry":{"type":"Polygon","coordinates":[[[13.390732485678816,57.213026635493321],[13.885988256531025,57.199329620493771],[13.858342890167236,56.930106202478768],[13.366596343846963,56.943692578551691],[13.390732485678816,57.213026635493321]]]}},
{"type":"Feature","properties":{"Tile_ID":"X0070_Y0026","Tile_X":70,"Tile_Y":26,"TOTAL_SCENES":540,"TILE_SIZE":2.96},"geometry":{"type":"Polygon","coordinates":[[[13.885988256531025,57.199329620493771],[14.380883154629604,57.183771158282561],[14.349737693201789,56.914673304519454],[13.858342890167236,56.930106202478768],[13.885988256531025,57.199329620493771]]]}},
{"type":"Feature","properties":{"Tile_ID":"X0071_Y0026","Tile_X":71,"Tile_Y":26,"TOTAL_SCENES":346,"TILE_SIZE":2.63},"geometry":{"type":"Polygon","coordinates":[[[14.380883154629604,57.183771158282561],[14.875371880533034,57.1663535751239],[14.840736587584102,56.897396150131335],[14.349737693201789,56.914673304519454],[14.380883154629604,57.183771158282561]]]}},
{"type":"Feature","properties":{"Tile_ID":"X0072_Y0026","Tile_X":72,"Tile_Y":26,"TOTAL_SCENES":427,"TILE_SIZE":2.72},"geometry":{"type":"Polygon","coordinates":[[[14.875371880533034,57.1663535751239],[15.369409407125765,57.147079469790157],[15.331295669179781,56.878277270258245],[14.840736587584102,56.897396150131335],[14.875371880533034,57.1663535751239]]]}},
{"type":"Feature","properties":{"Tile_ID":"X0073_Y0026","Tile_X":73,"Tile_Y":26,"TOTAL_SCENES":568,"TILE_SIZE":3.29},"geometry":{"type":"Polygon","coordinates":[[[15.369409407125765,57.147079469790157],[15.862951008888711,57.125951711344989],[15.821371323189583,56.857319459204817],[15.331295669179781,56.878277270258245],[15.369409407125765,57.147079469790157]]]}},
{"type":"Feature","properties":{"Tile_ID":"X0074_Y0026","Tile_X":74,"Tile_Y":26,"TOTAL_SCENES":408,"TILE_SIZE":3.04},"geometry":{"type":"Polygon","coordinates":[[[15.862951008888711,57.125951711344989],[16.355952290681287,57.10297343670485],[16.310920251791469,56.834525772298321],[15.821371323189583,56.857319459204817],[15.862951008888711,57.125951711344989]]]}},
{"type":"Feature","properties":{"Tile_ID":"X0075_Y0026","Tile_X":75,"Tile_Y":26,"TOTAL_SCENES":516,"TILE_SIZE":3.07},"geometry":{"type":"Polygon","coordinates":[[[16.355952290681287,57.10297343670485],[16.848369215990949,57.078148047982914],[16.79989950128012,56.809899523341599],[16.310920251791469,56.834525772298321],[16.355952290681287,57.10297343670485]]]}},
{"type":"Feature","properties":{"Tile_ID":"X0076_Y0026","Tile_X":76,"Tile_Y":26,"TOTAL_SCENES":674,"TILE_SIZE":2.97},"geometry":{"type":"Polygon","coordinates":[[[16.848369215990949,57.078148047982914],[17.340158134607904,57.051479209620901],[17.288266488663837,56.78344428186206],[16.79989950128012,56.809899523341599],[16.848369215990949,57.078148047982914]]]}},
{"type":"Feature","properties":{"Tile_ID":"X0078_Y0026","Tile_X":78,"Tile_Y":26,"TOTAL_SCENES":509,"TILE_SIZE":2.66},"geometry":{"type":"Polygon","coordinates":[[[17.831275809684399,57.022970845313715],[18.321679444139686,56.992627134732999],[18.262995354194668,56.725062360174476],[17.775979027680346,56.75516387016188],[17.831275809684399,57.022970845313715]]]}},
{"type":"Feature","properties":{"Tile_ID":"X0079_Y0026","Tile_X":79,"Tile_Y":26,"TOTAL_SCENES":680,"TILE_SIZE":2.81},"geometry":{"type":"Polygon","coordinates":[[[18.321679444139686,56.992627134732999],[18.811326706373787,56.960452510055333],[18.749274150944057,56.693144070133414],[18.262995354194668,56.725062360174476],[18.321679444139686,56.992627134732999]]]}},
{"type":"Feature","properties":{"Tile_ID":"X0084_Y0026","Tile_X":84,"Tile_Y":26,"TOTAL_SCENES":486,"TILE_SIZE":2.87},"geometry":{"type":"Polygon","coordinates":[[[20.761523070734995,56.813542141538079],[21.246771495475524,56.772288000443311],[21.168193335192836,56.506468841146088],[20.686204662540252,56.547397893011244],[20.761523070734995,56.813542141538079]]]}},
{"type":"Feature","properties":{"Tile_ID":"X0085_Y0026","Tile_X":85,"Tile_Y":26,"TOTAL_SCENES":641,"TILE_SIZE":3.48},"geometry":{"type":"Polygon","coordinates":[[[21.246771495475524,56.772288000443311],[21.731020678008854,56.729234623555612],[21.649207254317755,56.4637538822805],[21.168193335192836,56.506468841146088],[21.246771495475524,56.772288000443311]]]}},
{"type":"Feature","properties":{"Tile_ID":"X0086_Y0026","Tile_X":86,"Tile_Y":26,"TOTAL_SCENES":423,"TILE_SIZE":2.98},"geometry":{"type":"Polygon","coordinates":[[[21.731020678008854,56.729234623555612],[22.214232200224483,56.684388098378747],[22.129208862300491,56.419258951020083],[21.649207254317755,56.4637538822805],[21.731020678008854,56.729234623555612]]]}},
{"type":"Feature","properties":{"Tile_ID":"X0087_Y0026","Tile_X":87,"Tile_Y":26,"TOTAL_SCENES":426,"TILE_SIZE":3.01},"geometry":{"type":"Polygon","coordinates":[[[22.214232200224483,56.684388098378747],[22.696368286579002,56.637754730935733],[22.608161219291247,56.372990195630571],[22.129208862300491,56.419258951020083],[22.214232200224483,56.684388098378747]]]}},
{"type":"Feature","properties":{"Tile_ID":"X0088_Y0026","Tile_X":88,"Tile_Y":26,"TOTAL_SCENES":566,"TILE_SIZE":3.07},"geometry":{"type":"Polygon","coordinates":[[[22.696368286579002,56.637754730935733],[23.177391822278587,56.589341040855714],[23.0860280208239,56.324953973314607],[22.608161219291247,56.372990195630571],[22.696368286579002,56.637754730935733]]]}},
{"type":"Feature","properties":{"Tile_ID":"X0089_Y0026","Tile_X":89,"Tile_Y":26,"TOTAL_SCENES":360,"TILE_SIZE":2.65},"geometry":{"type":"Polygon","coordinates":[[[23.177391822278587,56.589341040855714],[23.657266370520837,56.539153756339161],[23.562773614543268,56.275156845370297],[23.0860280208239,56.324953973314607],[23.177391822278587,56.589341040855714]]]}},
{"type":"Feature","properties":{"Tile_ID":"X0090_Y0026","Tile_X":90,"Tile_Y":26,"TOTAL_SCENES":372,"TILE_SIZE":2.64},"geometry":{"type":"Polygon","coordinates":[[[23.657266370520837,56.539153756339161],[24.135956188783904,56.487199809010221],[24.038363016028839,56.223605572239848],[23.562773614543268,56.275156845370297],[23.657266370520837,56.539153756339161]]]}},
{"type":"Feature","properties":{"Tile_ID":"X0091_Y0026","Tile_X":91,"Tile_Y":26,"TOTAL_SCENES":542,"TILE_SIZE":2.93},"geometry":{"type":"Polygon","coordinates":[[[24.135956188783904,56.487199809010221],[24.613426244152926,56.433486328663818],[24.512761923705103,56.170307108455695],[24.038363016028839,56.223605572239848],[24.135956188783904,56.487199809010221]]]}},
{"type":"Feature","properties":{"Tile_ID":"X0092_Y0026","Tile_X":92,"Tile_Y":26,"TOTAL_SCENES":354,"TILE_SIZE":2.61},"geometry":{"type":"Polygon","coordinates":[[[24.613426244152926,56.433486328663818],[25.08964222767651,56.378020637916556],[24.985936732831131,56.115268597492339],[24.512761923705103,56.170307108455695],[24.613426244152926,56.433486328663818]]]}},
{"type":"Feature","properties":{"Tile_ID":"X0093_Y0026","Tile_X":93,"Tile_Y":26,"TOTAL_SCENES":353,"TILE_SIZE":2.54},"geometry":{"type":"Polygon","coordinates":[[[25.08964222767651,56.378020637916556],[25.564570567747939,56.320810246769099],[25.457854548563816,56.058497366531626],[24.985936732831131,56.115268597492339],[25.08964222767651,56.378020637916556]]]}},
{"type":"Feature","properties":{"Tile_ID":"X0094_Y0026","Tile_X":94,"Tile_Y":26,"TOTAL_SCENES":503,"TILE_SIZE":2.75},"geometry":{"type":"Polygon","coordinates":[[[25.564570567747939,56.320810246769099],[26.038178442508173,56.261862847088913],[25.928483198091655,56.000000921149592],[25.457854548563816,56.058497366531626],[25.564570567747939,56.320810246769099]]]}},
{"type":"Feature","properties":{"Tile_ID":"X0095_Y0026","Tile_X":95,"Tile_Y":26,"TOTAL_SCENES":343,"TILE_SIZE":2.63},"geometry":{"type":"Polygon","coordinates":[[[26.038178442508173,56.261862847088913],[26.510433791270124,56.201186307021409],[26.397791241837798,55.939786939932702],[25.928483198091655,56.000000921149592],[26.038178442508173,56.261862847088913]]]}},
{"type":"Feature","properties":{"Tile_ID":"X0096_Y0026","Tile_X":96,"Tile_Y":26,"TOTAL_SCENES":342,"TILE_SIZE":2.6},"geometry":{"type":"Polygon","coordinates":[[[26.510433791270124,56.201186307021409],[26.98130532496538,56.138788665337962],[26.865747983733232,55.877863269031295],[26.397791241837798,55.939786939932702],[26.510433791270124,56.201186307021409]]]}},
{"type":"Feature","properties":{"Tile_ID":"X0097_Y0026","Tile_X":97,"Tile_Y":26,"TOTAL_SCENES":484,"TILE_SIZE":2.69},"geometry":{"type":"Polygon","coordinates":[[[26.98130532496538,56.138788665337962],[27.450762535617113,56.074678125728681],[27.332323480562859,55.814237916658243],[26.865747983733232,55.877863269031295],[26.98130532496538,56.138788665337962]]]}},
{"type":"Feature","properties":{"Tile_ID":"X0098_Y0026","Tile_X":98,"Tile_Y":26,"TOTAL_SCENES":323,"TILE_SIZE":2.46},"geometry":{"type":"Polygon","coordinates":[[[27.450762535617113,56.074678125728681],[27.918775704844723,56.008863051048657],[27.797488550389339,55.748919047540404],[27.332323480562859,55.814237916658243],[27.450762535617113,56.074678125728681]]]}},
{"type":"Feature","properties":{"Tile_ID":"X0058_Y0027","Tile_X":58,"Tile_Y":27,"TOTAL_SCENES":447,"TILE_SIZE":2.92},"geometry":{"type":"Polygon","coordinates":[[[7.946974842498033,56.970894710521513],[8.439630097585951,56.977692205850914],[8.450645756312301,56.708096896162807],[7.961464301934117,56.701353929952333],[7.946974842498033,56.970894710521513]]]}},
{"type":"Feature","properties":{"Tile_ID":"X0059_Y0027","Tile_X":59,"Tile_Y":27,"TOTAL_SCENES":471,"TILE_SIZE":3.29},"geometry":{"type":"Polygon","coordinates":[[[8.439630097585951,56.977692205850914],[8.932428305105041,56.982636166036272],[8.939966561200364,56.713001182240617],[8.450645756312301,56.708096896162807],[8.439630097585951,56.977692205850914]]]}},
{"type":"Feature","properties":{"Tile_ID":"X0060_Y0027","Tile_X":60,"Tile_Y":27,"TOTAL_SCENES":666,"TILE_SIZE":3.55},"geometry":{"type":"Polygon","coordinates":[[[8.932428305105041,56.982636166036272],[9.425324367716753,56.985725860007605],[9.429382754659239,56.716066076186813],[8.939966561200364,56.713001182240617],[8.932428305105041,56.982636166036272]]]}},
{"type":"Feature","properties":{"Tile_ID":"X0061_Y0027","Tile_X":61,"Tile_Y":27,"TOTAL_SCENES":428,"TILE_SIZE":3.18},"geometry":{"type":"Polygon","coordinates":[[[9.425324367716753,56.985725860007605],[9.9182731227513,56.986960830655185],[9.918850312079433,56.717291132820471],[9.429382754659239,56.716066076186813],[9.425324367716753,56.985725860007605]]]}},
{"type":"Feature","properties":{"Tile_ID":"X0062_Y0027","Tile_X":62,"Tile_Y":27,"TOTAL_SCENES":448,"TILE_SIZE":3.11},"geometry":{"type":"Polygon","coordinates":[[[9.9182731227513,56.986960830655185],[10.411229372340919,56.986340895219271],[10.408325175087533,56.71667617415202],[9.918850312079433,56.717291132820471],[9.9182731227513,56.986960830655185]]]}},
{"type":"Feature","properties":{"Tile_ID":"X0065_Y0027","Tile_X":65,"Tile_Y":27,"TOTAL_SCENES":465,"TILE_SIZE":2.46},"geometry":{"type":"Polygon","coordinates":[[[11.396983568876344,56.979536947508677],[11.889691215803948,56.973353941696537],[11.876353115626593,56.70379343587706],[11.38712058932555,56.7099268355799],[11.396983568876344,56.979536947508677]]]}},
{"type":"Feature","properties":{"Tile_ID":"X0066_Y0027","Tile_X":66,"Tile_Y":27,"TOTAL_SCENES":673,"TILE_SIZE":2.82},"geometry":{"type":"Polygon","coordinates":[[[11.889691215803948,56.973353941696537],[12.38222581747551,56.965318041868343],[12.365416955431909,56.695821980451669],[11.876353115626593,56.70379343587706],[11.889691215803948,56.973353941696537]]]}},
{"type":"Feature","properties":{"Tile_ID":"X0067_Y0027","Tile_X":67,"Tile_Y":27,"TOTAL_SCENES":571,"TILE_SIZE":2.78},"geometry":{"type":"Polygon","coordinates":[[[12.38222581747551,56.965318041868343],[12.874542452318524,56.955430434675172],[12.854268315415968,56.68601362502914],[12.365416955431909,56.695821980451669],[12.38222581747551,56.965318041868343]]]}},
{"type":"Feature","properties":{"Tile_ID":"X0068_Y0027","Tile_X":68,"Tile_Y":27,"TOTAL_SCENES":350,"TILE_SIZE":2.59},"geometry":{"type":"Polygon","coordinates":[[[12.874542452318524,56.955430434675172],[13.366596343846963,56.943692578551691],[13.342863541442387,56.674369790065946],[12.854268315415968,56.68601362502914],[12.874542452318524,56.955430434675172]]]}},
{"type":"Feature","properties":{"Tile_ID":"X0069_Y0027","Tile_X":69,"Tile_Y":27,"TOTAL_SCENES":553,"TILE_SIZE":2.87},"geometry":{"type":"Polygon","coordinates":[[[13.366596343846963,56.943692578551691],[13.858342890167236,56.930106202478768],[13.831159146878614,56.660892159563225],[13.342863541442387,56.674369790065946],[13.366596343846963,56.943692578551691]]]}},
{"type":"Feature","properties":{"Tile_ID":"X0070_Y0027","Tile_X":70,"Tile_Y":27,"TOTAL_SCENES":531,"TILE_SIZE":2.8},"geometry":{"type":"Polygon","coordinates":[[[13.858342890167236,56.930106202478768],[14.349737693201789,56.914673304519454],[14.319111840644208,56.645582679663065],[13.831159146878614,56.660892159563225],[13.858342890167236,56.930106202478768]]]}},
{"type":"Feature","properties":{"Tile_ID":"X0071_Y0027","Tile_X":71,"Tile_Y":27,"TOTAL_SCENES":369,"TILE_SIZE":2.73},"geometry":{"type":"Polygon","coordinates":[[[14.349737693201789,56.914673304519454],[14.840736587584102,56.897396150131335],[14.806678554949016,56.628443557030096],[14.319111840644208,56.645582679663065],[14.349737693201789,56.914673304519454]]]}},
{"type":"Feature","properties":{"Tile_ID":"X0072_Y0027","Tile_X":72,"Tile_Y":27,"TOTAL_SCENES":562,"TILE_SIZE":2.97},"geometry":{"type":"Polygon","coordinates":[[[14.840736587584102,56.897396150131335],[15.331295669179781,56.878277270258245],[15.293816472678486,56.609477257021403],[14.806678554949016,56.628443557030096],[14.840736587584102,56.897396150131335]]]}},
{"type":"Feature","properties":{"Tile_ID":"X0073_Y0027","Tile_X":73,"Tile_Y":27,"TOTAL_SCENES":575,"TILE_SIZE":3.29},"geometry":{"type":"Polygon","coordinates":[[[15.331295669179781,56.878277270258245],[15.821371323189583,56.857319459204817],[15.780483054384316,56.588686501648247],[15.293816472678486,56.609477257021403],[15.331295669179781,56.878277270258245]]]}},
{"type":"Feature","properties":{"Tile_ID":"X0074_Y0027","Tile_X":74,"Tile_Y":27,"TOTAL_SCENES":450,"TILE_SIZE":3.3},"geometry":{"type":"Polygon","coordinates":[[[15.821371323189583,56.857319459204817],[16.310920251791469,56.834525772298321],[16.266636064840004,56.566074267333143],[15.780483054384316,56.588686501648247],[15.821371323189583,56.857319459204817]]]}},
{"type":"Feature","properties":{"Tile_ID":"X0075_Y0027","Tile_X":75,"Tile_Y":27,"TOTAL_SCENES":566,"TILE_SIZE":3.3},"geometry":{"type":"Polygon","coordinates":[[[16.310920251791469,56.834525772298321],[16.79989950128012,56.809899523341599],[16.752233599121773,56.541643782466487],[16.266636064840004,56.566074267333143],[16.310920251791469,56.834525772298321]]]}},
{"type":"Feature","properties":{"Tile_ID":"X0084_Y0027","Tile_X":84,"Tile_Y":27,"TOTAL_SCENES":494,"TILE_SIZE":2.81},"geometry":{"type":"Polygon","coordinates":[[[20.686204662540252,56.547397893011244],[21.168193335192836,56.506468841146088],[21.090896074335525,56.240601836554049],[20.612116856451383,56.281211177089411],[20.686204662540252,56.547397893011244]]]}},
{"type":"Feature","properties":{"Tile_ID":"X0085_Y0027","Tile_X":85,"Tile_Y":27,"TOTAL_SCENES":602,"TILE_SIZE":3.19},"geometry":{"type":"Polygon","coordinates":[[[21.168193335192836,56.506468841146088],[21.649207254317755,56.4637538822805],[21.568724260766686,56.198219716592511],[21.090896074335525,56.240601836554049],[21.168193335192836,56.506468841146088]]]}},
{"type":"Feature","properties":{"Tile_ID":"X0086_Y0027","Tile_X":86,"Tile_Y":27,"TOTAL_SCENES":397,"TILE_SIZE":2.93},"geometry":{"type":"Polygon","coordinates":[[[21.649207254317755,56.4637538822805],[22.129208862300491,56.419258951020083],[22.045564695010537,56.154070603715489],[21.568724260766686,56.198219716592511],[21.649207254317755,56.4637538822805]]]}},
{"type":"Feature","properties":{"Tile_ID":"X0087_Y0027","Tile_X":87,"Tile_Y":27,"TOTAL_SCENES":418,"TILE_SIZE":2.94},"geometry":{"type":"Polygon","coordinates":[[[22.129208862300491,56.419258951020083],[22.608161219291247,56.372990195630571],[22.521381250422717,56.108160493360877],[22.045564695010537,56.154070603715489],[22.129208862300491,56.419258951020083]]]}},
{"type":"Feature","properties":{"Tile_ID":"X0088_Y0027","Tile_X":88,"Tile_Y":27,"TOTAL_SCENES":549,"TILE_SIZE":2.89},"geometry":{"type":"Polygon","coordinates":[[[22.608161219291247,56.372990195630571],[23.0860280208239,56.324953973314607],[22.996138411522416,56.06049558535193],[22.521381250422717,56.108160493360877],[22.608161219291247,56.372990195630571]]]}},
{"type":"Feature","properties":{"Tile_ID":"X0089_Y0027","Tile_X":89,"Tile_Y":27,"TOTAL_SCENES":337,"TILE_SIZE":2.52},"geometry":{"type":"Polygon","coordinates":[[[23.0860280208239,56.324953973314607],[23.562773614543268,56.275156845370297],[23.469801290220378,56.01108227924054],[22.996138411522416,56.06049558535193],[23.0860280208239,56.324953973314607]]]}},
{"type":"Feature","properties":{"Tile_ID":"X0090_Y0027","Tile_X":90,"Tile_Y":27,"TOTAL_SCENES":352,"TILE_SIZE":2.55},"geometry":{"type":"Polygon","coordinates":[[[23.562773614543268,56.275156845370297],[24.038363016028839,56.223605572239848],[23.942335641189686,55.959927169543334],[23.469801290220378,56.01108227924054],[23.562773614543268,56.275156845370297]]]}},
{"type":"Feature","properties":{"Tile_ID":"X0091_Y0027","Tile_X":91,"Tile_Y":27,"TOTAL_SCENES":508,"TILE_SIZE":2.71},"geometry":{"type":"Polygon","coordinates":[[[24.038363016028839,56.223605572239848],[24.512761923705103,56.170307108455695],[24.413707876369728,55.90703704087813],[23.942335641189686,55.959927169543334],[24.038363016028839,56.223605572239848]]]}},
{"type":"Feature","properties":{"Tile_ID":"X0092_Y0027","Tile_X":92,"Tile_Y":27,"TOTAL_SCENES":336,"TILE_SIZE":2.56},"geometry":{"type":"Polygon","coordinates":[[[24.512761923705103,56.170307108455695],[24.985936732831131,56.115268597492339],[24.883885078595721,55.852418863007962],[24.413707876369728,55.90703704087813],[24.512761923705103,56.170307108455695]]]}},
{"type":"Feature","properties":{"Tile_ID":"X0093_Y0027","Tile_X":93,"Tile_Y":27,"TOTAL_SCENES":337,"TILE_SIZE":2.52},"geometry":{"type":"Polygon","coordinates":[[[24.985936732831131,56.115268597492339],[25.457854548563816,56.058497366531626],[25.352835014348209,55.796079785800451],[24.883885078595721,55.852418863007962],[24.985936732831131,56.115268597492339]]]}},
{"type":"Feature","properties":{"Tile_ID":"X0094_Y0027","Tile_X":94,"Tile_Y":27,"TOTAL_SCENES":484,"TILE_SIZE":2.65},"geometry":{"type":"Polygon","coordinates":[[[25.457854548563816,56.058497366531626],[25.928483198091655,56.000000921149592],[25.820526145619091,55.738027134110034],[25.352835014348209,55.796079785800451],[25.457854548563816,56.058497366531626]]]}},
{"type":"Feature","properties":{"Tile_ID":"X0095_Y0027","Tile_X":95,"Tile_Y":27,"TOTAL_SCENES":339,"TILE_SIZE":2.61},"geometry":{"type":"Polygon","coordinates":[[[25.928483198091655,56.000000921149592],[26.397791241837798,55.939786939932702],[26.286927640892422,55.678268402590561],[25.820526145619091,55.738027134110034],[25.928483198091655,56.000000921149592]]]}},
{"type":"Feature","properties":{"Tile_ID":"X0096_Y0027","Tile_X":96,"Tile_Y":27,"TOTAL_SCENES":363,"TILE_SIZE":2.75},"geometry":{"type":"Polygon","coordinates":[[[26.397791241837798,55.939786939932702],[26.865747983733232,55.877863269031295],[26.752009385240349,55.616811250445743],[26.286927640892422,55.678268402590561],[26.397791241837798,55.939786939932702]]]}},
{"type":"Feature","properties":{"Tile_ID":"X0097_Y0027","Tile_X":97,"Tile_Y":27,"TOTAL_SCENES":511,"TILE_SIZE":2.72},"geometry":{"type":"Polygon","coordinates":[[[26.865747983733232,55.877863269031295],[27.332323480562859,55.814237916658243],[27.215741989536337,55.55366349612494],[26.752009385240349,55.616811250445743],[26.865747983733232,55.877863269031295]]]}},
{"type":"Feature","properties":{"Tile_ID":"X0098_Y0027","Tile_X":98,"Tile_Y":27,"TOTAL_SCENES":325,"TILE_SIZE":2.45},"geometry":{"type":"Polygon","coordinates":[[[27.332323480562859,55.814237916658243],[27.797488550389339,55.748919047540404],[27.678096798789685,55.488833111971729],[27.215741989536337,55.55366349612494],[27.332323480562859,55.814237916658243]]]}},
{"type":"Feature","properties":{"Tile_ID":"X0058_Y0028","Tile_X":58,"Tile_Y":28,"TOTAL_SCENES":472,"TILE_SIZE":3.06},"geometry":{"type":"Polygon","coordinates":[[[7.961464301934117,56.701353929952333],[8.450645756312301,56.708096896162807],[8.461478404739639,56.438516093909051],[7.975713130702011,56.431826727786856],[7.961464301934117,56.701353929952333]]]}},
{"type":"Feature","properties":{"Tile_ID":"X0059_Y0028","Tile_X":59,"Tile_Y":28,"TOTAL_SCENES":549,"TILE_SIZE":3.21},"geometry":{"type":"Polygon","coordinates":[[[8.450645756312301,56.708096896162807],[8.939966561200364,56.713001182240617],[8.947379544463484,56.443381382143237],[8.461478404739639,56.438516093909051],[8.450645756312301,56.708096896162807]]]}},
{"type":"Feature","properties":{"Tile_ID":"X0060_Y0028","Tile_X":60,"Tile_Y":28,"TOTAL_SCENES":647,"TILE_SIZE":3.36},"geometry":{"type":"Polygon","coordinates":[[[8.939966561200364,56.713001182240617],[9.429382754659239,56.716066076186813],[9.433373686460181,56.446421898930758],[8.947379544463484,56.443381382143237],[8.939966561200364,56.713001182240617]]]}},
{"type":"Feature","properties":{"Tile_ID":"X0061_Y0028","Tile_X":61,"Tile_Y":28,"TOTAL_SCENES":426,"TILE_SIZE":3.08},"geometry":{"type":"Polygon","coordinates":[[[9.429382754659239,56.716066076186813],[9.918850312079433,56.717291132820471],[9.919417907177742,56.447637210624542],[9.433373686460181,56.446421898930758],[9.429382754659239,56.716066076186813]]]}},
{"type":"Feature","properties":{"Tile_ID":"X0062_Y0028","Tile_X":62,"Tile_Y":28,"TOTAL_SCENES":503,"TILE_SIZE":3.32},"geometry":{"type":"Polygon","coordinates":[[[9.918850312079433,56.717291132820471],[10.408325175087533,56.71667617415202],[10.405469250664755,56.447027143847407],[9.919417907177742,56.447637210624542],[9.918850312079433,56.717291132820471]]]}},
{"type":"Feature","properties":{"Tile_ID":"X0063_Y0028","Tile_X":63,"Tile_Y":28,"TOTAL_SCENES":694,"TILE_SIZE":3.11},"geometry":{"type":"Polygon","coordinates":[[[10.408325175087533,56.71667617415202],[10.897763280506814,56.714221289532773],[10.891484756360628,56.444591785635161],[10.405469250664755,56.447027143847407],[10.408325175087533,56.71667617415202]]]}},
{"type":"Feature","properties":{"Tile_ID":"X0064_Y0028","Tile_X":64,"Tile_Y":28,"TOTAL_SCENES":486,"TILE_SIZE":2.62},"geometry":{"type":"Polygon","coordinates":[[[10.897763280506814,56.714221289532773],[11.38712058932555,56.7099268355799],[11.377421486893134,56.440331483364808],[10.891484756360628,56.444591785635161],[10.897763280506814,56.714221289532773]]]}},
{"type":"Feature","properties":{"Tile_ID":"X0065_Y0028","Tile_X":65,"Tile_Y":28,"TOTAL_SCENES":512,"TILE_SIZE":2.64},"geometry":{"type":"Polygon","coordinates":[[[11.38712058932555,56.7099268355799],[11.876353115626593,56.70379343587706],[11.86323655583938,56.434246844467566],[11.377421486893134,56.440331483364808],[11.38712058932555,56.7099268355799]]]}},
{"type":"Feature","properties":{"Tile_ID":"X0067_Y0028","Tile_X":67,"Tile_Y":28,"TOTAL_SCENES":460,"TILE_SIZE":2.59},"geometry":{"type":"Polygon","coordinates":[[[12.365416955431909,56.695821980451669],[12.854268315415968,56.68601362502914],[12.834330583988642,56.416608283565438],[12.348887155406507,56.426338735927267],[12.365416955431909,56.695821980451669]]]}},
{"type":"Feature","properties":{"Tile_ID":"X0068_Y0028","Tile_X":68,"Tile_Y":28,"TOTAL_SCENES":435,"TILE_SIZE":3.05},"geometry":{"type":"Polygon","coordinates":[[[12.854268315415968,56.68601362502914],[13.342863541442387,56.674369790065946],[13.319524273557006,56.405056871113757],[12.834330583988642,56.416608283565438],[12.854268315415968,56.68601362502914]]]}},
{"type":"Feature","properties":{"Tile_ID":"X0069_Y0028","Tile_X":69,"Tile_Y":28,"TOTAL_SCENES":559,"TILE_SIZE":3.1},"geometry":{"type":"Polygon","coordinates":[[[13.342863541442387,56.674369790065946],[13.831159146878614,56.660892159563225],[13.804425816840514,56.391686139076334],[13.319524273557006,56.405056871113757],[13.342863541442387,56.674369790065946]]]}},
{"type":"Feature","properties":{"Tile_ID":"X0070_Y0028","Tile_X":70,"Tile_Y":28,"TOTAL_SCENES":404,"TILE_SIZE":2.75},"geometry":{"type":"Polygon","coordinates":[[[13.831159146878614,56.660892159563225],[14.319111840644208,56.645582679663065],[14.28899299425489,56.376497983383075],[13.804425816840514,56.391686139076334],[13.831159146878614,56.660892159563225]]]}},
{"type":"Feature","properties":{"Tile_ID":"X0071_Y0028","Tile_X":71,"Tile_Y":28,"TOTAL_SCENES":401,"TILE_SIZE":2.86},"geometry":{"type":"Polygon","coordinates":[[[14.319111840644208,56.645582679663065],[14.806678554949016,56.628443557030096],[14.773183800539018,56.359494553837479],[14.28899299425489,56.376497983383075],[14.319111840644208,56.645582679663065]]]}},
{"type":"Feature","properties":{"Tile_ID":"X0072_Y0028","Tile_X":72,"Tile_Y":28,"TOTAL_SCENES":591,"TILE_SIZE":3.24},"geometry":{"type":"Polygon","coordinates":[[[14.806678554949016,56.628443557030096],[15.293816472678486,56.609477257021403],[15.256956471058098,56.340678252360824],[14.773183800539018,56.359494553837479],[14.806678554949016,56.628443557030096]]]}},
{"type":"Feature","properties":{"Tile_ID":"X0073_Y0028","Tile_X":73,"Tile_Y":28,"TOTAL_SCENES":508,"TILE_SIZE":3.12},"geometry":{"type":"Polygon","coordinates":[[[15.293816472678486,56.609477257021403],[15.780483054384316,56.588686501648247],[15.740269507734137,56.320051731036742],[15.256956471058098,56.340678252360824],[15.293816472678486,56.609477257021403]]]}},
{"type":"Feature","properties":{"Tile_ID":"X0074_Y0028","Tile_X":74,"Tile_Y":28,"TOTAL_SCENES":464,"TILE_SIZE":3.26},"geometry":{"type":"Polygon","coordinates":[[[15.780483054384316,56.588686501648247],[16.266636064840004,56.566074267333143],[16.223081704565423,56.297617889959078],[15.740269507734137,56.320051731036742],[15.780483054384316,56.588686501648247]]]}},
{"type":"Feature","properties":{"Tile_ID":"X0075_Y0028","Tile_X":75,"Tile_Y":28,"TOTAL_SCENES":491,"TILE_SIZE":2.92},"geometry":{"type":"Polygon","coordinates":[[[16.266636064840004,56.566074267333143],[16.752233599121773,56.541643782466487],[16.705352172697744,56.27337987488724],[16.223081704565423,56.297617889959078],[16.266636064840004,56.566074267333143]]]}},
{"type":"Feature","properties":{"Tile_ID":"X0084_Y0028","Tile_X":84,"Tile_Y":28,"TOTAL_SCENES":474,"TILE_SIZE":2.43},"geometry":{"type":"Polygon","coordinates":[[[20.612116856451383,56.281211177089411],[21.090896074335525,56.240601836554049],[21.014849620110176,55.974686997350219],[20.539230648954987,56.014981879189889],[20.612116856451383,56.281211177089411]]]}},
{"type":"Feature","properties":{"Tile_ID":"X0085_Y0028","Tile_X":85,"Tile_Y":28,"TOTAL_SCENES":580,"TILE_SIZE":3.1},"geometry":{"type":"Polygon","coordinates":[[[21.090896074335525,56.240601836554049],[21.568724260766686,56.198219716592511],[21.489540544769465,55.932632266489705],[21.014849620110176,55.974686997350219],[21.090896074335525,56.240601836554049]]]}},
{"type":"Feature","properties":{"Tile_ID":"X0086_Y0028","Tile_X":86,"Tile_Y":28,"TOTAL_SCENES":358,"TILE_SIZE":2.76},"geometry":{"type":"Polygon","coordinates":[[[21.568724260766686,56.198219716592511],[22.045564695010537,56.154070603715489],[21.963267516216682,55.888823329644175],[21.489540544769465,55.932632266489705],[21.568724260766686,56.198219716592511]]]}},
{"type":"Feature","properties":{"Tile_ID":"X0087_Y0028","Tile_X":87,"Tile_Y":28,"TOTAL_SCENES":393,"TILE_SIZE":2.79},"geometry":{"type":"Polygon","coordinates":[[[22.045564695010537,56.154070603715489],[22.521381250422717,56.108160493360877],[22.435995199219953,55.84326603416654],[21.963267516216682,55.888823329644175],[22.045564695010537,56.154070603715489]]]}},
{"type":"Feature","properties":{"Tile_ID":"X0088_Y0028","Tile_X":88,"Tile_Y":28,"TOTAL_SCENES":508,"TILE_SIZE":2.68},"geometry":{"type":"Polygon","coordinates":[[[22.521381250422717,56.108160493360877],[22.996138411522416,56.06049558535193],[22.907688846577582,55.795966427357889],[22.435995199219953,55.84326603416654],[22.521381250422717,56.108160493360877]]]}},
{"type":"Feature","properties":{"Tile_ID":"X0089_Y0028","Tile_X":89,"Tile_Y":28,"TOTAL_SCENES":329,"TILE_SIZE":2.49},"geometry":{"type":"Polygon","coordinates":[[[22.996138411522416,56.06049558535193],[23.469801290220378,56.01108227924054],[23.378314314861754,55.746930751987449],[22.907688846577582,55.795966427357889],[22.996138411522416,56.06049558535193]]]}},
{"type":"Feature","properties":{"Tile_ID":"X0090_Y0028","Tile_X":90,"Tile_Y":28,"TOTAL_SCENES":368,"TILE_SIZE":2.62},"geometry":{"type":"Polygon","coordinates":[[[23.469801290220378,56.01108227924054],[23.942335641189686,55.959927169543334],[23.847838079348815,55.696165441707905],[23.378314314861754,55.746930751987449],[23.469801290220378,56.01108227924054]]]}},
{"type":"Feature","properties":{"Tile_ID":"X0091_Y0028","Tile_X":91,"Tile_Y":28,"TOTAL_SCENES":506,"TILE_SIZE":2.65},"geometry":{"type":"Polygon","coordinates":[[[23.942335641189686,55.959927169543334],[24.413707876369728,55.90703704087813],[24.316227248126491,55.64367711637373],[23.847838079348815,55.696165441707905],[23.942335641189686,55.959927169543334]]]}},
{"type":"Feature","properties":{"Tile_ID":"X0092_Y0028","Tile_X":92,"Tile_Y":28,"TOTAL_SCENES":317,"TILE_SIZE":2.41},"geometry":{"type":"Polygon","coordinates":[[[24.413707876369728,55.90703704087813],[24.883885078595721,55.852418863007962],[24.783449575370533,55.589472577269099],[24.316227248126491,55.64367711637373],[24.413707876369728,55.90703704087813]]]}},
{"type":"Feature","properties":{"Tile_ID":"X0093_Y0028","Tile_X":93,"Tile_Y":28,"TOTAL_SCENES":330,"TILE_SIZE":2.42},"geometry":{"type":"Polygon","coordinates":[[[24.883885078595721,55.852418863007962],[25.352835014348209,55.796079785800451],[25.249473473785091,55.53355880225309],[24.783449575370533,55.589472577269099],[24.883885078595721,55.852418863007962]]]}},
{"type":"Feature","properties":{"Tile_ID":"X0094_Y0028","Tile_X":94,"Tile_Y":28,"TOTAL_SCENES":499,"TILE_SIZE":2.66},"geometry":{"type":"Polygon","coordinates":[[[25.352835014348209,55.796079785800451],[25.820526145619091,55.738027134110034],[25.714268026202976,55.475942940828887],[25.249473473785091,55.53355880225309],[25.352835014348209,55.796079785800451]]]}},
{"type":"Feature","properties":{"Tile_ID":"X0095_Y0028","Tile_X":95,"Tile_Y":28,"TOTAL_SCENES":352,"TILE_SIZE":2.64},"geometry":{"type":"Polygon","coordinates":[[[25.820526145619091,55.738027134110034],[26.286927640892422,55.678268402590561],[26.177802996343821,55.416632309144525],[25.714268026202976,55.475942940828887],[25.820526145619091,55.738027134110034]]]}},
{"type":"Feature","properties":{"Tile_ID":"X0096_Y0028","Tile_X":96,"Tile_Y":28,"TOTAL_SCENES":368,"TILE_SIZE":2.71},"geometry":{"type":"Polygon","coordinates":[[[26.286927640892422,55.678268402590561],[26.752009385240349,55.616811250445743],[26.640048838730038,55.355634384932067],[26.177802996343821,55.416632309144525],[26.286927640892422,55.678268402590561]]]}},
{"type":"Feature","properties":{"Tile_ID":"X0058_Y0029","Tile_X":58,"Tile_Y":29,"TOTAL_SCENES":422,"TILE_SIZE":2.83},"geometry":{"type":"Polygon","coordinates":[[[7.975713130702011,56.431826727786856],[8.461478404739639,56.438516093909051],[8.472132466485133,56.168948284691382],[7.989727142140947,56.162311612233054],[7.975713130702011,56.431826727786856]]]}},
{"type":"Feature","properties":{"Tile_ID":"X0059_Y0029","Tile_X":59,"Tile_Y":29,"TOTAL_SCENES":550,"TILE_SIZE":3.04},"geometry":{"type":"Polygon","coordinates":[[[8.461478404739639,56.438516093909051],[8.947379544463484,56.443381382143237],[8.954670284068534,56.173775234879422],[8.472132466485133,56.168948284691382],[8.461478404739639,56.438516093909051]]]}},
{"type":"Feature","properties":{"Tile_ID":"X0060_Y0029","Tile_X":60,"Tile_Y":29,"TOTAL_SCENES":545,"TILE_SIZE":2.74},"geometry":{"type":"Polygon","coordinates":[[[8.947379544463484,56.443381382143237],[9.433373686460181,56.446421898930758],[9.437298794614524,56.176791787073505],[8.954670284068534,56.173775234879422],[8.947379544463484,56.443381382143237]]]}},
{"type":"Feature","properties":{"Tile_ID":"X0061_Y0029","Tile_X":61,"Tile_Y":29,"TOTAL_SCENES":379,"TILE_SIZE":2.71},"geometry":{"type":"Polygon","coordinates":[[[9.433373686460181,56.446421898930758],[9.919417907177742,56.447637210624542],[9.919976140117884,56.177997518781858],[9.437298794614524,56.176791787073505],[9.433373686460181,56.446421898930758]]]}},
{"type":"Feature","properties":{"Tile_ID":"X0062_Y0029","Tile_X":62,"Tile_Y":29,"TOTAL_SCENES":564,"TILE_SIZE":3.14},"geometry":{"type":"Polygon","coordinates":[[[9.919417907177742,56.447637210624542],[10.405469250664755,56.447027143847407],[10.402660431472789,56.177392261088002],[9.919976140117884,56.177997518781858],[9.919417907177742,56.447637210624542]]]}},
{"type":"Feature","properties":{"Tile_ID":"X0063_Y0029","Tile_X":63,"Tile_Y":29,"TOTAL_SCENES":623,"TILE_SIZE":3.27},"geometry":{"type":"Polygon","coordinates":[[[10.405469250664755,56.447027143847407],[10.891484756360628,56.444591785635161],[10.885309775149045,56.174976098788463],[10.402660431472789,56.177392261088002],[10.405469250664755,56.447027143847407]]]}},
{"type":"Feature","properties":{"Tile_ID":"X0064_Y0029","Tile_X":64,"Tile_Y":29,"TOTAL_SCENES":453,"TILE_SIZE":2.46},"geometry":{"type":"Polygon","coordinates":[[[10.891484756360628,56.444591785635161],[11.377421486893134,56.440331483364808],[11.367882299875181,56.170749370323477],[10.885309775149045,56.174976098788463],[10.891484756360628,56.444591785635161]]]}},
{"type":"Feature","properties":{"Tile_ID":"X0067_Y0029","Tile_X":67,"Tile_Y":29,"TOTAL_SCENES":433,"TILE_SIZE":2.74},"geometry":{"type":"Polygon","coordinates":[[[12.348887155406507,56.426338735927267],[12.834330583988642,56.416608283565438],[12.814721140567285,56.147212969775964],[12.332629678500409,56.156866835020168],[12.348887155406507,56.426338735927267]]]}},
{"type":"Feature","properties":{"Tile_ID":"X0068_Y0029","Tile_X":68,"Tile_Y":29,"TOTAL_SCENES":414,"TILE_SIZE":2.9},"geometry":{"type":"Polygon","coordinates":[[[12.834330583988642,56.416608283565438],[13.319524273557006,56.405056871113757],[13.296569052773892,56.13575241997885],[12.814721140567285,56.147212969775964],[12.834330583988642,56.416608283565438]]]}},
{"type":"Feature","properties":{"Tile_ID":"X0069_Y0029","Tile_X":69,"Tile_Y":29,"TOTAL_SCENES":552,"TILE_SIZE":2.95},"geometry":{"type":"Polygon","coordinates":[[[13.319524273557006,56.405056871113757],[13.804425816840514,56.391686139076334],[13.778132052741414,56.122486784058367],[13.296569052773892,56.13575241997885],[13.319524273557006,56.405056871113757]]]}},
{"type":"Feature","properties":{"Tile_ID":"X0070_Y0029","Tile_X":70,"Tile_Y":29,"TOTAL_SCENES":382,"TILE_SIZE":2.86},"geometry":{"type":"Polygon","coordinates":[[[13.804425816840514,56.391686139076334],[14.28899299425489,56.376497983383075],[14.259368958288961,56.107417909372138],[13.778132052741414,56.122486784058367],[13.804425816840514,56.391686139076334]]]}},
{"type":"Feature","properties":{"Tile_ID":"X0071_Y0029","Tile_X":71,"Tile_Y":29,"TOTAL_SCENES":411,"TILE_SIZE":2.98},"geometry":{"type":"Polygon","coordinates":[[[14.28899299425489,56.376497983383075],[14.773183800539018,56.359494553837479],[14.74023879302006,56.090547890716266],[14.259368958288961,56.107417909372138],[14.28899299425489,56.376497983383075]]]}},
{"type":"Feature","properties":{"Tile_ID":"X0072_Y0029","Tile_X":72,"Tile_Y":29,"TOTAL_SCENES":619,"TILE_SIZE":3.19},"geometry":{"type":"Polygon","coordinates":[[[14.773183800539018,56.359494553837479],[15.256956471058098,56.340678252360824],[15.220700811594398,56.071879068640619],[14.74023879302006,56.090547890716266],[14.773183800539018,56.359494553837479]]]}},
{"type":"Feature","properties":{"Tile_ID":"X0073_Y0029","Tile_X":73,"Tile_Y":29,"TOTAL_SCENES":431,"TILE_SIZE":3.11},"geometry":{"type":"Polygon","coordinates":[[[15.256956471058098,56.340678252360824],[15.740269507734137,56.320051731036742],[15.70071452464747,56.051414027571958],[15.220700811594398,56.071879068640619],[15.256956471058098,56.340678252360824]]]}},
{"type":"Feature","properties":{"Tile_ID":"X0074_Y0029","Tile_X":74,"Tile_Y":29,"TOTAL_SCENES":441,"TILE_SIZE":2.84},"geometry":{"type":"Polygon","coordinates":[[[15.740269507734137,56.320051731036742],[16.223081704565423,56.297617889959078],[16.180239723321879,56.029155593748349],[15.70071452464747,56.051414027571958],[15.740269507734137,56.320051731036742]]]}},
{"type":"Feature","properties":{"Tile_ID":"X0075_Y0029","Tile_X":75,"Tile_Y":29,"TOTAL_SCENES":444,"TILE_SIZE":2.08},"geometry":{"type":"Polygon","coordinates":[[[16.223081704565423,56.297617889959078],[16.705352172697744,56.27337987488724],[16.659236503374967,56.005106832968643],[16.180239723321879,56.029155593748349],[16.223081704565423,56.297617889959078]]]}},
{"type":"Feature","properties":{"Tile_ID":"X0085_Y0029","Tile_X":85,"Tile_Y":29,"TOTAL_SCENES":562,"TILE_SIZE":3.0},"geometry":{"type":"Polygon","coordinates":[[[21.014849620110176,55.974686997350219],[21.489540544769465,55.932632266489705],[21.411625917045676,55.66699162105126],[20.940024814106394,55.708724287209883],[21.014849620110176,55.974686997350219]]]}},
{"type":"Feature","properties":{"Tile_ID":"X0086_Y0029","Tile_X":86,"Tile_Y":29,"TOTAL_SCENES":360,"TILE_SIZE":2.75},"geometry":{"type":"Polygon","coordinates":[[[21.489540544769465,55.932632266489705],[21.963267516216682,55.888823329644175],[21.882286134648382,55.623517347065274],[21.411625917045676,55.66699162105126],[21.489540544769465,55.932632266489705]]]}},
{"type":"Feature","properties":{"Tile_ID":"X0087_Y0029","Tile_X":87,"Tile_Y":29,"TOTAL_SCENES":397,"TILE_SIZE":2.74},"geometry":{"type":"Polygon","coordinates":[[[21.963267516216682,55.888823329644175],[22.435995199219953,55.84326603416654],[22.351970901975033,55.578307169084042],[21.882286134648382,55.623517347065274],[21.963267516216682,55.888823329644175]]]}},
{"type":"Feature","properties":{"Tile_ID":"X0088_Y0029","Tile_X":88,"Tile_Y":29,"TOTAL_SCENES":496,"TILE_SIZE":2.52},"geometry":{"type":"Polygon","coordinates":[[[22.435995199219953,55.84326603416654],[22.907688846577582,55.795966427357889],[22.820646220014027,55.531366986562304],[22.351970901975033,55.578307169084042],[22.435995199219953,55.84326603416654]]]}},
{"type":"Feature","properties":{"Tile_ID":"X0089_Y0029","Tile_X":89,"Tile_Y":29,"TOTAL_SCENES":320,"TILE_SIZE":2.44},"geometry":{"type":"Polygon","coordinates":[[[22.907688846577582,55.795966427357889],[23.378314314861754,55.746930751987449],[23.288278670955783,55.482702890265948],[22.820646220014027,55.531366986562304],[22.907688846577582,55.795966427357889]]]}},
{"type":"Feature","properties":{"Tile_ID":"X0090_Y0029","Tile_X":90,"Tile_Y":29,"TOTAL_SCENES":347,"TILE_SIZE":2.41},"geometry":{"type":"Polygon","coordinates":[[[23.378314314861754,55.746930751987449],[23.847838079348815,55.696165441707905],[23.75483543269462,55.432321157858972],[23.288278670955783,55.482702890265948],[23.378314314861754,55.746930751987449]]]}},
{"type":"Feature","properties":{"Tile_ID":"X0091_Y0029","Tile_X":91,"Tile_Y":29,"TOTAL_SCENES":524,"TILE_SIZE":2.61},"geometry":{"type":"Polygon","coordinates":[[[23.847838079348815,55.696165441707905],[24.316227248126491,55.64367711637373],[24.220284292549056,55.380228249395515],[23.75483543269462,55.432321157858972],[23.847838079348815,55.696165441707905]]]}},
{"type":"Feature","properties":{"Tile_ID":"X0092_Y0029","Tile_X":92,"Tile_Y":29,"TOTAL_SCENES":340,"TILE_SIZE":2.49},"geometry":{"type":"Polygon","coordinates":[[[24.316227248126491,55.64367711637373],[24.783449575370533,55.589472577269099],[24.684593660192899,55.326430802723934],[24.220284292549056,55.380228249395515],[24.316227248126491,55.64367711637373]]]}},
{"type":"Feature","properties":{"Tile_ID":"X0093_Y0029","Tile_X":93,"Tile_Y":29,"TOTAL_SCENES":344,"TILE_SIZE":2.48},"geometry":{"type":"Polygon","coordinates":[[[24.783449575370533,55.589472577269099],[25.249473473785091,55.53355880225309],[25.147732579791253,55.27093562880971],[24.684593660192899,55.326430802723934],[24.783449575370533,55.589472577269099]]]}},
{"type":"Feature","properties":{"Tile_ID":"X0094_Y0029","Tile_X":94,"Tile_Y":29,"TOTAL_SCENES":529,"TILE_SIZE":2.72},"geometry":{"type":"Polygon","coordinates":[[[25.249473473785091,55.53355880225309],[25.714268026202976,55.475942940828887],[25.609670741337645,55.213749706983904],[25.147732579791253,55.27093562880971],[25.249473473785091,55.53355880225309]]]}},
{"type":"Feature","properties":{"Tile_ID":"X0095_Y0029","Tile_X":95,"Tile_Y":29,"TOTAL_SCENES":377,"TILE_SIZE":2.69},"geometry":{"type":"Polygon","coordinates":[[[25.714268026202976,55.475942940828887],[26.177802996343821,55.416632309144525],[26.070378491189778,55.15488018012401],[25.609670741337645,55.213749706983904],[25.714268026202976,55.475942940828887]]]}},
{"type":"Feature","properties":{"Tile_ID":"X0096_Y0029","Tile_X":96,"Tile_Y":29,"TOTAL_SCENES":392,"TILE_SIZE":2.86},"geometry":{"type":"Polygon","coordinates":[[[26.177802996343821,55.416632309144525],[26.640048838730038,55.355634384932067],[26.529826841803391,55.094334349774186],[26.070378491189778,55.15488018012401],[26.177802996343821,55.416632309144525]]]}},
{"type":"Feature","properties":{"Tile_ID":"X0097_Y0029","Tile_X":97,"Tile_Y":29,"TOTAL_SCENES":479,"TILE_SIZE":2.26},"geometry":{"type":"Polygon","coordinates":[[[26.640048838730038,55.355634384932067],[27.100976707762012,55.292956802392538],[26.98798748066525,55.032119671211412],[26.529826841803391,55.094334349774186],[26.640048838730038,55.355634384932067]]]}},
{"type":"Feature","properties":{"Tile_ID":"X0058_Y0030","Tile_X":58,"Tile_Y":30,"TOTAL_SCENES":393,"TILE_SIZE":2.65},"geometry":{"type":"Polygon","coordinates":[[[7.989727142140947,56.162311612233054],[8.472132466485133,56.168948284691382],[8.482612222607349,55.89939195506102],[8.003511962364797,55.89280709171971],[7.989727142140947,56.162311612233054]]]}},
{"type":"Feature","properties":{"Tile_ID":"X0059_Y0030","Tile_X":59,"Tile_Y":30,"TOTAL_SCENES":538,"TILE_SIZE":3.02},"geometry":{"type":"Polygon","coordinates":[[[8.472132466485133,56.168948284691382],[8.954670284068534,56.173775234879422],[8.961841711524071,55.904181211065016],[8.482612222607349,55.89939195506102],[8.472132466485133,56.168948284691382]]]}},
{"type":"Feature","properties":{"Tile_ID":"X0060_Y0030","Tile_X":60,"Tile_Y":30,"TOTAL_SCENES":348,"TILE_SIZE":2.69},"geometry":{"type":"Polygon","coordinates":[[[8.954670284068534,56.173775234879422],[9.437298794614524,56.176791787073505],[9.441159657999881,55.907174201262329],[8.961841711524071,55.904181211065016],[8.954670284068534,56.173775234879422]]]}},
{"type":"Feature","properties":{"Tile_ID":"X0061_Y0030","Tile_X":61,"Tile_Y":30,"TOTAL_SCENES":343,"TILE_SIZE":2.63},"geometry":{"type":"Polygon","coordinates":[[[9.437298794614524,56.176791787073505],[9.919976140117884,56.177997518781858],[9.920525235486098,55.90837051395291],[9.441159657999881,55.907174201262329],[9.437298794614524,56.176791787073505]]]}},
{"type":"Feature","properties":{"Tile_ID":"X0062_Y0030","Tile_X":62,"Tile_Y":30,"TOTAL_SCENES":586,"TILE_SIZE":3.09},"geometry":{"type":"Polygon","coordinates":[[[9.919976140117884,56.177997518781858],[10.402660431472789,56.177392261088002],[10.399897587570269,55.907769984535818],[9.920525235486098,55.90837051395291],[9.919976140117884,56.177997518781858]]]}},
{"type":"Feature","properties":{"Tile_ID":"X0063_Y0030","Tile_X":63,"Tile_Y":30,"TOTAL_SCENES":532,"TILE_SIZE":2.55},"geometry":{"type":"Polygon","coordinates":[[[10.402660431472789,56.177392261088002],[10.885309775149045,56.174976098788463],[10.879235853591538,55.905372695641056],[10.399897587570269,55.907769984535818],[10.402660431472789,56.177392261088002]]]}},
{"type":"Feature","properties":{"Tile_ID":"X0064_Y0030","Tile_X":64,"Tile_Y":30,"TOTAL_SCENES":435,"TILE_SIZE":2.46},"geometry":{"type":"Polygon","coordinates":[[[10.885309775149045,56.174976098788463],[11.367882299875181,56.170749370323477],[11.358499194262519,55.901178977063431],[10.879235853591538,55.905372695641056],[10.885309775149045,56.174976098788463]]]}},
{"type":"Feature","properties":{"Tile_ID":"X0065_Y0030","Tile_X":65,"Tile_Y":30,"TOTAL_SCENES":603,"TILE_SIZE":2.68},"geometry":{"type":"Polygon","coordinates":[[[11.367882299875181,56.170749370323477],[11.850336183287006,56.164712667501931],[11.837646817258539,55.895189405498272],[11.358499194262519,55.901178977063431],[11.367882299875181,56.170749370323477]]]}},
{"type":"Feature","properties":{"Tile_ID":"X0066_Y0030","Tile_X":66,"Tile_Y":30,"TOTAL_SCENES":585,"TILE_SIZE":2.89},"geometry":{"type":"Polygon","coordinates":[[[11.850336183287006,56.164712667501931],[12.332629678500409,56.156866835020168],[12.316638002735296,55.887404804079843],[11.837646817258539,55.895189405498272],[11.850336183287006,56.164712667501931]]]}},
{"type":"Feature","properties":{"Tile_ID":"X0067_Y0030","Tile_X":67,"Tile_Y":30,"TOTAL_SCENES":417,"TILE_SIZE":2.99},"geometry":{"type":"Polygon","coordinates":[[[12.332629678500409,56.156866835020168],[12.814721140567285,56.147212969775964],[12.795432128736135,55.87782624172295],[12.316638002735296,55.887404804079843],[12.332629678500409,56.156866835020168]]]}},
{"type":"Feature","properties":{"Tile_ID":"X0068_Y0030","Tile_X":68,"Tile_Y":30,"TOTAL_SCENES":460,"TILE_SIZE":2.99},"geometry":{"type":"Polygon","coordinates":[[[12.814721140567285,56.147212969775964],[13.296569052773892,56.13575241997885],[13.273988696450466,55.866455032269116],[12.795432128736135,55.87782624172295],[12.814721140567285,56.147212969775964]]]}},
{"type":"Feature","properties":{"Tile_ID":"X0069_Y0030","Tile_X":69,"Tile_Y":30,"TOTAL_SCENES":531,"TILE_SIZE":2.86},"geometry":{"type":"Polygon","coordinates":[[[13.296569052773892,56.13575241997885],[13.778132052741414,56.122486784058367],[13.752267355285284,55.8532927334387],[13.273988696450466,55.866455032269116],[13.296569052773892,56.13575241997885]]]}},
{"type":"Feature","properties":{"Tile_ID":"X0070_Y0030","Tile_X":70,"Tile_Y":30,"TOTAL_SCENES":384,"TILE_SIZE":2.98},"geometry":{"type":"Polygon","coordinates":[[[13.778132052741414,56.122486784058367],[14.259368958288961,56.107417909372138],[14.230227927712237,55.838341145591066],[13.752267355285284,55.8532927334387],[13.778132052741414,56.122486784058367]]]}},
{"type":"Feature","properties":{"Tile_ID":"X0071_Y0030","Tile_X":71,"Tile_Y":30,"TOTAL_SCENES":457,"TILE_SIZE":2.81},"geometry":{"type":"Polygon","coordinates":[[[14.259368958288961,56.107417909372138],[14.74023879302006,56.090547890716266],[14.70783043385342,55.821602310294544],[14.230227927712237,55.838341145591066],[14.259368958288961,56.107417909372138]]]}},
{"type":"Feature","properties":{"Tile_ID":"X0072_Y0030","Tile_X":72,"Tile_Y":30,"TOTAL_SCENES":624,"TILE_SIZE":2.41},"geometry":{"type":"Polygon","coordinates":[[[14.74023879302006,56.090547890716266],[15.220700811594398,56.071879068640619],[15.185035115769667,55.803078508709355],[14.70783043385342,55.821602310294544],[14.74023879302006,56.090547890716266]]]}},
{"type":"Feature","properties":{"Tile_ID":"X0085_Y0030","Tile_X":85,"Tile_Y":30,"TOTAL_SCENES":559,"TILE_SIZE":2.71},"geometry":{"type":"Polygon","coordinates":[[[20.940024814106394,55.708724287209883],[21.411625917045676,55.66699162105126],[21.334951115129254,55.401297820402505],[20.866393396721538,55.442713624621661],[20.940024814106394,55.708724287209883]]]}},
{"type":"Feature","properties":{"Tile_ID":"X0086_Y0030","Tile_X":86,"Tile_Y":30,"TOTAL_SCENES":388,"TILE_SIZE":2.8},"geometry":{"type":"Polygon","coordinates":[[[21.411625917045676,55.66699162105126],[21.882286134648382,55.623517347065274],[21.802590312564963,55.358152821428583],[21.334951115129254,55.401297820402505],[21.411625917045676,55.66699162105126]]]}},
{"type":"Feature","properties":{"Tile_ID":"X0087_Y0030","Tile_X":87,"Tile_Y":30,"TOTAL_SCENES":450,"TILE_SIZE":2.77},"geometry":{"type":"Polygon","coordinates":[[[21.882286134648382,55.623517347065274],[22.351970901975033,55.578307169084042],[22.269277173912599,55.313284192404851],[21.802590312564963,55.358152821428583],[21.882286134648382,55.623517347065274]]]}},
{"type":"Feature","properties":{"Tile_ID":"X0088_Y0030","Tile_X":88,"Tile_Y":30,"TOTAL_SCENES":527,"TILE_SIZE":2.66},"geometry":{"type":"Polygon","coordinates":[[[22.351970901975033,55.578307169084042],[22.820646220014027,55.531366986562304],[22.734978428860249,55.26669768944182],[22.269277173912599,55.313284192404851],[22.351970901975033,55.578307169084042]]]}},
{"type":"Feature","properties":{"Tile_ID":"X0089_Y0030","Tile_X":89,"Tile_Y":30,"TOTAL_SCENES":342,"TILE_SIZE":2.48},"geometry":{"type":"Polygon","coordinates":[[[22.820646220014027,55.531366986562304],[23.288278670955783,55.482702890265948],[23.199661366719138,55.218399255905261],[22.734978428860249,55.26669768944182],[22.820646220014027,55.531366986562304]]]}},
{"type":"Feature","properties":{"Tile_ID":"X0090_Y0030","Tile_X":90,"Tile_Y":30,"TOTAL_SCENES":384,"TILE_SIZE":2.55},"geometry":{"type":"Polygon","coordinates":[[[23.288278670955783,55.482702890265948],[23.75483543269462,55.432321157858972],[23.663293850509181,55.168395018167168],[23.199661366719138,55.218399255905261],[23.288278670955783,55.482702890265948]]]}},
{"type":"Feature","properties":{"Tile_ID":"X0091_Y0030","Tile_X":91,"Tile_Y":30,"TOTAL_SCENES":515,"TILE_SIZE":2.53},"geometry":{"type":"Polygon","coordinates":[[[23.75483543269462,55.432321157858972],[24.220284292549056,55.380228249395515],[24.125844330302009,55.116691281264124],[23.663293850509181,55.168395018167168],[23.75483543269462,55.432321157858972]]]}},
{"type":"Feature","properties":{"Tile_ID":"X0092_Y0030","Tile_X":92,"Tile_Y":30,"TOTAL_SCENES":377,"TILE_SIZE":2.67},"geometry":{"type":"Polygon","coordinates":[[[24.220284292549056,55.380228249395515],[24.684593660192899,55.326430802723934],[24.587281855813906,55.063294524470024],[24.125844330302009,55.116691281264124],[24.220284292549056,55.380228249395515]]]}},
{"type":"Feature","properties":{"Tile_ID":"X0093_Y0030","Tile_X":93,"Tile_Y":30,"TOTAL_SCENES":394,"TILE_SIZE":2.75},"geometry":{"type":"Polygon","coordinates":[[[24.684593660192899,55.326430802723934],[25.147732579791253,55.27093562880971],[25.047576088242703,55.008211396789036],[24.587281855813906,55.063294524470024],[24.684593660192899,55.326430802723934]]]}},
{"type":"Feature","properties":{"Tile_ID":"X0094_Y0030","Tile_X":94,"Tile_Y":30,"TOTAL_SCENES":532,"TILE_SIZE":2.68},"geometry":{"type":"Polygon","coordinates":[[[25.147732579791253,55.27093562880971],[25.609670741337645,55.213749706983904],[25.506697311344666,54.951448712375679],[25.047576088242703,55.008211396789036],[25.147732579791253,55.27093562880971]]]}},
{"type":"Feature","properties":{"Tile_ID":"X0095_Y0030","Tile_X":95,"Tile_Y":30,"TOTAL_SCENES":369,"TILE_SIZE":2.72},"geometry":{"type":"Polygon","coordinates":[[[25.609670741337645,55.213749706983904],[26.070378491189778,55.15488018012401],[25.964616441748539,54.89301344588857],[25.506697311344666,54.951448712375679],[25.609670741337645,55.213749706983904]]]}},
{"type":"Feature","properties":{"Tile_ID":"X0096_Y0030","Tile_X":96,"Tile_Y":30,"TOTAL_SCENES":359,"TILE_SIZE":2.66},"geometry":{"type":"Polygon","coordinates":[[[26.070378491189778,55.15488018012401],[26.529826841803391,55.094334349774186],[26.421305038506066,54.832912727783906],[25.964616441748539,54.89301344588857],[26.070378491189778,55.15488018012401]]]}},
{"type":"Feature","properties":{"Tile_ID":"X0058_Y0031","Tile_X":58,"Tile_Y":31,"TOTAL_SCENES":428,"TILE_SIZE":2.78},"geometry":{"type":"Polygon","coordinates":[[[8.003511962364797,55.89280709171971],[8.482612222607349,55.89939195506102],[8.492921817292579,55.629845592483605],[8.017073037724392,55.623311674890417],[8.003511962364797,55.89280709171971]]]}},
{"type":"Feature","properties":{"Tile_ID":"X0059_Y0031","Tile_X":59,"Tile_Y":31,"TOTAL_SCENES":523,"TILE_SIZE":2.88},"geometry":{"type":"Polygon","coordinates":[[[8.482612222607349,55.89939195506102],[8.961841711524071,55.904181211065016],[8.968896664570897,55.634597782740357],[8.492921817292579,55.629845592483605],[8.482612222607349,55.89939195506102]]]}},
{"type":"Feature","properties":{"Tile_ID":"X0060_Y0031","Tile_X":60,"Tile_Y":31,"TOTAL_SCENES":348,"TILE_SIZE":2.73},"geometry":{"type":"Polygon","coordinates":[[[8.961841711524071,55.904181211065016],[9.441159657999881,55.907174201262329],[9.444957804977204,55.63756760388808],[8.968896664570897,55.634597782740357],[8.961841711524071,55.904181211065016]]]}},
{"type":"Feature","properties":{"Tile_ID":"X0061_Y0031","Tile_X":61,"Tile_Y":31,"TOTAL_SCENES":400,"TILE_SIZE":2.93},"geometry":{"type":"Polygon","coordinates":[[[9.441159657999881,55.907174201262329],[9.920525235486098,55.90837051395291],[9.921065410682111,55.638754654669626],[9.444957804977204,55.63756760388808],[9.441159657999881,55.907174201262329]]]}},
{"type":"Feature","properties":{"Tile_ID":"X0062_Y0031","Tile_X":62,"Tile_Y":31,"TOTAL_SCENES":611,"TILE_SIZE":2.78},"geometry":{"type":"Polygon","coordinates":[[[9.920525235486098,55.90837051395291],[10.399897587570269,55.907769984535818],[10.397179625170688,55.638158774659985],[9.921065410682111,55.638754654669626],[9.920525235486098,55.90837051395291]]]}},
{"type":"Feature","properties":{"Tile_ID":"X0063_Y0031","Tile_X":63,"Tile_Y":31,"TOTAL_SCENES":425,"TILE_SIZE":2.52},"geometry":{"type":"Polygon","coordinates":[[[10.399897587570269,55.907769984535818],[10.879235853591538,55.905372695641056],[10.873260587847245,55.63578004439281],[10.397179625170688,55.638158774659985],[10.399897587570269,55.907769984535818]]]}},
{"type":"Feature","properties":{"Tile_ID":"X0064_Y0031","Tile_X":64,"Tile_Y":31,"TOTAL_SCENES":438,"TILE_SIZE":2.78},"geometry":{"type":"Polygon","coordinates":[[[10.879235853591538,55.905372695641056],[11.358499194262519,55.901178977063431],[11.349268458646238,55.63161878529683],[10.873260587847245,55.63578004439281],[10.879235853591538,55.905372695641056]]]}},
{"type":"Feature","properties":{"Tile_ID":"X0065_Y0031","Tile_X":65,"Tile_Y":31,"TOTAL_SCENES":595,"TILE_SIZE":3.22},"geometry":{"type":"Polygon","coordinates":[[[11.358499194262519,55.901178977063431],[11.837646817258539,55.895189405498272],[11.825163442612347,55.62567555944235],[11.349268458646238,55.63161878529683],[11.358499194262519,55.901178977063431]]]}},
{"type":"Feature","properties":{"Tile_ID":"X0066_Y0031","Tile_X":66,"Tile_Y":31,"TOTAL_SCENES":410,"TILE_SIZE":2.93},"geometry":{"type":"Polygon","coordinates":[[[11.837646817258539,55.895189405498272],[12.316638002735296,55.887404804079843],[12.300905814412911,55.617951169097971],[11.825163442612347,55.62567555944235],[11.837646817258539,55.895189405498272]]]}},
{"type":"Feature","properties":{"Tile_ID":"X0067_Y0031","Tile_X":67,"Tile_Y":31,"TOTAL_SCENES":404,"TILE_SIZE":2.93},"geometry":{"type":"Polygon","coordinates":[[[12.316638002735296,55.887404804079843],[12.795432128736135,55.87782624172295],[12.776455942746024,55.608446656098621],[12.300905814412911,55.617951169097971],[12.316638002735296,55.887404804079843]]]}},
{"type":"Feature","properties":{"Tile_ID":"X0068_Y0031","Tile_X":68,"Tile_Y":31,"TOTAL_SCENES":602,"TILE_SIZE":2.97},"geometry":{"type":"Polygon","coordinates":[[[12.795432128736135,55.87782624172295],[13.273988696450466,55.866455032269116],[13.251774314607943,55.597163301025866],[12.776455942746024,55.608446656098621],[12.795432128736135,55.87782624172295]]]}},
{"type":"Feature","properties":{"Tile_ID":"X0069_Y0031","Tile_X":69,"Tile_Y":31,"TOTAL_SCENES":520,"TILE_SIZE":2.89},"geometry":{"type":"Polygon","coordinates":[[[13.273988696450466,55.866455032269116],[13.752267355285284,55.8532927334387],[13.726821559383831,55.584102622201861],[13.251774314607943,55.597163301025866],[13.273988696450466,55.866455032269116]]]}},
{"type":"Feature","properties":{"Tile_ID":"X0070_Y0031","Tile_X":70,"Tile_Y":31,"TOTAL_SCENES":377,"TILE_SIZE":2.93},"geometry":{"type":"Polygon","coordinates":[[[13.752267355285284,55.8532927334387],[14.230227927712237,55.838341145591066],[14.201558472726358,55.569266374498973],[13.726821559383831,55.584102622201861],[13.752267355285284,55.8532927334387]]]}},
{"type":"Feature","properties":{"Tile_ID":"X0071_Y0031","Tile_X":71,"Tile_Y":31,"TOTAL_SCENES":524,"TILE_SIZE":2.46},"geometry":{"type":"Polygon","coordinates":[[[14.230227927712237,55.838341145591066],[14.70783043385342,55.821602310294544],[14.675946040187252,55.552656547966734],[14.201558472726358,55.569266374498973],[14.230227927712237,55.838341145591066]]]}},
{"type":"Feature","properties":{"Tile_ID":"X0085_Y0031","Tile_X":85,"Tile_Y":31,"TOTAL_SCENES":472,"TILE_SIZE":2.65},"geometry":{"type":"Polygon","coordinates":[[[20.866393396721538,55.442713624621661],[21.334951115129254,55.401297820402505],[21.259487768506354,55.135550857587113],[20.7939279731836,55.176654884622081],[20.866393396721538,55.442713624621661]]]}},
{"type":"Feature","properties":{"Tile_ID":"X0086_Y0031","Tile_X":86,"Tile_Y":31,"TOTAL_SCENES":431,"TILE_SIZE":3.08},"geometry":{"type":"Polygon","coordinates":[[[21.334951115129254,55.401297820402505],[21.802590312564963,55.358152821428583],[21.724150730074619,55.092729867386574],[21.259487768506354,55.135550857587113],[21.334951115129254,55.401297820402505]]]}},
{"type":"Feature","properties":{"Tile_ID":"X0087_Y0031","Tile_X":87,"Tile_Y":31,"TOTAL_SCENES":520,"TILE_SIZE":2.95},"geometry":{"type":"Polygon","coordinates":[[[21.802590312564963,55.358152821428583],[22.269277173912599,55.313284192404851],[22.18788377275661,55.048197343828804],[21.724150730074619,55.092729867386574],[21.802590312564963,55.358152821428583]]]}},
{"type":"Feature","properties":{"Tile_ID":"X0088_Y0031","Tile_X":88,"Tile_Y":31,"TOTAL_SCENES":480,"TILE_SIZE":2.62},"geometry":{"type":"Polygon","coordinates":[[[22.269277173912599,55.313284192404851],[22.734978428860249,55.26669768944182],[22.650654336030176,55.001958904016028],[22.18788377275661,55.048197343828804],[22.269277173912599,55.313284192404851]]]}},
{"type":"Feature","properties":{"Tile_ID":"X0089_Y0031","Tile_X":89,"Tile_Y":31,"TOTAL_SCENES":373,"TILE_SIZE":2.66},"geometry":{"type":"Polygon","coordinates":[[[22.734978428860249,55.26669768944182],[23.199661366719138,55.218399255905261],[23.112430398360551,54.954020348348436],[22.650654336030176,55.001958904016028],[22.734978428860249,55.26669768944182]]]}},
{"type":"Feature","properties":{"Tile_ID":"X0090_Y0031","Tile_X":90,"Tile_Y":31,"TOTAL_SCENES":426,"TILE_SIZE":2.69},"geometry":{"type":"Polygon","coordinates":[[[23.199661366719138,55.218399255905261],[23.663293850509181,55.168395018167168],[23.57318049088143,54.904387656431844],[23.112430398360551,54.954020348348436],[23.199661366719138,55.218399255905261]]]}},
{"type":"Feature","properties":{"Tile_ID":"X0091_Y0031","Tile_X":91,"Tile_Y":31,"TOTAL_SCENES":509,"TILE_SIZE":2.52},"geometry":{"type":"Polygon","coordinates":[[[23.663293850509181,55.168395018167168],[24.125844330302009,55.116691281264124],[24.032873710370421,54.853066982895534],[23.57318049088143,54.904387656431844],[23.663293850509181,55.168395018167168]]]}},
{"type":"Feature","properties":{"Tile_ID":"X0092_Y0031","Tile_X":92,"Tile_Y":31,"TOTAL_SCENES":354,"TILE_SIZE":2.6},"geometry":{"type":"Polygon","coordinates":[[[24.125844330302009,55.116691281264124],[24.587281855813906,55.063294524470024],[24.491479731511291,54.800064653126029],[24.032873710370421,54.853066982895534],[24.125844330302009,55.116691281264124]]]}},
{"type":"Feature","properties":{"Tile_ID":"X0093_Y0031","Tile_X":93,"Tile_Y":31,"TOTAL_SCENES":382,"TILE_SIZE":2.67},"geometry":{"type":"Polygon","coordinates":[[[24.587281855813906,55.063294524470024],[25.047576088242703,55.008211396789036],[24.948968818437159,54.745387158923215],[24.491479731511291,54.800064653126029],[24.587281855813906,55.063294524470024]]]}},
{"type":"Feature","properties":{"Tile_ID":"X0094_Y0031","Tile_X":94,"Tile_Y":31,"TOTAL_SCENES":508,"TILE_SIZE":2.58},"geometry":{"type":"Polygon","coordinates":[[[25.047576088242703,55.008211396789036],[25.506697311344666,54.951448712375679],[25.405311835550386,54.689041154084876],[24.948968818437159,54.745387158923215],[25.047576088242703,55.008211396789036]]]}},
{"type":"Feature","properties":{"Tile_ID":"X0095_Y0031","Tile_X":95,"Tile_Y":31,"TOTAL_SCENES":343,"TILE_SIZE":2.59},"geometry":{"type":"Polygon","coordinates":[[[25.506697311344666,54.951448712375679],[25.964616441748539,54.89301344588857],[25.860480257616249,54.631033449925916],[25.405311835550386,54.689041154084876],[25.506697311344666,54.951448712375679]]]}},
{"type":"Feature","properties":{"Tile_ID":"X0058_Y0032","Tile_X":58,"Tile_Y":32,"TOTAL_SCENES":574,"TILE_SIZE":2.6},"geometry":{"type":"Polygon","coordinates":[[[8.017073037724392,55.623311674890417],[8.492921817292579,55.629845592483605],[8.503065263271054,55.360307685302359],[8.030415641915644,55.353823870594404],[8.017073037724392,55.623311674890417]]]}},
{"type":"Feature","properties":{"Tile_ID":"X0059_Y0032","Tile_X":59,"Tile_Y":32,"TOTAL_SCENES":536,"TILE_SIZE":2.93},"geometry":{"type":"Polygon","coordinates":[[[8.492921817292579,55.629845592483605],[8.968896664570897,55.634597782740357],[8.975837890894557,55.365023423313211],[8.503065263271054,55.360307685302359],[8.492921817292579,55.629845592483605]]]}},
{"type":"Feature","properties":{"Tile_ID":"X0060_Y0032","Tile_X":60,"Tile_Y":32,"TOTAL_SCENES":372,"TILE_SIZE":2.72},"geometry":{"type":"Polygon","coordinates":[[[8.968896664570897,55.634597782740357],[9.444957804977204,55.63756760388808],[9.44869471539155,55.367970459015652],[8.975837890894557,55.365023423313211],[8.968896664570897,55.634597782740357]]]}},
{"type":"Feature","properties":{"Tile_ID":"X0061_Y0032","Tile_X":61,"Tile_Y":32,"TOTAL_SCENES":473,"TILE_SIZE":2.88},"geometry":{"type":"Polygon","coordinates":[[[9.444957804977204,55.63756760388808],[9.921065410682111,55.638754654669626],[9.921596876203788,55.369148401260553],[9.44869471539155,55.367970459015652],[9.444957804977204,55.63756760388808]]]}},
{"type":"Feature","properties":{"Tile_ID":"X0062_Y0032","Tile_X":62,"Tile_Y":32,"TOTAL_SCENES":606,"TILE_SIZE":3.12},"geometry":{"type":"Polygon","coordinates":[[[9.921065410682111,55.638754654669626],[10.397179625170688,55.638158774659985],[10.394505485210352,55.368557093664798],[9.921596876203788,55.369148401260553],[9.921065410682111,55.638754654669626]]]}},
{"type":"Feature","properties":{"Tile_ID":"X0063_Y0032","Tile_X":63,"Tile_Y":32,"TOTAL_SCENES":445,"TILE_SIZE":2.91},"geometry":{"type":"Polygon","coordinates":[[[10.397179625170688,55.638158774659985],[10.873260587847245,55.63578004439281],[10.867381650369325,55.366196614732964],[10.394505485210352,55.368557093664798],[10.397179625170688,55.638158774659985]]]}},
{"type":"Feature","properties":{"Tile_ID":"X0064_Y0032","Tile_X":64,"Tile_Y":32,"TOTAL_SCENES":475,"TILE_SIZE":2.88},"geometry":{"type":"Polygon","coordinates":[[[10.873260587847245,55.63578004439281],[11.349268458646238,55.63161878529683],[11.340186499365243,55.362067277796129],[10.867381650369325,55.366196614732964],[10.873260587847245,55.63578004439281]]]}},
{"type":"Feature","properties":{"Tile_ID":"X0065_Y0032","Tile_X":65,"Tile_Y":32,"TOTAL_SCENES":580,"TILE_SIZE":3.0},"geometry":{"type":"Polygon","coordinates":[[[11.349268458646238,55.63161878529683],[11.825163442612347,55.62567555944235],[11.812881203227445,55.356169630768541],[11.340186499365243,55.362067277796129],[11.349268458646238,55.63161878529683]]]}},
{"type":"Feature","properties":{"Tile_ID":"X0066_Y0032","Tile_X":66,"Tile_Y":32,"TOTAL_SCENES":411,"TILE_SIZE":3.03},"geometry":{"type":"Polygon","coordinates":[[[11.825163442612347,55.62567555944235],[12.300905814412911,55.617951169097971],[12.285426999884409,55.34850445572193],[11.812881203227445,55.356169630768541],[11.825163442612347,55.62567555944235]]]}},
{"type":"Feature","properties":{"Tile_ID":"X0067_Y0032","Tile_X":67,"Tile_Y":32,"TOTAL_SCENES":454,"TILE_SIZE":2.57},"geometry":{"type":"Polygon","coordinates":[[[12.300905814412911,55.617951169097971],[12.776455942746024,55.608446656098621],[12.757785217619482,55.339072768278648],[12.285426999884409,55.34850445572193],[12.300905814412911,55.617951169097971]]]}},
{"type":"Feature","properties":{"Tile_ID":"X0068_Y0032","Tile_X":68,"Tile_Y":32,"TOTAL_SCENES":657,"TILE_SIZE":2.98},"geometry":{"type":"Polygon","coordinates":[[[12.776455942746024,55.608446656098621],[13.251774314607943,55.597163301025866],[13.229917298393556,55.327875816824388],[12.757785217619482,55.339072768278648],[12.776455942746024,55.608446656098621]]]}},
{"type":"Feature","properties":{"Tile_ID":"X0069_Y0032","Tile_X":69,"Tile_Y":32,"TOTAL_SCENES":417,"TILE_SIZE":2.97},"geometry":{"type":"Polygon","coordinates":[[[13.251774314607943,55.597163301025866],[13.726821559383831,55.584102622201861],[13.701784821000691,55.314915081542225],[13.229917298393556,55.327875816824388],[13.251774314607943,55.597163301025866]]]}},
{"type":"Feature","properties":{"Tile_ID":"X0070_Y0032","Tile_X":70,"Tile_Y":32,"TOTAL_SCENES":437,"TILE_SIZE":2.93},"geometry":{"type":"Polygon","coordinates":[[[13.726821559383831,55.584102622201861],[14.201558472726358,55.569266374498973],[14.173349524023102,55.300192273269104],[13.701784821000691,55.314915081542225],[13.726821559383831,55.584102622201861]]]}},
{"type":"Feature","properties":{"Tile_ID":"X0071_Y0032","Tile_X":71,"Tile_Y":32,"TOTAL_SCENES":688,"TILE_SIZE":2.54},"geometry":{"type":"Polygon","coordinates":[[[14.201558472726358,55.569266374498973],[14.675946040187252,55.552656547966734],[14.644573328552504,55.283709332177274],[14.173349524023102,55.300192273269104],[14.201558472726358,55.569266374498973]]]}},
{"type":"Feature","properties":{"Tile_ID":"X0072_Y0032","Tile_X":72,"Tile_Y":32,"TOTAL_SCENES":599,"TILE_SIZE":2.5},"geometry":{"type":"Polygon","coordinates":[[[14.675946040187252,55.552656547966734],[15.149945460567608,55.534275366278962],[15.115418360645414,55.265468426282489],[14.644573328552504,55.283709332177274],[14.675946040187252,55.552656547966734]]]}},
{"type":"Feature","properties":{"Tile_ID":"X0087_Y0032","Tile_X":87,"Tile_Y":32,"TOTAL_SCENES":553,"TILE_SIZE":2.83},"geometry":{"type":"Polygon","coordinates":[[[21.724150730074619,55.092729867386574],[22.18788377275661,55.048197343828804],[22.10776136389234,54.783046810517668],[21.646938951025916,54.827248550712554],[21.724150730074619,55.092729867386574]]]}},
{"type":"Feature","properties":{"Tile_ID":"X0088_Y0032","Tile_X":88,"Tile_Y":32,"TOTAL_SCENES":364,"TILE_SIZE":2.51},"geometry":{"type":"Polygon","coordinates":[[[22.18788377275661,55.048197343828804],[22.650654336030176,55.001958904016028],[22.567643734818937,54.737150942037751],[22.10776136389234,54.783046810517668],[22.18788377275661,55.048197343828804]]]}},
{"type":"Feature","properties":{"Tile_ID":"X0089_Y0032","Tile_X":89,"Tile_Y":32,"TOTAL_SCENES":362,"TILE_SIZE":2.65},"geometry":{"type":"Polygon","coordinates":[[[22.650654336030176,55.001958904016028],[23.112430398360551,54.954020348348436],[23.026554713973795,54.68956660698035],[22.567643734818937,54.737150942037751],[22.650654336030176,55.001958904016028]]]}},
{"type":"Feature","properties":{"Tile_ID":"X0090_Y0032","Tile_X":90,"Tile_Y":32,"TOTAL_SCENES":429,"TILE_SIZE":2.63},"geometry":{"type":"Polygon","coordinates":[[[23.112430398360551,54.954020348348436],[23.57318049088143,54.904387656431844],[23.484463484061038,54.64029964254749],[23.026554713973795,54.68956660698035],[23.112430398360551,54.954020348348436]]]}},
{"type":"Feature","properties":{"Tile_ID":"X0091_Y0032","Tile_X":91,"Tile_Y":32,"TOTAL_SCENES":464,"TILE_SIZE":2.58},"geometry":{"type":"Polygon","coordinates":[[[23.57318049088143,54.904387656431844],[24.032873710370421,54.853066982895534],[23.941339772938178,54.589356057405737],[23.484463484061038,54.64029964254749],[23.57318049088143,54.904387656431844]]]}},
{"type":"Feature","properties":{"Tile_ID":"X0092_Y0032","Tile_X":92,"Tile_Y":32,"TOTAL_SCENES":346,"TILE_SIZE":2.66},"geometry":{"type":"Polygon","coordinates":[[[24.032873710370421,54.853066982895534],[24.491479731511291,54.800064653126029],[24.39715386555531,54.536742027574562],[23.941339772938178,54.589356057405737],[24.032873710370421,54.853066982895534]]]}},
{"type":"Feature","properties":{"Tile_ID":"X0093_Y0032","Tile_X":93,"Tile_Y":32,"TOTAL_SCENES":370,"TILE_SIZE":2.66},"geometry":{"type":"Polygon","coordinates":[[[24.491479731511291,54.800064653126029],[24.948968818437159,54.745387158923215],[24.851876615210145,54.482463892238592],[24.39715386555531,54.536742027574562],[24.491479731511291,54.800064653126029]]]}},
{"type":"Feature","properties":{"Tile_ID":"X0094_Y0032","Tile_X":94,"Tile_Y":32,"TOTAL_SCENES":488,"TILE_SIZE":2.52},"geometry":{"type":"Polygon","coordinates":[[[24.948968818437159,54.745387158923215],[25.405311835550386,54.689041154084876],[25.305479454114465,54.426528149489791],[24.851876615210145,54.482463892238592],[24.948968818437159,54.745387158923215]]]}},
{"type":"Feature","properties":{"Tile_ID":"X0095_Y0032","Tile_X":95,"Tile_Y":32,"TOTAL_SCENES":336,"TILE_SIZE":2.56},"geometry":{"type":"Polygon","coordinates":[[[25.405311835550386,54.689041154084876],[25.860480257616249,54.631033449925916],[25.757934403269061,54.368941452005267],[25.305479454114465,54.426528149489791],[25.405311835550386,54.689041154084876]]]}},
{"type":"Feature","properties":{"Tile_ID":"X0058_Y0033","Tile_X":58,"Tile_Y":33,"TOTAL_SCENES":618,"TILE_SIZE":2.4},"geometry":{"type":"Polygon","coordinates":[[[8.030415641915644,55.353823870594404],[8.503065263271054,55.360307685302359],[8.513046446977839,55.09077672269985],[8.043544882752908,55.084342187874668],[8.030415641915644,55.353823870594404]]]}},
{"type":"Feature","properties":{"Tile_ID":"X0059_Y0033","Tile_X":59,"Tile_Y":33,"TOTAL_SCENES":438,"TILE_SIZE":3.04},"geometry":{"type":"Polygon","coordinates":[[[8.503065263271054,55.360307685302359],[8.975837890894557,55.365023423313211],[8.982668051662788,55.095456607501113],[8.513046446977839,55.09077672269985],[8.503065263271054,55.360307685302359]]]}},
{"type":"Feature","properties":{"Tile_ID":"X0060_Y0033","Tile_X":60,"Tile_Y":33,"TOTAL_SCENES":412,"TILE_SIZE":3.01},"geometry":{"type":"Polygon","coordinates":[[[8.975837890894557,55.365023423313211],[9.44869471539155,55.367970459015652],[9.452371822478458,55.098381232314303],[8.982668051662788,55.095456607501113],[8.975837890894557,55.365023423313211]]]}},
{"type":"Feature","properties":{"Tile_ID":"X0061_Y0033","Tile_X":61,"Tile_Y":33,"TOTAL_SCENES":645,"TILE_SIZE":2.89},"geometry":{"type":"Polygon","coordinates":[[[9.44869471539155,55.367970459015652],[9.921596876203788,55.369148401260553],[9.92211983591838,55.099550215776425],[9.452371822478458,55.098381232314303],[9.44869471539155,55.367970459015652]]]}},
{"type":"Feature","properties":{"Tile_ID":"X0062_Y0033","Tile_X":62,"Tile_Y":33,"TOTAL_SCENES":582,"TILE_SIZE":3.26},"geometry":{"type":"Polygon","coordinates":[[[9.921596876203788,55.369148401260553],[10.394505485210352,55.368557093664798],[10.391874141983902,55.098963405417571],[9.92211983591838,55.099550215776425],[9.921596876203788,55.369148401260553]]]}},
{"type":"Feature","properties":{"Tile_ID":"X0063_Y0033","Tile_X":63,"Tile_Y":33,"TOTAL_SCENES":458,"TILE_SIZE":3.28},"geometry":{"type":"Polygon","coordinates":[[[10.394505485210352,55.368557093664798],[10.867381650369325,55.366196614732964],[10.861596786907679,55.096620877777838],[10.391874141983902,55.098963405417571],[10.394505485210352,55.368557093664798]]]}},
{"type":"Feature","properties":{"Tile_ID":"X0064_Y0033","Tile_X":64,"Tile_Y":33,"TOTAL_SCENES":554,"TILE_SIZE":2.95},"geometry":{"type":"Polygon","coordinates":[[[10.867381650369325,55.366196614732964],[11.340186499365243,55.362067277796129],[11.331249835882629,55.092522938348502],[10.861596786907679,55.096620877777838],[10.867381650369325,55.366196614732964]]]}},
{"type":"Feature","properties":{"Tile_ID":"X0065_Y0033","Tile_X":65,"Tile_Y":33,"TOTAL_SCENES":655,"TILE_SIZE":3.06},"geometry":{"type":"Polygon","coordinates":[[[11.340186499365243,55.362067277796129],[11.812881203227445,55.356169630768541],[11.800795395763352,55.086670121338294],[11.331249835882629,55.092522938348502],[11.340186499365243,55.362067277796129]]]}},
{"type":"Feature","properties":{"Tile_ID":"X0066_Y0033","Tile_X":66,"Tile_Y":33,"TOTAL_SCENES":432,"TILE_SIZE":3.05},"geometry":{"type":"Polygon","coordinates":[[[11.812881203227445,55.356169630768541],[12.285426999884409,55.34850445572193],[12.270195637707006,55.079063189264424],[11.800795395763352,55.086670121338294],[11.812881203227445,55.356169630768541]]]}},
{"type":"Feature","properties":{"Tile_ID":"X0067_Y0033","Tile_X":67,"Tile_Y":33,"TOTAL_SCENES":494,"TILE_SIZE":2.72},"geometry":{"type":"Polygon","coordinates":[[[12.285426999884409,55.34850445572193],[12.757785217619482,55.339072768278648],[12.739412819720922,55.069703132369753],[12.270195637707006,55.079063189264424],[12.285426999884409,55.34850445572193]]]}},
{"type":"Feature","properties":{"Tile_ID":"X0072_Y0033","Tile_X":72,"Tile_Y":33,"TOTAL_SCENES":488,"TILE_SIZE":3.09},"geometry":{"type":"Polygon","coordinates":[[[14.644573328552504,55.283709332177274],[15.115418360645414,55.265468426282489],[15.081440751335604,54.99665646521192],[14.613700399319461,55.014759384687451],[14.644573328552504,55.283709332177274]]]}},
{"type":"Feature","properties":{"Tile_ID":"X0073_Y0033","Tile_X":73,"Tile_Y":33,"TOTAL_SCENES":500,"TILE_SIZE":2.65},"geometry":{"type":"Polygon","coordinates":[[[15.115418360645414,55.265468426282489],[15.585846973480804,55.245471949781894],[15.548774658109057,54.976811090324503],[15.081440751335604,54.99665646521192],[15.115418360645414,55.265468426282489]]]}},
{"type":"Feature","properties":{"Tile_ID":"X0079_Y0033","Tile_X":79,"Tile_Y":33,"TOTAL_SCENES":416,"TILE_SIZE":2.3},"geometry":{"type":"Polygon","coordinates":[[[17.93044472794379,55.119255393517712],[18.397599663741985,55.0887881866648],[18.342217111046438,54.821305349203023],[17.878078934312512,54.851544311718875],[17.93044472794379,55.119255393517712]]]}},
{"type":"Feature","properties":{"Tile_ID":"X0080_Y0033","Tile_X":80,"Tile_Y":33,"TOTAL_SCENES":450,"TILE_SIZE":2.37},"geometry":{"type":"Polygon","coordinates":[[[18.397599663741985,55.0887881866648],[18.864082796868249,55.056588327658929],[18.805699379128864,54.789346285412712],[18.342217111046438,54.821305349203023],[18.397599663741985,55.0887881866648]]]}},
{"type":"Feature","properties":{"Tile_ID":"X0089_Y0033","Tile_X":89,"Tile_Y":33,"TOTAL_SCENES":360,"TILE_SIZE":2.75},"geometry":{"type":"Polygon","coordinates":[[[22.567643734818937,54.737150942037751],[23.026554713973795,54.68956660698035],[22.942004178980042,54.425038413350158],[22.485917314932742,54.47227406108324],[22.567643734818937,54.737150942037751]]]}},
{"type":"Feature","properties":{"Tile_ID":"X0090_Y0033","Tile_X":90,"Tile_Y":33,"TOTAL_SCENES":456,"TILE_SIZE":2.59},"geometry":{"type":"Polygon","coordinates":[[[23.026554713973795,54.68956660698035],[23.484463484061038,54.64029964254749],[23.397111897373247,54.376131484858632],[22.942004178980042,54.425038413350158],[23.026554713973795,54.68956660698035]]]}},
{"type":"Feature","properties":{"Tile_ID":"X0091_Y0033","Tile_X":91,"Tile_Y":33,"TOTAL_SCENES":399,"TILE_SIZE":2.69},"geometry":{"type":"Polygon","coordinates":[[[23.484463484061038,54.64029964254749],[23.941339772938178,54.589356057405737],[23.85121081383533,54.325559142598735],[23.397111897373247,54.376131484858632],[23.484463484061038,54.64029964254749]]]}},
{"type":"Feature","properties":{"Tile_ID":"X0092_Y0033","Tile_X":92,"Tile_Y":33,"TOTAL_SCENES":353,"TILE_SIZE":2.72},"geometry":{"type":"Polygon","coordinates":[[[23.941339772938178,54.589356057405737],[24.39715386555531,54.536742027574562],[24.304271809248451,54.273327417583133],[23.85121081383533,54.325559142598735],[23.941339772938178,54.589356057405737]]]}},
{"type":"Feature","properties":{"Tile_ID":"X0093_Y0033","Tile_X":93,"Tile_Y":33,"TOTAL_SCENES":378,"TILE_SIZE":2.63},"geometry":{"type":"Polygon","coordinates":[[[24.39715386555531,54.536742027574562],[24.851876615210145,54.482463892238592],[24.756266312626469,54.219442500809038],[24.304271809248451,54.273327417583133],[24.39715386555531,54.536742027574562]]]}},
{"type":"Feature","properties":{"Tile_ID":"X0094_Y0033","Tile_X":94,"Tile_Y":33,"TOTAL_SCENES":475,"TILE_SIZE":2.4},"geometry":{"type":"Polygon","coordinates":[[[24.851876615210145,54.482463892238592],[25.305479454114465,54.426528149489791],[25.207166311431912,54.163910739151483],[24.756266312626469,54.219442500809038],[24.851876615210145,54.482463892238592]]]}},
{"type":"Feature","properties":{"Tile_ID":"X0095_Y0033","Tile_X":95,"Tile_Y":33,"TOTAL_SCENES":330,"TILE_SIZE":2.49},"geometry":{"type":"Polygon","coordinates":[[[25.305479454114465,54.426528149489791],[25.757934403269061,54.368941452005267],[25.656944361234121,54.106738631193309],[25.207166311431912,54.163910739151483],[25.305479454114465,54.426528149489791]]]}},
{"type":"Feature","properties":{"Tile_ID":"X0096_Y0033","Tile_X":96,"Tile_Y":33,"TOTAL_SCENES":338,"TILE_SIZE":2.53},"geometry":{"type":"Polygon","coordinates":[[[25.757934403269061,54.368941452005267],[26.209214081645559,54.309710602666932],[26.105573594706893,54.047932822997922],[25.656944361234121,54.106738631193309],[25.757934403269061,54.368941452005267]]]}},
{"type":"Feature","properties":{"Tile_ID":"X0058_Y0034","Tile_X":58,"Tile_Y":34,"TOTAL_SCENES":584,"TILE_SIZE":2.31},"geometry":{"type":"Polygon","coordinates":[[[8.043544882752908,55.084342187874668],[8.513046446977839,55.09077672269985],[8.522869133472387,54.821251194657883],[8.056465708625851,54.814865135952985],[8.043544882752908,55.084342187874668]]]}},
{"type":"Feature","properties":{"Tile_ID":"X0059_Y0034","Tile_X":59,"Tile_Y":34,"TOTAL_SCENES":406,"TILE_SIZE":2.83},"geometry":{"type":"Polygon","coordinates":[[[8.513046446977839,55.09077672269985],[8.982668051662788,55.095456607501113],[8.989389724897389,54.825895811273234],[8.522869133472387,54.821251194657883],[8.513046446977839,55.09077672269985]]]}},
{"type":"Feature","properties":{"Tile_ID":"X0060_Y0034","Tile_X":60,"Tile_Y":34,"TOTAL_SCENES":413,"TILE_SIZE":2.96},"geometry":{"type":"Polygon","coordinates":[[[8.982668051662788,55.095456607501113],[9.452371822478458,55.098381232314303],[9.455990514681076,54.828798390987842],[8.989389724897389,54.825895811273234],[8.982668051662788,55.095456607501113]]]}},
{"type":"Feature","properties":{"Tile_ID":"X0061_Y0034","Tile_X":61,"Tile_Y":34,"TOTAL_SCENES":637,"TILE_SIZE":2.98},"geometry":{"type":"Polygon","coordinates":[[[9.452371822478458,55.098381232314303],[9.92211983591838,55.099550215776425],[9.922634487321057,54.829958561915703],[9.455990514681076,54.828798390987842],[9.452371822478458,55.098381232314303]]]}},
{"type":"Feature","properties":{"Tile_ID":"X0062_Y0034","Tile_X":62,"Tile_Y":34,"TOTAL_SCENES":456,"TILE_SIZE":2.86},"geometry":{"type":"Polygon","coordinates":[[[9.92211983591838,55.099550215776425],[10.391874141983902,55.098963405417571],[10.389284601843706,54.829376175376517],[9.922634487321057,54.829958561915703],[9.92211983591838,55.099550215776425]]]}},
{"type":"Feature","properties":{"Tile_ID":"X0063_Y0034","Tile_X":63,"Tile_Y":34,"TOTAL_SCENES":448,"TILE_SIZE":3.05},"geometry":{"type":"Polygon","coordinates":[[[10.391874141983902,55.098963405417571],[10.861596786907679,55.096620877777838],[10.855903813651961,54.827051306007917],[10.389284601843706,54.829376175376517],[10.391874141983902,55.098963405417571]]]}},
{"type":"Feature","properties":{"Tile_ID":"X0064_Y0034","Tile_X":64,"Tile_Y":34,"TOTAL_SCENES":636,"TILE_SIZE":2.8},"geometry":{"type":"Polygon","coordinates":[[[10.861596786907679,55.096620877777838],[11.331249835882629,55.092522938348502],[11.322455096378292,54.822984251709116],[10.855903813651961,54.827051306007917],[10.861596786907679,55.096620877777838]]]}},
{"type":"Feature","properties":{"Tile_ID":"X0065_Y0034","Tile_X":65,"Tile_Y":34,"TOTAL_SCENES":571,"TILE_SIZE":2.59},"geometry":{"type":"Polygon","coordinates":[[[11.331249835882629,55.092522938348502],[11.800795395763352,55.086670121338294],[11.788901463711612,54.817175533416147],[11.322455096378292,54.822984251709116],[11.331249835882629,55.092522938348502]]]}},
{"type":"Feature","properties":{"Tile_ID":"X0066_Y0034","Tile_X":66,"Tile_Y":34,"TOTAL_SCENES":429,"TILE_SIZE":2.95},"geometry":{"type":"Polygon","coordinates":[[[11.800795395763352,55.086670121338294],[12.270195637707006,55.079063189264424],[12.255205991166918,54.809625894709072],[11.788901463711612,54.817175533416147],[11.800795395763352,55.086670121338294]]]}},
{"type":"Feature","properties":{"Tile_ID":"X0067_Y0034","Tile_X":67,"Tile_Y":34,"TOTAL_SCENES":494,"TILE_SIZE":2.6},"geometry":{"type":"Polygon","coordinates":[[[12.270195637707006,55.079063189264424],[12.739412819720922,55.069703132369753],[12.721331837766618,54.800336301251825],[12.255205991166918,54.809625894709072],[12.270195637707006,55.079063189264424]]]}},
{"type":"Feature","properties":{"Tile_ID":"X0072_Y0034","Tile_X":72,"Tile_Y":34,"TOTAL_SCENES":440,"TILE_SIZE":2.38},"geometry":{"type":"Polygon","coordinates":[[[14.613700399319461,55.014759384687451],[15.081440751335604,54.99665646521192],[15.047999972432939,54.727838251436822],[14.583315721873996,54.745805420826841],[14.613700399319461,55.014759384687451]]]}},
{"type":"Feature","properties":{"Tile_ID":"X0077_Y0034","Tile_X":77,"Tile_Y":34,"TOTAL_SCENES":597,"TILE_SIZE":2.43},"geometry":{"type":"Polygon","coordinates":[[[16.947973854808456,54.906846852435983],[17.413319509560356,54.880059351555204],[17.364760166174662,54.612112146362762],[16.902413836489391,54.638700046572332],[16.947973854808456,54.906846852435983]]]}},
{"type":"Feature","properties":{"Tile_ID":"X0078_Y0034","Tile_X":78,"Tile_Y":34,"TOTAL_SCENES":504,"TILE_SIZE":2.78},"geometry":{"type":"Polygon","coordinates":[[[17.413319509560356,54.880059351555204],[17.878078934312512,54.851544311718875],[17.826534097816971,54.583809247636985],[17.364760166174662,54.612112146362762],[17.413319509560356,54.880059351555204]]]}},
{"type":"Feature","properties":{"Tile_ID":"X0079_Y0034","Tile_X":79,"Tile_Y":34,"TOTAL_SCENES":388,"TILE_SIZE":2.95},"geometry":{"type":"Polygon","coordinates":[[[17.878078934312512,54.851544311718875],[18.342217111046438,54.821305349203023],[18.287701410832465,54.553794878526574],[17.826534097816971,54.583809247636985],[17.878078934312512,54.851544311718875]]]}},
{"type":"Feature","properties":{"Tile_ID":"X0080_Y0034","Tile_X":80,"Tile_Y":34,"TOTAL_SCENES":455,"TILE_SIZE":2.64},"geometry":{"type":"Polygon","coordinates":[[[18.342217111046438,54.821305349203023],[18.805699379128864,54.789346285412712],[18.748228228617528,54.522072767521244],[18.287701410832465,54.553794878526574],[18.342217111046438,54.821305349203023]]]}},
{"type":"Feature","properties":{"Tile_ID":"X0081_Y0034","Tile_X":81,"Tile_Y":34,"TOTAL_SCENES":590,"TILE_SIZE":2.28},"geometry":{"type":"Polygon","coordinates":[[[18.805699379128864,54.789346285412712],[19.268491453401971,54.755671144089924],[19.208081036007588,54.488646840781961],[18.748228228617528,54.522072767521244],[18.805699379128864,54.789346285412712]]]}},
{"type":"Feature","properties":{"Tile_ID":"X0083_Y0034","Tile_X":83,"Tile_Y":34,"TOTAL_SCENES":439,"TILE_SIZE":2.78},"geometry":{"type":"Polygon","coordinates":[[[19.730559441763848,54.720284148389418],[20.191869862219345,54.683189717828036],[20.125632467489211,54.416700216098185],[19.667226696252452,54.453521219327534],[19.730559441763848,54.720284148389418]]]}},
{"type":"Feature","properties":{"Tile_ID":"X0084_Y0034","Tile_X":84,"Tile_Y":34,"TOTAL_SCENES":585,"TILE_SIZE":2.77},"geometry":{"type":"Polygon","coordinates":[[[20.191869862219345,54.683189717828036],[20.652389659383189,54.644392465111679],[20.583266018695316,54.378188332901388],[20.125632467489211,54.416700216098185],[20.191869862219345,54.683189717828036]]]}},
{"type":"Feature","properties":{"Tile_ID":"X0085_Y0034","Tile_X":85,"Tile_Y":34,"TOTAL_SCENES":384,"TILE_SIZE":2.88},"geometry":{"type":"Polygon","coordinates":[[[20.652389659383189,54.644392465111679],[21.112086220418128,54.603897192845139],[21.040095445105454,54.337990257244108],[20.583266018695316,54.378188332901388],[20.652389659383189,54.644392465111679]]]}},
{"type":"Feature","properties":{"Tile_ID":"X0086_Y0034","Tile_X":86,"Tile_Y":34,"TOTAL_SCENES":385,"TILE_SIZE":2.87},"geometry":{"type":"Polygon","coordinates":[[[21.112086220418128,54.603897192845139],[21.570927390392665,54.5617088901298],[21.4960892830772,54.296110859056469],[21.040095445105454,54.337990257244108],[21.112086220418128,54.603897192845139]]]}},
{"type":"Feature","properties":{"Tile_ID":"X0087_Y0034","Tile_X":87,"Tile_Y":34,"TOTAL_SCENES":540,"TILE_SIZE":2.62},"geometry":{"type":"Polygon","coordinates":[[[21.570927390392665,54.5617088901298],[22.028881487043879,54.517832729054255],[21.951216524391775,54.252555187311707],[21.4960892830772,54.296110859056469],[21.570927390392665,54.5617088901298]]]}},
{"type":"Feature","properties":{"Tile_ID":"X0088_Y0034","Tile_X":88,"Tile_Y":34,"TOTAL_SCENES":345,"TILE_SIZE":2.61},"geometry":{"type":"Polygon","coordinates":[[[22.028881487043879,54.517832729054255],[22.485917314932742,54.47227406108324],[22.405446629977309,54.207328466547366],[21.951216524391775,54.252555187311707],[22.028881487043879,54.517832729054255]]]}},
{"type":"Feature","properties":{"Tile_ID":"X0089_Y0034","Tile_X":89,"Tile_Y":34,"TOTAL_SCENES":323,"TILE_SIZE":2.46},"geometry":{"type":"Polygon","coordinates":[[[22.485917314932742,54.47227406108324],[22.942004178980042,54.425038413350158],[22.858749543043668,54.160436093292951],[22.405446629977309,54.207328466547366],[22.485917314932742,54.47227406108324]]]}},
{"type":"Feature","properties":{"Tile_ID":"X0090_Y0034","Tile_X":90,"Tile_Y":34,"TOTAL_SCENES":499,"TILE_SIZE":2.53},"geometry":{"type":"Polygon","coordinates":[[[22.942004178980042,54.425038413350158],[23.397111897373247,54.376131484858632],[23.311095701618996,54.111883632409118],[22.858749543043668,54.160436093292951],[22.942004178980042,54.425038413350158]]]}},
{"type":"Feature","properties":{"Tile_ID":"X0091_Y0034","Tile_X":91,"Tile_Y":34,"TOTAL_SCENES":370,"TILE_SIZE":2.68},"geometry":{"type":"Polygon","coordinates":[[[23.397111897373247,54.376131484858632],[23.85121081383533,54.325559142598735],[23.762456050479315,54.061676813343539],[23.311095701618996,54.111883632409118],[23.397111897373247,54.376131484858632]]]}},
{"type":"Feature","properties":{"Tile_ID":"X0092_Y0034","Tile_X":92,"Tile_Y":34,"TOTAL_SCENES":365,"TILE_SIZE":2.69},"geometry":{"type":"Polygon","coordinates":[[[23.85121081383533,54.325559142598735],[24.304271809248451,54.273327417583133],[24.212802052464294,54.009821526308869],[23.762456050479315,54.061676813343539],[23.85121081383533,54.325559142598735]]]}},
{"type":"Feature","properties":{"Tile_ID":"X0093_Y0034","Tile_X":93,"Tile_Y":34,"TOTAL_SCENES":398,"TILE_SIZE":2.49},"geometry":{"type":"Polygon","coordinates":[[[24.304271809248451,54.273327417583133],[24.756266312626469,54.219442500809038],[24.662105699173075,53.95632381838815],[24.212802052464294,54.009821526308869],[24.304271809248451,54.273327417583133]]]}},
{"type":"Feature","properties":{"Tile_ID":"X0094_Y0034","Tile_X":94,"Tile_Y":34,"TOTAL_SCENES":470,"TILE_SIZE":2.55},"geometry":{"type":"Polygon","coordinates":[[[24.756266312626469,54.219442500809038],[25.207166311431912,54.163910739151483],[25.110339521035758,53.901189889572862],[24.662105699173075,53.95632381838815],[24.756266312626469,54.219442500809038]]]}},
{"type":"Feature","properties":{"Tile_ID":"X0058_Y0035","Tile_X":58,"Tile_Y":35,"TOTAL_SCENES":458,"TILE_SIZE":2.35},"geometry":{"type":"Polygon","coordinates":[[[8.056465708625851,54.814865135952985],[8.522869133472387,54.821251194657883],[8.532536971129774,54.551729591916185],[8.06918291465691,54.545391224212587],[8.056465708625851,54.814865135952985]]]}},
{"type":"Feature","properties":{"Tile_ID":"X0059_Y0035","Tile_X":59,"Tile_Y":35,"TOTAL_SCENES":389,"TILE_SIZE":2.79},"geometry":{"type":"Polygon","coordinates":[[[8.522869133472387,54.821251194657883],[8.989389724897389,54.825895811273234],[8.996005408689532,54.556339511791293],[8.532536971129774,54.551729591916185],[8.522869133472387,54.821251194657883]]]}},
{"type":"Feature","properties":{"Tile_ID":"X0060_Y0035","Tile_X":60,"Tile_Y":35,"TOTAL_SCENES":384,"TILE_SIZE":2.76},"geometry":{"type":"Polygon","coordinates":[[[8.989389724897389,54.825895811273234],[9.455990514681076,54.828798390987842],[9.459552137382865,54.559220403704778],[8.996005408689532,54.556339511791293],[8.989389724897389,54.825895811273234]]]}},
{"type":"Feature","properties":{"Tile_ID":"X0061_Y0035","Tile_X":61,"Tile_Y":35,"TOTAL_SCENES":586,"TILE_SIZE":2.96},"geometry":{"type":"Polygon","coordinates":[[[9.455990514681076,54.828798390987842],[9.922634487321057,54.829958561915703],[9.923141021781429,54.560371904950465],[9.459552137382865,54.559220403704778],[9.455990514681076,54.828798390987842]]]}},
{"type":"Feature","properties":{"Tile_ID":"X0062_Y0035","Tile_X":62,"Tile_Y":35,"TOTAL_SCENES":446,"TILE_SIZE":2.7},"geometry":{"type":"Polygon","coordinates":[[[9.922634487321057,54.829958561915703],[10.389284601843706,54.829376175376517],[10.386735901959694,54.559793870518789],[9.923141021781429,54.560371904950465],[9.922634487321057,54.829958561915703]]]}},
{"type":"Feature","properties":{"Tile_ID":"X0063_Y0035","Tile_X":63,"Tile_Y":35,"TOTAL_SCENES":440,"TILE_SIZE":2.51},"geometry":{"type":"Polygon","coordinates":[[[10.389284601843706,54.829376175376517],[10.855903813651961,54.827051306007917],[10.850300614507276,54.55748637320459],[10.386735901959694,54.559793870518789],[10.389284601843706,54.829376175376517]]]}},
{"type":"Feature","properties":{"Tile_ID":"X0064_Y0035","Tile_X":64,"Tile_Y":35,"TOTAL_SCENES":633,"TILE_SIZE":2.53},"geometry":{"type":"Polygon","coordinates":[[[10.855903813651961,54.827051306007917],[11.322455096378292,54.822984251709116],[11.313799013546154,54.553449703553092],[10.850300614507276,54.55748637320459],[10.855903813651961,54.827051306007917]]]}},
{"type":"Feature","properties":{"Tile_ID":"X0065_Y0035","Tile_X":65,"Tile_Y":35,"TOTAL_SCENES":400,"TILE_SIZE":2.84},"geometry":{"type":"Polygon","coordinates":[[[11.322455096378292,54.822984251709116],[11.788901463711612,54.817175533416147],[11.777194991723242,54.547684369643754],[11.313799013546154,54.553449703553092],[11.322455096378292,54.822984251709116]]]}},
{"type":"Feature","properties":{"Tile_ID":"X0066_Y0035","Tile_X":66,"Tile_Y":35,"TOTAL_SCENES":399,"TILE_SIZE":2.61},"geometry":{"type":"Polygon","coordinates":[[[11.788901463711612,54.817175533416147],[12.255205991166918,54.809625894709072],[12.240452501148713,54.540191096712746],[11.777194991723242,54.547684369643754],[11.788901463711612,54.817175533416147]]]}},
{"type":"Feature","properties":{"Tile_ID":"X0068_Y0035","Tile_X":68,"Tile_Y":35,"TOTAL_SCENES":506,"TILE_SIZE":2.26},"geometry":{"type":"Polygon","coordinates":[[[12.721331837766618,54.800336301251825],[13.187242267602784,54.789307940065498],[13.166408344517446,54.520024717123569],[12.703535574250735,54.530970826614585],[12.721331837766618,54.800336301251825]]]}},
{"type":"Feature","properties":{"Tile_ID":"X0069_Y0035","Tile_X":69,"Tile_Y":35,"TOTAL_SCENES":418,"TILE_SIZE":2.64},"geometry":{"type":"Polygon","coordinates":[[[13.187242267602784,54.789307940065498],[13.652900671249787,54.776542218636507],[13.629035067097298,54.507354141076533],[13.166408344517446,54.520024717123569],[13.187242267602784,54.789307940065498]]]}},
{"type":"Feature","properties":{"Tile_ID":"X0070_Y0035","Tile_X":70,"Tile_Y":35,"TOTAL_SCENES":455,"TILE_SIZE":2.33},"geometry":{"type":"Polygon","coordinates":[[[13.652900671249787,54.776542218636507],[14.1182705869973,54.762040763860917],[14.091380139229267,54.492960685357957],[13.629035067097298,54.507354141076533],[13.652900671249787,54.776542218636507]]]}},
{"type":"Feature","properties":{"Tile_ID":"X0075_Y0035","Tile_X":75,"Tile_Y":35,"TOTAL_SCENES":425,"TILE_SIZE":2.38},"geometry":{"type":"Polygon","coordinates":[[[15.976142477249104,54.686717755904048],[16.439529655402755,54.663569623047536],[16.397647122182718,54.395220575646505],[15.937237967684723,54.418197225282952],[15.976142477249104,54.686717755904048]]]}},
{"type":"Feature","properties":{"Tile_ID":"X0076_Y0035","Tile_X":76,"Tile_Y":35,"TOTAL_SCENES":403,"TILE_SIZE":2.81},"geometry":{"type":"Polygon","coordinates":[[[16.439529655402755,54.663569623047536],[16.902413836489391,54.638700046572332],[16.857565109270571,54.370534986449051],[16.397647122182718,54.395220575646505],[16.439529655402755,54.663569623047536]]]}},
{"type":"Feature","properties":{"Tile_ID":"X0077_Y0035","Tile_X":77,"Tile_Y":35,"TOTAL_SCENES":547,"TILE_SIZE":2.67},"geometry":{"type":"Polygon","coordinates":[[[16.902413836489391,54.638700046572332],[17.364760166174662,54.612112146362762],[17.316957872829292,54.344143501678602],[16.857565109270571,54.370534986449051],[16.902413836489391,54.638700046572332]]]}},
{"type":"Feature","properties":{"Tile_ID":"X0078_Y0035","Tile_X":78,"Tile_Y":35,"TOTAL_SCENES":366,"TILE_SIZE":2.79},"geometry":{"type":"Polygon","coordinates":[[[17.364760166174662,54.612112146362762],[17.826534097816971,54.583809247636985],[17.775791652906491,54.316049365834118],[17.316957872829292,54.344143501678602],[17.364760166174662,54.612112146362762]]]}},
{"type":"Feature","properties":{"Tile_ID":"X0079_Y0035","Tile_X":79,"Tile_Y":35,"TOTAL_SCENES":354,"TILE_SIZE":2.74},"geometry":{"type":"Polygon","coordinates":[[[17.826534097816971,54.583809247636985],[18.287701410832465,54.553794878526574],[18.234033003428937,54.286256021597019],[17.775791652906491,54.316049365834118],[17.826534097816971,54.583809247636985]]]}},
{"type":"Feature","properties":{"Tile_ID":"X0080_Y0035","Tile_X":80,"Tile_Y":35,"TOTAL_SCENES":498,"TILE_SIZE":3.0},"geometry":{"type":"Polygon","coordinates":[[[18.287701410832465,54.553794878526574],[18.748228228617528,54.522072767521244],[18.691648809495444,54.254767107372082],[18.234033003428937,54.286256021597019],[18.287701410832465,54.553794878526574]]]}},
{"type":"Feature","properties":{"Tile_ID":"X0081_Y0035","Tile_X":81,"Tile_Y":35,"TOTAL_SCENES":503,"TILE_SIZE":2.57},"geometry":{"type":"Polygon","coordinates":[[[18.748228228617528,54.522072767521244],[19.208081036007588,54.488646840781961],[19.148606304229929,54.221586454701828],[18.691648809495444,54.254767107372082],[18.748228228617528,54.522072767521244]]]}},
{"type":"Feature","properties":{"Tile_ID":"X0082_Y0035","Tile_X":82,"Tile_Y":35,"TOTAL_SCENES":418,"TILE_SIZE":2.77},"geometry":{"type":"Polygon","coordinates":[[[19.208081036007588,54.488646840781961],[19.667226696252452,54.453521219327534],[19.60487308517579,54.186718085558326],[19.148606304229929,54.221586454701828],[19.208081036007588,54.488646840781961]]]}},
{"type":"Feature","properties":{"Tile_ID":"X0083_Y0035","Tile_X":83,"Tile_Y":35,"TOTAL_SCENES":432,"TILE_SIZE":3.1},"geometry":{"type":"Polygon","coordinates":[[[19.667226696252452,54.453521219327534],[20.125632467489211,54.416700216098185],[20.060417130213391,54.150166209516478],[19.60487308517579,54.186718085558326],[19.667226696252452,54.453521219327534]]]}},
{"type":"Feature","properties":{"Tile_ID":"X0084_Y0035","Tile_X":84,"Tile_Y":35,"TOTAL_SCENES":541,"TILE_SIZE":2.6},"geometry":{"type":"Polygon","coordinates":[[[20.125632467489211,54.416700216098185],[20.583266018695316,54.378188332901388],[20.515206812984147,54.111935220813123],[20.060417130213391,54.150166209516478],[20.125632467489211,54.416700216098185]]]}},
{"type":"Feature","properties":{"Tile_ID":"X0085_Y0035","Tile_X":85,"Tile_Y":35,"TOTAL_SCENES":377,"TILE_SIZE":2.85},"geometry":{"type":"Polygon","coordinates":[[[20.583266018695316,54.378188332901388],[21.040095445105454,54.337990257244108],[20.969210917805409,54.072029695296472],[20.515206812984147,54.111935220813123],[20.583266018695316,54.378188332901388]]]}},
{"type":"Feature","properties":{"Tile_ID":"X0086_Y0035","Tile_X":86,"Tile_Y":35,"TOTAL_SCENES":382,"TILE_SIZE":2.88},"geometry":{"type":"Polygon","coordinates":[[[21.040095445105454,54.337990257244108],[21.4960892830772,54.296110859056469],[21.422398654061812,54.030454387270282],[20.969210917805409,54.072029695296472],[21.040095445105454,54.337990257244108]]]}},
{"type":"Feature","properties":{"Tile_ID":"X0087_Y0035","Tile_X":87,"Tile_Y":35,"TOTAL_SCENES":568,"TILE_SIZE":2.59},"geometry":{"type":"Polygon","coordinates":[[[21.4960892830772,54.296110859056469],[21.951216524391775,54.252555187311707],[21.874739670059775,53.987214226237505],[21.422398654061812,54.030454387270282],[21.4960892830772,54.296110859056469]]]}},
{"type":"Feature","properties":{"Tile_ID":"X0088_Y0035","Tile_X":88,"Tile_Y":35,"TOTAL_SCENES":366,"TILE_SIZE":2.7},"geometry":{"type":"Polygon","coordinates":[[[21.951216524391775,54.252555187311707],[22.405446629977309,54.207328466547366],[22.32620406633329,53.942314313548174],[21.874739670059775,53.987214226237505],[21.951216524391775,54.252555187311707]]]}},
{"type":"Feature","properties":{"Tile_ID":"X0089_Y0035","Tile_X":89,"Tile_Y":35,"TOTAL_SCENES":353,"TILE_SIZE":2.66},"geometry":{"type":"Polygon","coordinates":[[[22.405446629977309,54.207328466547366],[22.858749543043668,54.160436093292951],[22.776762408390109,53.895759918956358],[22.32620406633329,53.942314313548174],[22.405446629977309,54.207328466547366]]]}},
{"type":"Feature","properties":{"Tile_ID":"X0090_Y0035","Tile_X":90,"Tile_Y":35,"TOTAL_SCENES":551,"TILE_SIZE":2.45},"geometry":{"type":"Polygon","coordinates":[[[22.858749543043668,54.160436093292951],[23.311095701618996,54.111883632409118],[23.226385738888833,53.847556477090961],[22.776762408390109,53.895759918956358],[22.858749543043668,54.160436093292951]]]}},
{"type":"Feature","properties":{"Tile_ID":"X0091_Y0035","Tile_X":91,"Tile_Y":35,"TOTAL_SCENES":389,"TILE_SIZE":2.69},"geometry":{"type":"Polygon","coordinates":[[[23.311095701618996,54.111883632409118],[23.762456050479315,54.061676813343539],[23.67504558923866,53.797709583845709],[23.226385738888833,53.847556477090961],[23.311095701618996,54.111883632409118]]]}},
{"type":"Feature","properties":{"Tile_ID":"X0092_Y0035","Tile_X":92,"Tile_Y":35,"TOTAL_SCENES":393,"TILE_SIZE":2.8},"geometry":{"type":"Polygon","coordinates":[[[23.762456050479315,54.061676813343539],[24.212802052464294,54.009821526308869],[24.122713990614685,53.746224992692888],[23.67504558923866,53.797709583845709],[23.762456050479315,54.061676813343539]]]}},
{"type":"Feature","properties":{"Tile_ID":"X0093_Y0035","Tile_X":93,"Tile_Y":35,"TOTAL_SCENES":436,"TILE_SIZE":2.55},"geometry":{"type":"Polygon","coordinates":[[[24.212802052464294,54.009821526308869],[24.662105699173075,53.95632381838815],[24.569363484382961,53.693108610926174],[24.122713990614685,53.746224992692888],[24.212802052464294,54.009821526308869]]]}},
{"type":"Feature","properties":{"Tile_ID":"X0059_Y0036","Tile_X":59,"Tile_Y":36,"TOTAL_SCENES":381,"TILE_SIZE":2.71},"geometry":{"type":"Polygon","coordinates":[[[8.532536971129774,54.551729591916185],[8.996005408689532,54.556339511791293],[9.00251752426691,54.286786187350152],[8.542053496115912,54.282210405929497],[8.532536971129774,54.551729591916185]]]}},
{"type":"Feature","properties":{"Tile_ID":"X0060_Y0036","Tile_X":60,"Tile_Y":36,"TOTAL_SCENES":496,"TILE_SIZE":2.79},"geometry":{"type":"Polygon","coordinates":[[[8.996005408689532,54.556339511791293],[9.459552137382865,54.559220403704778],[9.463057994560446,54.2896457405284],[9.00251752426691,54.286786187350152],[8.996005408689532,54.556339511791293]]]}},
{"type":"Feature","properties":{"Tile_ID":"X0061_Y0036","Tile_X":61,"Tile_Y":36,"TOTAL_SCENES":526,"TILE_SIZE":2.97},"geometry":{"type":"Polygon","coordinates":[[[9.459552137382865,54.559220403704778],[9.923141021781429,54.560371904950465],[9.92363962477871,54.290788711652191],[9.463057994560446,54.2896457405284],[9.459552137382865,54.559220403704778]]]}},
{"type":"Feature","properties":{"Tile_ID":"X0062_Y0036","Tile_X":62,"Tile_Y":36,"TOTAL_SCENES":412,"TILE_SIZE":2.92},"geometry":{"type":"Polygon","coordinates":[[[9.923141021781429,54.560371904950465],[10.386735901959694,54.559793870518789],[10.384227109136352,54.290214959268376],[9.92363962477871,54.290788711652191],[9.923141021781429,54.560371904950465]]]}},
{"type":"Feature","properties":{"Tile_ID":"X0063_Y0036","Tile_X":63,"Tile_Y":36,"TOTAL_SCENES":457,"TILE_SIZE":2.65},"geometry":{"type":"Polygon","coordinates":[[[10.386735901959694,54.559793870518789],[10.850300614507276,54.55748637320459],[10.844785138495421,54.287924554386493],[10.384227109136352,54.290214959268376],[10.386735901959694,54.559793870518789]]]}},
{"type":"Feature","properties":{"Tile_ID":"X0064_Y0036","Tile_X":64,"Tile_Y":36,"TOTAL_SCENES":612,"TILE_SIZE":2.51},"geometry":{"type":"Polygon","coordinates":[[[10.850300614507276,54.55748637320459],[11.313799013546154,54.553449703553092],[11.305278420584965,54.283917780426556],[10.844785138495421,54.287924554386493],[10.850300614507276,54.55748637320459]]]}},
{"type":"Feature","properties":{"Tile_ID":"X0065_Y0036","Tile_X":65,"Tile_Y":36,"TOTAL_SCENES":411,"TILE_SIZE":2.32},"geometry":{"type":"Polygon","coordinates":[[[11.313799013546154,54.553449703553092],[11.777194991723242,54.547684369643754],[11.765671700197249,54.278195133011508],[11.305278420584965,54.283917780426556],[11.313799013546154,54.553449703553092]]]}},
{"type":"Feature","properties":{"Tile_ID":"X0067_Y0036","Tile_X":67,"Tile_Y":36,"TOTAL_SCENES":606,"TILE_SIZE":2.43},"geometry":{"type":"Polygon","coordinates":[[[12.240452501148713,54.540191096712746],[12.703535574250735,54.530970826614585],[12.686017537265144,54.261605258989363],[12.225929779332608,54.270757319604115],[12.240452501148713,54.540191096712746]]]}},
{"type":"Feature","properties":{"Tile_ID":"X0068_Y0036","Tile_X":68,"Tile_Y":36,"TOTAL_SCENES":409,"TILE_SIZE":2.81},"geometry":{"type":"Polygon","coordinates":[[[12.703535574250735,54.530970826614585],[13.166408344517446,54.520024717123569],[13.145899950501608,54.250740080602796],[12.686017537265144,54.261605258989363],[12.703535574250735,54.530970826614585]]]}},
{"type":"Feature","properties":{"Tile_ID":"X0069_Y0036","Tile_X":69,"Tile_Y":36,"TOTAL_SCENES":398,"TILE_SIZE":2.89},"geometry":{"type":"Polygon","coordinates":[[[13.166408344517446,54.520024717123569],[13.629035067097298,54.507354141076533],[13.605542112606122,54.238163123706165],[13.145899950501608,54.250740080602796],[13.166408344517446,54.520024717123569]]]}},
{"type":"Feature","properties":{"Tile_ID":"X0070_Y0036","Tile_X":70,"Tile_Y":36,"TOTAL_SCENES":521,"TILE_SIZE":2.33},"geometry":{"type":"Polygon","coordinates":[[[13.629035067097298,54.507354141076533],[14.091380139229267,54.492960685357957],[14.064909253863718,54.223875936411645],[13.605542112606122,54.238163123706165],[13.629035067097298,54.507354141076533]]]}},
{"type":"Feature","properties":{"Tile_ID":"X0074_Y0036","Tile_X":74,"Tile_Y":36,"TOTAL_SCENES":609,"TILE_SIZE":2.34},"geometry":{"type":"Polygon","coordinates":[[[15.476371979951125,54.439462094075864],[15.937237967684723,54.418197225282952],[15.898938085810752,54.14966308809305],[15.441015313688439,54.170771581344127],[15.476371979951125,54.439462094075864]]]}},
{"type":"Feature","properties":{"Tile_ID":"X0075_Y0036","Tile_X":75,"Tile_Y":36,"TOTAL_SCENES":418,"TILE_SIZE":2.88},"geometry":{"type":"Polygon","coordinates":[[[15.937237967684723,54.418197225282952],[16.397647122182718,54.395220575646505],[16.356414712960458,54.126855193223221],[15.898938085810752,54.14966308809305],[15.937237967684723,54.418197225282952]]]}},
{"type":"Feature","properties":{"Tile_ID":"X0076_Y0036","Tile_X":76,"Tile_Y":36,"TOTAL_SCENES":390,"TILE_SIZE":2.94},"geometry":{"type":"Polygon","coordinates":[[[16.397647122182718,54.395220575646505],[16.857565109270571,54.370534986449051],[16.813411646373218,54.102350669203027],[16.356414712960458,54.126855193223221],[16.397647122182718,54.395220575646505]]]}},
{"type":"Feature","properties":{"Tile_ID":"X0077_Y0036","Tile_X":77,"Tile_Y":36,"TOTAL_SCENES":567,"TILE_SIZE":2.62},"geometry":{"type":"Polygon","coordinates":[[[16.857565109270571,54.370534986449051],[17.316957872829292,54.344143501678602],[17.269895604972959,54.076152486441089],[16.813411646373218,54.102350669203027],[16.857565109270571,54.370534986449051]]]}},
{"type":"Feature","properties":{"Tile_ID":"X0078_Y0036","Tile_X":78,"Tile_Y":36,"TOTAL_SCENES":364,"TILE_SIZE":2.73},"geometry":{"type":"Polygon","coordinates":[[[17.316957872829292,54.344143501678602],[17.775791652906491,54.316049365834118],[17.725833592837166,54.048263811174415],[17.269895604972959,54.076152486441089],[17.316957872829292,54.344143501678602]]]}},
{"type":"Feature","properties":{"Tile_ID":"X0079_Y0036","Tile_X":79,"Tile_Y":36,"TOTAL_SCENES":369,"TILE_SIZE":2.81},"geometry":{"type":"Polygon","coordinates":[[[17.775791652906491,54.316049365834118],[18.234033003428937,54.286256021597019],[18.181192916284225,54.018688003227481],[17.725833592837166,54.048263811174415],[17.775791652906491,54.316049365834118]]]}},
{"type":"Feature","properties":{"Tile_ID":"X0080_Y0036","Tile_X":80,"Tile_Y":36,"TOTAL_SCENES":566,"TILE_SIZE":2.68},"geometry":{"type":"Polygon","coordinates":[[[18.234033003428937,54.286256021597019],[18.691648809495444,54.254767107372082],[18.635941200562552,53.987428613645378],[18.181192916284225,54.018688003227481],[18.234033003428937,54.286256021597019]]]}},
{"type":"Feature","properties":{"Tile_ID":"X0081_Y0036","Tile_X":81,"Tile_Y":36,"TOTAL_SCENES":437,"TILE_SIZE":3.19},"geometry":{"type":"Polygon","coordinates":[[[18.691648809495444,54.254767107372082],[19.148606304229929,54.221586454701828],[19.090046406122497,53.954489382204656],[18.635941200562552,53.987428613645378],[18.691648809495444,54.254767107372082]]]}},
{"type":"Feature","properties":{"Tile_ID":"X0082_Y0036","Tile_X":82,"Tile_Y":36,"TOTAL_SCENES":421,"TILE_SIZE":3.09},"geometry":{"type":"Polygon","coordinates":[[[19.148606304229929,54.221586454701828],[19.60487308517579,54.186718085558326],[19.543476844452716,53.919874234805988],[19.090046406122497,53.954489382204656],[19.148606304229929,54.221586454701828]]]}},
{"type":"Feature","properties":{"Tile_ID":"X0083_Y0036","Tile_X":83,"Tile_Y":36,"TOTAL_SCENES":456,"TILE_SIZE":2.96},"geometry":{"type":"Polygon","coordinates":[[[19.60487308517579,54.186718085558326],[20.060417130213391,54.150166209516478],[19.996201193463961,53.883587280752046],[19.543476844452716,53.919874234805988],[19.60487308517579,54.186718085558326]]]}},
{"type":"Feature","properties":{"Tile_ID":"X0084_Y0036","Tile_X":84,"Tile_Y":36,"TOTAL_SCENES":533,"TILE_SIZE":2.69},"geometry":{"type":"Polygon","coordinates":[[[20.060417130213391,54.150166209516478],[20.515206812984147,54.111935220813123],[20.448188512404204,53.845632809915209],[19.996201193463961,53.883587280752046],[20.060417130213391,54.150166209516478]]]}},
{"type":"Feature","properties":{"Tile_ID":"X0085_Y0036","Tile_X":85,"Tile_Y":36,"TOTAL_SCENES":394,"TILE_SIZE":2.91},"geometry":{"type":"Polygon","coordinates":[[[20.515206812984147,54.111935220813123],[20.969210917805409,54.072029695296472],[20.899408256290155,53.806015289798935],[20.448188512404204,53.845632809915209],[20.515206812984147,54.111935220813123]]]}},
{"type":"Feature","properties":{"Tile_ID":"X0086_Y0036","Tile_X":86,"Tile_Y":36,"TOTAL_SCENES":407,"TILE_SIZE":3.0},"geometry":{"type":"Polygon","coordinates":[[[20.969210917805409,54.072029695296472],[21.422398654061812,54.030454387270282],[21.349830289841243,53.764739362497238],[20.899408256290155,53.806015289798935],[20.969210917805409,54.072029695296472]]]}},
{"type":"Feature","properties":{"Tile_ID":"X0087_Y0036","Tile_X":87,"Tile_Y":36,"TOTAL_SCENES":572,"TILE_SIZE":2.58},"geometry":{"type":"Polygon","coordinates":[[[21.422398654061812,54.030454387270282],[21.874739670059775,53.987214226237505],[21.799424900903446,53.721809841556841],[21.349830289841243,53.764739362497238],[21.422398654061812,54.030454387270282]]]}},
{"type":"Feature","properties":{"Tile_ID":"X0088_Y0036","Tile_X":88,"Tile_Y":36,"TOTAL_SCENES":394,"TILE_SIZE":2.84},"geometry":{"type":"Polygon","coordinates":[[[21.874739670059775,53.987214226237505],[22.32620406633329,53.942314313548174],[22.248162813351335,53.677231708746156],[21.799424900903446,53.721809841556841],[21.874739670059775,53.987214226237505]]]}},
{"type":"Feature","properties":{"Tile_ID":"X0089_Y0036","Tile_X":89,"Tile_Y":36,"TOTAL_SCENES":388,"TILE_SIZE":2.8},"geometry":{"type":"Polygon","coordinates":[[[22.32620406633329,53.942314313548174],[22.776762408390109,53.895759918956358],[22.696015199457872,53.631010110736185],[22.248162813351335,53.677231708746156],[22.32620406633329,53.942314313548174]]]}},
{"type":"Feature","properties":{"Tile_ID":"X0090_Y0036","Tile_X":90,"Tile_Y":36,"TOTAL_SCENES":565,"TILE_SIZE":2.5},"geometry":{"type":"Polygon","coordinates":[[[22.776762408390109,53.895759918956358],[23.226385738888833,53.847556477090961],[23.142953691722862,53.583150355697526],[22.696015199457872,53.631010110736185],[22.776762408390109,53.895759918956358]]]}},
{"type":"Feature","properties":{"Tile_ID":"X0091_Y0036","Tile_X":91,"Tile_Y":36,"TOTAL_SCENES":384,"TILE_SIZE":2.9},"geometry":{"type":"Polygon","coordinates":[[[23.226385738888833,53.847556477090961],[23.67504558923866,53.797709583845709],[23.588950394151759,53.533657909818608],[23.142953691722862,53.583150355697526],[23.226385738888833,53.847556477090961]]]}},
{"type":"Feature","properties":{"Tile_ID":"X0092_Y0036","Tile_X":92,"Tile_Y":36,"TOTAL_SCENES":394,"TILE_SIZE":2.88},"geometry":{"type":"Polygon","coordinates":[[[23.67504558923866,53.797709583845709],[24.122713990614685,53.746224992692888],[24.0339778929781,53.482538393749664],[23.588950394151759,53.533657909818608],[23.67504558923866,53.797709583845709]]]}},
{"type":"Feature","properties":{"Tile_ID":"X0057_Y0037","Tile_X":57,"Tile_Y":37,"TOTAL_SCENES":494,"TILE_SIZE":1.87},"geometry":{"type":"Polygon","coordinates":[[[7.621495656241971,54.267912633693243],[8.081701148575444,54.275918962178167],[8.094024916323628,54.006446859493543],[7.636771109198955,53.998499267995555],[7.621495656241971,54.267912633693243]]]}},
{"type":"Feature","properties":{"Tile_ID":"X0059_Y0037","Tile_X":59,"Tile_Y":37,"TOTAL_SCENES":403,"TILE_SIZE":2.61},"geometry":{"type":"Polygon","coordinates":[[[8.542053496115912,54.282210405929497],[9.00251752426691,54.286786187350152],[9.00892841892064,54.017234317317779],[8.551422136658223,54.012692128823545],[8.542053496115912,54.282210405929497]]]}},
{"type":"Feature","properties":{"Tile_ID":"X0060_Y0037","Tile_X":60,"Tile_Y":37,"TOTAL_SCENES":565,"TILE_SIZE":2.64},"geometry":{"type":"Polygon","coordinates":[[[9.00251752426691,54.286786187350152],[9.463057994560446,54.2896457405284],[9.466509350360836,54.020072872846733],[9.00892841892064,54.017234317317779],[9.00251752426691,54.286786187350152]]]}},
{"type":"Feature","properties":{"Tile_ID":"X0061_Y0037","Tile_X":61,"Tile_Y":37,"TOTAL_SCENES":396,"TILE_SIZE":2.93},"geometry":{"type":"Polygon","coordinates":[[[9.463057994560446,54.2896457405284],[9.92363962477871,54.290788711652191],[9.924130476126118,54.02120745021773],[9.466509350360836,54.020072872846733],[9.463057994560446,54.2896457405284]]]}},
{"type":"Feature","properties":{"Tile_ID":"X0062_Y0037","Tile_X":62,"Tile_Y":37,"TOTAL_SCENES":381,"TILE_SIZE":2.88},"geometry":{"type":"Polygon","coordinates":[[[9.92363962477871,54.290788711652191],[10.384227109136352,54.290214959268376],[10.38175731868383,54.020637911424217],[9.924130476126118,54.02120745021773],[9.92363962477871,54.290788711652191]]]}},
{"type":"Feature","properties":{"Tile_ID":"X0063_Y0037","Tile_X":63,"Tile_Y":37,"TOTAL_SCENES":455,"TILE_SIZE":2.81},"geometry":{"type":"Polygon","coordinates":[[[10.384227109136352,54.290214959268376],[10.844785138495421,54.287924554386493],[10.839355397275,54.018364325745466],[10.38175731868383,54.020637911424217],[10.384227109136352,54.290214959268376]]]}},
{"type":"Feature","properties":{"Tile_ID":"X0064_Y0037","Tile_X":64,"Tile_Y":37,"TOTAL_SCENES":576,"TILE_SIZE":2.39},"geometry":{"type":"Polygon","coordinates":[[[10.844785138495421,54.287924554386493],[11.305278420584965,54.283917780426556],[11.29689024737238,54.014386969696524],[10.839355397275,54.018364325745466],[10.844785138495421,54.287924554386493]]]}},
{"type":"Feature","properties":{"Tile_ID":"X0065_Y0037","Tile_X":65,"Tile_Y":37,"TOTAL_SCENES":426,"TILE_SIZE":2.44},"geometry":{"type":"Polygon","coordinates":[[[11.305278420584965,54.283917780426556],[11.765671700197249,54.278195133011508],[11.754327440116349,54.008706326828502],[11.29689024737238,54.014386969696524],[11.305278420584965,54.283917780426556]]]}},
{"type":"Feature","properties":{"Tile_ID":"X0066_Y0037","Tile_X":66,"Tile_Y":37,"TOTAL_SCENES":421,"TILE_SIZE":2.74},"geometry":{"type":"Polygon","coordinates":[[[11.765671700197249,54.278195133011508],[12.225929779332608,54.270757319604115],[12.211632601702149,54.001323087379404],[11.754327440116349,54.008706326828502],[11.765671700197249,54.278195133011508]]]}},
{"type":"Feature","properties":{"Tile_ID":"X0067_Y0037","Tile_X":67,"Tile_Y":37,"TOTAL_SCENES":551,"TILE_SIZE":2.5},"geometry":{"type":"Polygon","coordinates":[[[12.225929779332608,54.270757319604115],[12.686017537265144,54.261605258989363],[12.668771432692102,53.992238147776291],[12.211632601702149,54.001323087379404],[12.225929779332608,54.270757319604115]]]}},
{"type":"Feature","properties":{"Tile_ID":"X0068_Y0037","Tile_X":68,"Tile_Y":37,"TOTAL_SCENES":384,"TILE_SIZE":2.83},"geometry":{"type":"Polygon","coordinates":[[[12.686017537265144,54.261605258989363],[13.145899950501608,54.250740080602796],[13.125709727226635,53.981452609989304],[12.668771432692102,53.992238147776291],[12.686017537265144,54.261605258989363]]]}},
{"type":"Feature","properties":{"Tile_ID":"X0069_Y0037","Tile_X":69,"Tile_Y":37,"TOTAL_SCENES":403,"TILE_SIZE":2.85},"geometry":{"type":"Polygon","coordinates":[[[13.145899950501608,54.250740080602796],[13.605542112606122,54.238163123706165],[13.582413392108133,53.968967780738787],[13.125709727226635,53.981452609989304],[13.145899950501608,54.250740080602796]]]}},
{"type":"Feature","properties":{"Tile_ID":"X0070_Y0037","Tile_X":70,"Tile_Y":37,"TOTAL_SCENES":604,"TILE_SIZE":2.49},"geometry":{"type":"Polygon","coordinates":[[[13.605542112606122,54.238163123706165],[14.064909253863718,54.223875936411645],[14.038848465732116,53.954785170556619],[13.582413392108133,53.968967780738787],[13.605542112606122,54.238163123706165]]]}},
{"type":"Feature","properties":{"Tile_ID":"X0071_Y0037","Tile_X":71,"Tile_Y":37,"TOTAL_SCENES":441,"TILE_SIZE":2.46},"geometry":{"type":"Polygon","coordinates":[[[14.064909253863718,54.223875936411645],[14.52396676075616,54.207880274556103],[14.494981136840391,53.938906492703452],[14.038848465732116,53.954785170556619],[14.064909253863718,54.223875936411645]]]}},
{"type":"Feature","properties":{"Tile_ID":"X0072_Y0037","Tile_X":72,"Tile_Y":37,"TOTAL_SCENES":442,"TILE_SIZE":2.67},"geometry":{"type":"Polygon","coordinates":[[[14.52396676075616,54.207880274556103],[14.982680195223871,54.190178100427296],[14.950777763071573,53.921333661943244],[14.494981136840391,53.938906492703452],[14.52396676075616,54.207880274556103]]]}},
{"type":"Feature","properties":{"Tile_ID":"X0073_Y0037","Tile_X":73,"Tile_Y":37,"TOTAL_SCENES":508,"TILE_SIZE":2.97},"geometry":{"type":"Polygon","coordinates":[[[14.982680195223871,54.190178100427296],[15.441015313688439,54.170771581344127],[15.406204889284567,53.902068793177406],[14.950777763071573,53.921333661943244],[14.982680195223871,54.190178100427296]]]}},
{"type":"Feature","properties":{"Tile_ID":"X0074_Y0037","Tile_X":74,"Tile_Y":37,"TOTAL_SCENES":530,"TILE_SIZE":2.78},"geometry":{"type":"Polygon","coordinates":[[[15.441015313688439,54.170771581344127],[15.898938085810752,54.14966308809305],[15.861229265631444,53.881114199940342],[15.406204889284567,53.902068793177406],[15.441015313688439,54.170771581344127]]]}},
{"type":"Feature","properties":{"Tile_ID":"X0075_Y0037","Tile_X":75,"Tile_Y":37,"TOTAL_SCENES":395,"TILE_SIZE":2.96},"geometry":{"type":"Polygon","coordinates":[[[15.898938085810752,54.14966308809305],[16.356414712960458,54.126855193223221],[16.315817865356571,53.858472392759062],[15.861229265631444,53.881114199940342],[15.898938085810752,54.14966308809305]]]}},
{"type":"Feature","properties":{"Tile_ID":"X0076_Y0037","Tile_X":76,"Tile_Y":37,"TOTAL_SCENES":393,"TILE_SIZE":2.86},"geometry":{"type":"Polygon","coordinates":[[[16.356414712960458,54.126855193223221],[16.813411646373218,54.102350669203027],[16.769937902299652,53.834146077379145],[16.315817865356571,53.858472392759062],[16.356414712960458,54.126855193223221]]]}},
{"type":"Feature","properties":{"Tile_ID":"X0077_Y0037","Tile_X":77,"Tile_Y":37,"TOTAL_SCENES":566,"TILE_SIZE":2.58},"geometry":{"type":"Polygon","coordinates":[[[16.813411646373218,54.102350669203027],[17.269895604972959,54.076152486441089],[17.223556848081053,53.808138152859989],[16.769937902299652,53.834146077379145],[16.813411646373218,54.102350669203027]]]}},
{"type":"Feature","properties":{"Tile_ID":"X0078_Y0037","Tile_X":78,"Tile_Y":37,"TOTAL_SCENES":399,"TILE_SIZE":2.89},"geometry":{"type":"Polygon","coordinates":[[[17.269895604972959,54.076152486441089],[17.725833592837166,54.048263811174415],[17.676642448948428,53.780451709542241],[17.223556848081053,53.808138152859989],[17.269895604972959,54.076152486441089]]]}},
{"type":"Feature","properties":{"Tile_ID":"X0079_Y0037","Tile_X":79,"Tile_Y":37,"TOTAL_SCENES":391,"TILE_SIZE":2.88},"geometry":{"type":"Polygon","coordinates":[[[17.725833592837166,54.048263811174415],[18.181192916284225,54.018688003227481],[18.129162742264782,53.751090026890495],[17.676642448948428,53.780451709542241],[17.725833592837166,54.048263811174415]]]}},
{"type":"Feature","properties":{"Tile_ID":"X0080_Y0037","Tile_X":80,"Tile_Y":37,"TOTAL_SCENES":599,"TILE_SIZE":2.67},"geometry":{"type":"Polygon","coordinates":[[[18.181192916284225,54.018688003227481],[18.635941200562552,53.987428613645378],[18.581086072618575,53.720056571214457],[18.129162742264782,53.751090026890495],[18.181192916284225,54.018688003227481]]]}},
{"type":"Feature","properties":{"Tile_ID":"X0081_Y0037","Tile_X":81,"Tile_Y":37,"TOTAL_SCENES":424,"TILE_SIZE":3.12},"geometry":{"type":"Polygon","coordinates":[[[18.635941200562552,53.987428613645378],[19.090046406122497,53.954489382204656],[19.032381107537752,53.687354993272223],[18.581086072618575,53.720056571214457],[18.635941200562552,53.987428613645378]]]}},
{"type":"Feature","properties":{"Tile_ID":"X0082_Y0037","Tile_X":82,"Tile_Y":37,"TOTAL_SCENES":417,"TILE_SIZE":3.08},"geometry":{"type":"Polygon","coordinates":[[[19.090046406122497,53.954489382204656],[19.543476844452716,53.919874234805988],[19.483016852790289,53.652989125759163],[19.032381107537752,53.687354993272223],[19.090046406122497,53.954489382204656]]]}},
{"type":"Feature","properties":{"Tile_ID":"X0083_Y0037","Tile_X":83,"Tile_Y":37,"TOTAL_SCENES":494,"TILE_SIZE":2.92},"geometry":{"type":"Polygon","coordinates":[[[19.543476844452716,53.919874234805988],[19.996201193463961,53.883587280752046],[19.932962667254881,53.616962980685976],[19.483016852790289,53.652989125759163],[19.543476844452716,53.919874234805988]]]}},
{"type":"Feature","properties":{"Tile_ID":"X0084_Y0037","Tile_X":84,"Tile_Y":37,"TOTAL_SCENES":415,"TILE_SIZE":2.75},"geometry":{"type":"Polygon","coordinates":[[[19.996201193463961,53.883587280752046],[20.448188512404204,53.845632809915209],[20.382188277346437,53.579280746650277],[19.932962667254881,53.616962980685976],[19.996201193463961,53.883587280752046]]]}},
{"type":"Feature","properties":{"Tile_ID":"X0085_Y0037","Tile_X":85,"Tile_Y":37,"TOTAL_SCENES":410,"TILE_SIZE":2.96},"geometry":{"type":"Polygon","coordinates":[[[20.448188512404204,53.845632809915209],[20.899408256290155,53.806015289798935],[20.830663790981983,53.539946786004926],[20.382188277346437,53.579280746650277],[20.448188512404204,53.845632809915209]]]}},
{"type":"Feature","properties":{"Tile_ID":"X0086_Y0037","Tile_X":86,"Tile_Y":37,"TOTAL_SCENES":441,"TILE_SIZE":2.94},"geometry":{"type":"Polygon","coordinates":[[[20.899408256290155,53.806015289798935],[21.349830289841243,53.764739362497238],[21.278359711073765,53.498965631928144],[20.830663790981983,53.539946786004926],[20.899408256290155,53.806015289798935]]]}},
{"type":"Feature","properties":{"Tile_ID":"X0087_Y0037","Tile_X":87,"Tile_Y":37,"TOTAL_SCENES":552,"TILE_SIZE":2.35},"geometry":{"type":"Polygon","coordinates":[[[21.349830289841243,53.764739362497238],[21.799424900903446,53.721809841556841],[21.725246948537215,53.456341985398737],[21.278359711073765,53.498965631928144],[21.349830289841243,53.764739362497238]]]}},
{"type":"Feature","properties":{"Tile_ID":"X0088_Y0037","Tile_X":88,"Tile_Y":37,"TOTAL_SCENES":382,"TILE_SIZE":2.78},"geometry":{"type":"Polygon","coordinates":[[[21.799424900903446,53.721809841556841],[22.248162813351335,53.677231708746156],[22.171296834802675,53.412080712081419],[21.725246948537215,53.456341985398737],[21.799424900903446,53.721809841556841]]]}},
{"type":"Feature","properties":{"Tile_ID":"X0089_Y0037","Tile_X":89,"Tile_Y":37,"TOTAL_SCENES":385,"TILE_SIZE":2.83},"geometry":{"type":"Polygon","coordinates":[[[22.248162813351335,53.677231708746156],[22.696015199457872,53.631010110736185],[22.616481133820809,53.366186839126179],[22.171296834802675,53.412080712081419],[22.248162813351335,53.677231708746156]]]}},
{"type":"Feature","properties":{"Tile_ID":"X0090_Y0037","Tile_X":90,"Tile_Y":37,"TOTAL_SCENES":554,"TILE_SIZE":2.41},"geometry":{"type":"Polygon","coordinates":[[[22.696015199457872,53.631010110736185],[23.142953691722862,53.583150355697526],[23.060772053552682,53.318665551886248],[22.616481133820809,53.366186839126179],[22.696015199457872,53.631010110736185]]]}},
{"type":"Feature","properties":{"Tile_ID":"X0091_Y0037","Tile_X":91,"Tile_Y":37,"TOTAL_SCENES":355,"TILE_SIZE":2.74},"geometry":{"type":"Polygon","coordinates":[[[23.142953691722862,53.583150355697526],[23.588950394151759,53.533657909818608],[23.504142256936685,53.269522190559385],[23.060772053552682,53.318665551886248],[23.142953691722862,53.583150355697526]]]}},
{"type":"Feature","properties":{"Tile_ID":"X0092_Y0037","Tile_X":92,"Tile_Y":37,"TOTAL_SCENES":367,"TILE_SIZE":2.79},"geometry":{"type":"Polygon","coordinates":[[[23.588950394151759,53.533657909818608],[24.0339778929781,53.482538393749664],[23.946564872325407,53.218762246756626],[23.504142256936685,53.269522190559385],[23.588950394151759,53.533657909818608]]]}},
{"type":"Feature","properties":{"Tile_ID":"X0055_Y0038","Tile_X":55,"Tile_Y":38,"TOTAL_SCENES":384,"TILE_SIZE":1.76},"geometry":{"type":"Polygon","coordinates":[[[6.722830716788673,53.977501182428021],[7.179694985816833,53.988850318988582],[7.197637026767691,53.719504837106186],[6.743669949493566,53.708238158803155],[6.722830716788673,53.977501182428021]]]}},
{"type":"Feature","properties":{"Tile_ID":"X0056_Y0038","Tile_X":56,"Tile_Y":38,"TOTAL_SCENES":465,"TILE_SIZE":1.69},"geometry":{"type":"Polygon","coordinates":[[[7.179694985816833,53.988850318988582],[7.636771109198955,53.998499267995555],[7.651811032315465,53.729083640035761],[7.197637026767691,53.719504837106186],[7.179694985816833,53.988850318988582]]]}},
{"type":"Feature","properties":{"Tile_ID":"X0057_Y0038","Tile_X":57,"Tile_Y":38,"TOTAL_SCENES":513,"TILE_SIZE":2.29},"geometry":{"type":"Polygon","coordinates":[[[7.636771109198955,53.998499267995555],[8.094024916323628,54.006446859493543],[8.106158587408277,53.736973425897162],[7.651811032315465,53.729083640035761],[7.636771109198955,53.998499267995555]]]}},
{"type":"Feature","properties":{"Tile_ID":"X0058_Y0038","Tile_X":58,"Tile_Y":38,"TOTAL_SCENES":448,"TILE_SIZE":2.52},"geometry":{"type":"Polygon","coordinates":[[[8.094024916323628,54.006446859493543],[8.551422136658223,54.012692128823545],[8.560646217122601,53.743173253349561],[8.106158587408277,53.736973425897162],[8.094024916323628,54.006446859493543]]]}},
{"type":"Feature","properties":{"Tile_ID":"X0059_Y0038","Tile_X":59,"Tile_Y":38,"TOTAL_SCENES":459,"TILE_SIZE":2.88},"geometry":{"type":"Polygon","coordinates":[[[8.551422136658223,54.012692128823545],[9.00892841892064,54.017234317317779],[9.015240368799313,53.747682382074551],[8.560646217122601,53.743173253349561],[8.551422136658223,54.012692128823545]]]}},
{"type":"Feature","properties":{"Tile_ID":"X0060_Y0038","Tile_X":60,"Tile_Y":38,"TOTAL_SCENES":607,"TILE_SIZE":2.79},"geometry":{"type":"Polygon","coordinates":[[[9.00892841892064,54.017234317317779],[9.466509350360836,54.020072872846733],[9.469907430607066,53.750500273302407],[9.015240368799313,53.747682382074551],[9.00892841892064,54.017234317317779]]]}},
{"type":"Feature","properties":{"Tile_ID":"X0061_Y0038","Tile_X":61,"Tile_Y":38,"TOTAL_SCENES":430,"TILE_SIZE":3.08},"geometry":{"type":"Polygon","coordinates":[[[9.466509350360836,54.020072872846733],[9.924130476126118,54.02120745021773],[9.924613750185079,53.751626590195464],[9.469907430607066,53.750500273302407],[9.466509350360836,54.020072872846733]]]}},
{"type":"Feature","properties":{"Tile_ID":"X0062_Y0038","Tile_X":62,"Tile_Y":38,"TOTAL_SCENES":410,"TILE_SIZE":2.97},"geometry":{"type":"Polygon","coordinates":[[[9.924130476126118,54.02120745021773],[10.38175731868383,54.020637911424217],[10.379325653340327,53.75106119808801],[9.924613750185079,53.751626590195464],[9.924130476126118,54.02120745021773]]]}},
{"type":"Feature","properties":{"Tile_ID":"X0063_Y0038","Tile_X":63,"Tile_Y":38,"TOTAL_SCENES":578,"TILE_SIZE":2.74},"geometry":{"type":"Polygon","coordinates":[[[10.38175731868383,54.020637911424217],[10.839355397275,54.018364325745466],[10.834009462774077,53.748804164582204],[10.379325653340327,53.75106119808801],[10.38175731868383,54.020637911424217]]]}},
{"type":"Feature","properties":{"Tile_ID":"X0064_Y0038","Tile_X":64,"Tile_Y":38,"TOTAL_SCENES":425,"TILE_SIZE":2.92},"geometry":{"type":"Polygon","coordinates":[[[10.839355397275,54.018364325745466],[11.29689024737238,54.014386969696524],[11.288631516812583,53.744855759499849],[10.834009462774077,53.748804164582204],[10.839355397275,54.018364325745466]]]}},
{"type":"Feature","properties":{"Tile_ID":"X0065_Y0038","Tile_X":65,"Tile_Y":38,"TOTAL_SCENES":402,"TILE_SIZE":2.9},"geometry":{"type":"Polygon","coordinates":[[[11.29689024737238,54.014386969696524],[11.754327440116349,54.008706326828502],[11.7431581881168,53.739216454690329],[11.288631516812583,53.744855759499849],[11.29689024737238,54.014386969696524]]]}},
{"type":"Feature","properties":{"Tile_ID":"X0066_Y0038","Tile_X":66,"Tile_Y":38,"TOTAL_SCENES":431,"TILE_SIZE":2.8},"geometry":{"type":"Polygon","coordinates":[[[11.754327440116349,54.008706326828502],[12.211632601702149,54.001323087379404],[12.197555902345973,53.731886923694724],[11.7431581881168,53.739216454690329],[11.754327440116349,54.008706326828502]]]}},
{"type":"Feature","properties":{"Tile_ID":"X0067_Y0038","Tile_X":67,"Tile_Y":38,"TOTAL_SCENES":532,"TILE_SIZE":2.54},"geometry":{"type":"Polygon","coordinates":[[[12.211632601702149,54.001323087379404],[12.668771432692102,53.992238147776291],[12.651791156750118,53.722868041266764],[12.197555902345973,53.731886923694724],[12.211632601702149,54.001323087379404]]]}},
{"type":"Feature","properties":{"Tile_ID":"X0068_Y0038","Tile_X":68,"Tile_Y":38,"TOTAL_SCENES":414,"TILE_SIZE":2.93},"geometry":{"type":"Polygon","coordinates":[[[12.668771432692102,53.992238147776291],[13.125709727226635,53.981452609989304],[13.105830538666551,53.712160882751476],[12.651791156750118,53.722868041266764],[12.668771432692102,53.992238147776291]]]}},
{"type":"Feature","properties":{"Tile_ID":"X0069_Y0038","Tile_X":69,"Tile_Y":38,"TOTAL_SCENES":424,"TILE_SIZE":2.88},"geometry":{"type":"Polygon","coordinates":[[[13.125709727226635,53.981452609989304],[13.582413392108133,53.968967780738787],[13.559640743895903,53.699766723322249],[13.105830538666551,53.712160882751476],[13.125709727226635,53.981452609989304]]]}},
{"type":"Feature","properties":{"Tile_ID":"X0070_Y0038","Tile_X":70,"Tile_Y":38,"TOTAL_SCENES":615,"TILE_SIZE":2.63},"geometry":{"type":"Polygon","coordinates":[[[13.582413392108133,53.968967780738787],[14.038848465732116,53.954785170556619],[14.013188594933322,53.685687037077777],[13.559640743895903,53.699766723322249],[13.582413392108133,53.968967780738787]]]}},
{"type":"Feature","properties":{"Tile_ID":"X0071_Y0038","Tile_X":71,"Tile_Y":38,"TOTAL_SCENES":446,"TILE_SIZE":2.82},"geometry":{"type":"Polygon","coordinates":[[[14.038848465732116,53.954785170556619],[14.494981136840391,53.938906492703452],[14.46644105903097,53.669923496000095],[14.013188594933322,53.685687037077777],[14.038848465732116,53.954785170556619]]]}},
{"type":"Feature","properties":{"Tile_ID":"X0072_Y0038","Tile_X":72,"Tile_Y":38,"TOTAL_SCENES":443,"TILE_SIZE":3.09},"geometry":{"type":"Polygon","coordinates":[[[14.494981136840391,53.938906492703452],[14.950777763071573,53.921333661943244],[14.919365266068294,53.652477968775486],[14.46644105903097,53.669923496000095],[14.494981136840391,53.938906492703452]]]}},
{"type":"Feature","properties":{"Tile_ID":"X0073_Y0038","Tile_X":73,"Tile_Y":38,"TOTAL_SCENES":573,"TILE_SIZE":2.82},"geometry":{"type":"Polygon","coordinates":[[[14.950777763071573,53.921333661943244],[15.406204889284567,53.902068793177406],[15.371928526207011,53.633352519479949],[14.919365266068294,53.652477968775486],[14.950777763071573,53.921333661943244]]]}},
{"type":"Feature","properties":{"Tile_ID":"X0074_Y0038","Tile_X":74,"Tile_Y":38,"TOTAL_SCENES":420,"TILE_SIZE":2.87},"geometry":{"type":"Polygon","coordinates":[[[15.406204889284567,53.902068793177406],[15.861229265631444,53.881114199940342],[15.824098347308446,53.612549406131279],[15.371928526207011,53.633352519479949],[15.406204889284567,53.902068793177406]]]}},
{"type":"Feature","properties":{"Tile_ID":"X0075_Y0038","Tile_X":75,"Tile_Y":38,"TOTAL_SCENES":432,"TILE_SIZE":3.04},"geometry":{"type":"Polygon","coordinates":[[[15.861229265631444,53.881114199940342],[16.315817865356571,53.858472392759062],[16.275842452091144,53.590071079110317],[15.824098347308446,53.612549406131279],[15.861229265631444,53.881114199940342]]]}},
{"type":"Feature","properties":{"Tile_ID":"X0076_Y0038","Tile_X":76,"Tile_Y":38,"TOTAL_SCENES":446,"TILE_SIZE":2.91},"geometry":{"type":"Polygon","coordinates":[[[16.315817865356571,53.858472392759062],[16.769937902299652,53.834146077379145],[16.727128795007605,53.565920179453144],[16.275842452091144,53.590071079110317],[16.315817865356571,53.858472392759062]]]}},
{"type":"Feature","properties":{"Tile_ID":"X0077_Y0038","Tile_X":77,"Tile_Y":38,"TOTAL_SCENES":528,"TILE_SIZE":2.46},"geometry":{"type":"Polygon","coordinates":[[[16.769937902299652,53.834146077379145],[17.223556848081053,53.808138152859989],[17.177925578819522,53.540099537017412],[16.727128795007605,53.565920179453144],[16.769937902299652,53.834146077379145]]]}},
{"type":"Feature","properties":{"Tile_ID":"X0078_Y0038","Tile_X":78,"Tile_Y":38,"TOTAL_SCENES":383,"TILE_SIZE":2.77},"geometry":{"type":"Polygon","coordinates":[[[17.223556848081053,53.808138152859989],[17.676642448948428,53.780451709542241],[17.62820127085164,53.512612168525393],[17.177925578819522,53.540099537017412],[17.223556848081053,53.808138152859989]]]}},
{"type":"Feature","properties":{"Tile_ID":"X0079_Y0038","Tile_X":79,"Tile_Y":38,"TOTAL_SCENES":393,"TILE_SIZE":2.75},"geometry":{"type":"Polygon","coordinates":[[[17.676642448948428,53.780451709542241],[18.129162742264782,53.751090026890495],[18.077924618905168,53.48346127548669],[17.62820127085164,53.512612168525393],[17.676642448948428,53.780451709542241]]]}},
{"type":"Feature","properties":{"Tile_ID":"X0080_Y0038","Tile_X":80,"Tile_Y":38,"TOTAL_SCENES":602,"TILE_SIZE":2.43},"geometry":{"type":"Polygon","coordinates":[[[18.129162742264782,53.751090026890495],[18.581086072618575,53.720056571214457],[18.527064666812432,53.4526502420036],[18.077924618905168,53.48346127548669],[18.129162742264782,53.751090026890495]]]}},
{"type":"Feature","properties":{"Tile_ID":"X0081_Y0038","Tile_X":81,"Tile_Y":38,"TOTAL_SCENES":416,"TILE_SIZE":2.96},"geometry":{"type":"Polygon","coordinates":[[[18.581086072618575,53.720056571214457],[19.032381107537752,53.687354993272223],[18.975590769615398,53.420182632462669],[18.527064666812432,53.4526502420036],[18.581086072618575,53.720056571214457]]]}},
{"type":"Feature","properties":{"Tile_ID":"X0082_Y0038","Tile_X":82,"Tile_Y":38,"TOTAL_SCENES":401,"TILE_SIZE":2.98},"geometry":{"type":"Polygon","coordinates":[[[19.032381107537752,53.687354993272223],[19.483016852790289,53.652989125759163],[19.423472608351418,53.386062189115663],[18.975590769615398,53.420182632462669],[19.032381107537752,53.687354993272223]]]}},
{"type":"Feature","properties":{"Tile_ID":"X0083_Y0038","Tile_X":83,"Tile_Y":38,"TOTAL_SCENES":521,"TILE_SIZE":2.53},"geometry":{"type":"Polygon","coordinates":[[[19.483016852790289,53.652989125759163],[19.932962667254881,53.616962980685976],[19.870680204430652,53.350292829553595],[19.423472608351418,53.386062189115663],[19.483016852790289,53.652989125759163]]]}},
{"type":"Feature","properties":{"Tile_ID":"X0084_Y0038","Tile_X":84,"Tile_Y":38,"TOTAL_SCENES":381,"TILE_SIZE":2.81},"geometry":{"type":"Polygon","coordinates":[[[19.932962667254881,53.616962980685976],[20.382188277346437,53.579280746650277],[20.317183933590343,53.312878644077323],[19.870680204430652,53.350292829553595],[19.932962667254881,53.616962980685976]]]}},
{"type":"Feature","properties":{"Tile_ID":"X0085_Y0038","Tile_X":85,"Tile_Y":38,"TOTAL_SCENES":379,"TILE_SIZE":2.67},"geometry":{"type":"Polygon","coordinates":[[[20.382188277346437,53.579280746650277],[20.830663790981983,53.539946786004926],[20.762954539412352,53.273823892968757],[20.317183933590343,53.312878644077323],[20.382188277346437,53.579280746650277]]]}},
{"type":"Feature","properties":{"Tile_ID":"X0086_Y0038","Tile_X":86,"Tile_Y":38,"TOTAL_SCENES":404,"TILE_SIZE":2.67},"geometry":{"type":"Polygon","coordinates":[[[20.830663790981983,53.539946786004926],[21.278359711073765,53.498965631928144],[21.207963146391013,53.23313300366646],[20.762954539412352,53.273823892968757],[20.830663790981983,53.539946786004926]]]}},
{"type":"Feature","properties":{"Tile_ID":"X0087_Y0038","Tile_X":87,"Tile_Y":38,"TOTAL_SCENES":472,"TILE_SIZE":2.34},"geometry":{"type":"Polygon","coordinates":[[[21.278359711073765,53.498965631928144],[21.725246948537215,53.456341985398737],[21.652181272539661,53.190810567849468],[21.207963146391013,53.23313300366646],[21.278359711073765,53.498965631928144]]]}},
{"type":"Feature","properties":{"Tile_ID":"X0088_Y0038","Tile_X":88,"Tile_Y":38,"TOTAL_SCENES":345,"TILE_SIZE":2.65},"geometry":{"type":"Polygon","coordinates":[[[21.725246948537215,53.456341985398737],[22.171296834802675,53.412080712081419],[22.095580841525049,53.146861338433837],[21.652181272539661,53.190810567849468],[21.725246948537215,53.456341985398737]]]}},
{"type":"Feature","properties":{"Tile_ID":"X0089_Y0038","Tile_X":89,"Tile_Y":38,"TOTAL_SCENES":366,"TILE_SIZE":2.74},"geometry":{"type":"Polygon","coordinates":[[[22.171296834802675,53.412080712081419],[22.616481133820809,53.366186839126179],[22.538134194319856,53.101290226485581],[22.095580841525049,53.146861338433837],[22.171296834802675,53.412080712081419]]]}},
{"type":"Feature","properties":{"Tile_ID":"X0090_Y0038","Tile_X":90,"Tile_Y":38,"TOTAL_SCENES":534,"TILE_SIZE":2.37},"geometry":{"type":"Polygon","coordinates":[[[22.616481133820809,53.366186839126179],[23.060772053552682,53.318665551886248],[22.979814100364624,53.054102298054651],[22.538134194319856,53.101290226485581],[22.616481133820809,53.366186839126179]]]}},
{"type":"Feature","properties":{"Tile_ID":"X0091_Y0038","Tile_X":91,"Tile_Y":38,"TOTAL_SCENES":353,"TILE_SIZE":2.7},"geometry":{"type":"Polygon","coordinates":[[[23.060772053552682,53.318665551886248],[23.504142256936685,53.269522190559385],[23.42059376823148,53.005302770934087],[22.979814100364624,53.054102298054651],[23.060772053552682,53.318665551886248]]]}},
{"type":"Feature","properties":{"Tile_ID":"X0092_Y0038","Tile_X":92,"Tile_Y":38,"TOTAL_SCENES":360,"TILE_SIZE":2.72},"geometry":{"type":"Polygon","coordinates":[[[23.504142256936685,53.269522190559385],[23.946564872325407,53.218762246756626],[23.860446855782889,52.954897011348471],[23.42059376823148,53.005302770934087],[23.504142256936685,53.269522190559385]]]}},
{"type":"Feature","properties":{"Tile_ID":"X0093_Y0038","Tile_X":93,"Tile_Y":38,"TOTAL_SCENES":502,"TILE_SIZE":2.36},"geometry":{"type":"Polygon","coordinates":[[[23.946564872325407,53.218762246756626],[24.388013503386894,53.166391360003537],[24.299347479819858,52.902890530576563],[23.860446855782889,52.954897011348471],[23.946564872325407,53.218762246756626]]]}},
{"type":"Feature","properties":{"Tile_ID":"X0051_Y0039","Tile_X":51,"Tile_Y":39,"TOTAL_SCENES":401,"TILE_SIZE":2.38},"geometry":{"type":"Polygon","coordinates":[[[4.930534108834277,53.646322488903955],[5.383342247824823,53.664325275932818],[5.412385567284446,53.395371975248658],[4.962403759500455,53.377498458503453],[4.930534108834277,53.646322488903955]]]}},
{"type":"Feature","properties":{"Tile_ID":"X0052_Y0039","Tile_X":52,"Tile_Y":39,"TOTAL_SCENES":432,"TILE_SIZE":2.34},"geometry":{"type":"Polygon","coordinates":[[[5.383342247824823,53.664325275932818],[5.836489503874959,53.680646739628465],[5.862698688031985,53.411576131201741],[5.412385567284446,53.395371975248658],[5.383342247824823,53.664325275932818]]]}},
{"type":"Feature","properties":{"Tile_ID":"X0053_Y0039","Tile_X":53,"Tile_Y":39,"TOTAL_SCENES":538,"TILE_SIZE":1.98},"geometry":{"type":"Polygon","coordinates":[[[5.836489503874959,53.680646739628465],[6.28994306469613,53.695284946365838],[6.313311056964942,53.426109038956568],[5.862698688031985,53.411576131201741],[5.836489503874959,53.680646739628465]]]}},
{"type":"Feature","properties":{"Tile_ID":"X0054_Y0039","Tile_X":54,"Tile_Y":39,"TOTAL_SCENES":379,"TILE_SIZE":2.34},"geometry":{"type":"Polygon","coordinates":[[[6.28994306469613,53.695284946365838],[6.743669949493566,53.708238158803155],[6.764190447004495,53.438969002749879],[6.313311056964942,53.426109038956568],[6.28994306469613,53.695284946365838]]]}},
{"type":"Feature","properties":{"Tile_ID":"X0055_Y0039","Tile_X":55,"Tile_Y":39,"TOTAL_SCENES":365,"TILE_SIZE":2.36},"geometry":{"type":"Polygon","coordinates":[[[6.743669949493566,53.708238158803155],[7.197637026767691,53.719504837106186],[7.215304485925538,53.450154519639746],[6.764190447004495,53.438969002749879],[6.743669949493566,53.708238158803155]]]}},
{"type":"Feature","properties":{"Tile_ID":"X0056_Y0039","Tile_X":56,"Tile_Y":39,"TOTAL_SCENES":547,"TILE_SIZE":2.28},"geometry":{"type":"Polygon","coordinates":[[[7.197637026767691,53.719504837106186],[7.651811032315465,53.729083640035761],[7.666620673700713,53.459664280552254],[7.215304485925538,53.450154519639746],[7.197637026767691,53.719504837106186]]]}},
{"type":"Feature","properties":{"Tile_ID":"X0057_Y0039","Tile_X":57,"Tile_Y":39,"TOTAL_SCENES":405,"TILE_SIZE":2.91},"geometry":{"type":"Polygon","coordinates":[[[7.651811032315465,53.729083640035761],[8.106158587408277,53.736973425897162],[8.118106400011953,53.467497171195333],[7.666620673700713,53.459664280552254],[7.651811032315465,53.729083640035761]]]}},
{"type":"Feature","properties":{"Tile_ID":"X0058_Y0039","Tile_X":58,"Tile_Y":39,"TOTAL_SCENES":429,"TILE_SIZE":2.89},"geometry":{"type":"Polygon","coordinates":[[[8.106158587408277,53.736973425897162],[8.560646217122601,53.743173253349561],[8.569728961906872,53.473652272837732],[8.118106400011953,53.467497171195333],[8.106158587408277,53.736973425897162]]]}},
{"type":"Feature","properties":{"Tile_ID":"X0059_Y0039","Tile_X":59,"Tile_Y":39,"TOTAL_SCENES":473,"TILE_SIZE":2.87},"geometry":{"type":"Polygon","coordinates":[[[8.560646217122601,53.743173253349561],[9.015240368799313,53.747682382074551],[9.021455581577214,53.478128862952282],[8.569728961906872,53.473652272837732],[8.560646217122601,53.743173253349561]]]}},
{"type":"Feature","properties":{"Tile_ID":"X0060_Y0039","Tile_X":60,"Tile_Y":39,"TOTAL_SCENES":557,"TILE_SIZE":2.73},"geometry":{"type":"Polygon","coordinates":[[[9.015240368799313,53.747682382074551],[9.469907430607066,53.750500273302407],[9.473253424235967,53.480926415722486],[9.021455581577214,53.478128862952282],[9.015240368799313,53.747682382074551]]]}},
{"type":"Feature","properties":{"Tile_ID":"X0061_Y0039","Tile_X":61,"Tile_Y":39,"TOTAL_SCENES":408,"TILE_SIZE":3.07},"geometry":{"type":"Polygon","coordinates":[[[9.469907430607066,53.750500273302407],[9.924613750185079,53.751626590195464],[9.925089616069789,53.482044602411385],[9.473253424235967,53.480926415722486],[9.469907430607066,53.750500273302407]]]}},
{"type":"Feature","properties":{"Tile_ID":"X0062_Y0039","Tile_X":62,"Tile_Y":39,"TOTAL_SCENES":413,"TILE_SIZE":3.05},"geometry":{"type":"Polygon","coordinates":[[[9.924613750185079,53.751626590195464],[10.379325653340327,53.75106119808801],[10.376931262243016,53.481483291592383],[9.925089616069789,53.482044602411385],[9.924613750185079,53.751626590195464]]]}},
{"type":"Feature","properties":{"Tile_ID":"X0063_Y0039","Tile_X":63,"Tile_Y":39,"TOTAL_SCENES":584,"TILE_SIZE":2.45},"geometry":{"type":"Polygon","coordinates":[[[10.379325653340327,53.75106119808801],[10.834009462774077,53.748804164582204],[10.828745464929499,53.479242549241526],[10.376931262243016,53.481483291592383],[10.379325653340327,53.75106119808801]]]}},
{"type":"Feature","properties":{"Tile_ID":"X0064_Y0039","Tile_X":64,"Tile_Y":39,"TOTAL_SCENES":381,"TILE_SIZE":2.74},"geometry":{"type":"Polygon","coordinates":[[[10.834009462774077,53.748804164582204],[11.288631516812583,53.744855759499849],[11.280499341348397,53.475322638691217],[10.828745464929499,53.479242549241526],[10.834009462774077,53.748804164582204]]]}},
{"type":"Feature","properties":{"Tile_ID":"X0065_Y0039","Tile_X":65,"Tile_Y":39,"TOTAL_SCENES":373,"TILE_SIZE":2.7},"geometry":{"type":"Polygon","coordinates":[[[11.288631516812583,53.744855759499849],[11.7431581881168,53.739216454690329],[11.732160041780062,53.469724020445256],[11.280499341348397,53.475322638691217],[11.288631516812583,53.744855759499849]]]}},
{"type":"Feature","properties":{"Tile_ID":"X0066_Y0039","Tile_X":66,"Tile_Y":39,"TOTAL_SCENES":520,"TILE_SIZE":2.46},"geometry":{"type":"Polygon","coordinates":[[[11.7431581881168,53.739216454690329],[12.197555902345973,53.731886923694724],[12.18369476753819,53.462447351855673],[11.732160041780062,53.469724020445256],[11.7431581881168,53.739216454690329]]]}},
{"type":"Feature","properties":{"Tile_ID":"X0067_Y0039","Tile_X":67,"Tile_Y":39,"TOTAL_SCENES":406,"TILE_SIZE":2.64},"geometry":{"type":"Polygon","coordinates":[[[12.197555902345973,53.731886923694724],[12.651791156750118,53.722868041266764],[12.635070788874526,53.453493486661799],[12.18369476753819,53.462447351855673],[12.197555902345973,53.731886923694724]]]}},
{"type":"Feature","properties":{"Tile_ID":"X0068_Y0039","Tile_X":68,"Tile_Y":39,"TOTAL_SCENES":390,"TILE_SIZE":2.8},"geometry":{"type":"Polygon","coordinates":[[[12.651791156750118,53.722868041266764],[13.105830538666551,53.712160882751476],[13.086255462792606,53.442863474392091],[12.635070788874526,53.453493486661799],[12.651791156750118,53.722868041266764]]]}},
{"type":"Feature","properties":{"Tile_ID":"X0069_Y0039","Tile_X":69,"Tile_Y":39,"TOTAL_SCENES":440,"TILE_SIZE":2.95},"geometry":{"type":"Polygon","coordinates":[[[13.105830538666551,53.712160882751476],[13.559640743895903,53.699766723322249],[13.537216250747175,53.430558559630249],[13.086255462792606,53.442863474392091],[13.105830538666551,53.712160882751476]]]}},
{"type":"Feature","properties":{"Tile_ID":"X0070_Y0039","Tile_X":70,"Tile_Y":39,"TOTAL_SCENES":571,"TILE_SIZE":2.44},"geometry":{"type":"Polygon","coordinates":[[[13.559640743895903,53.699766723322249],[14.013188594933322,53.685687037077777],[13.98792073620629,53.416580181145704],[13.537216250747175,53.430558559630249],[13.559640743895903,53.699766723322249]]]}},
{"type":"Feature","properties":{"Tile_ID":"X0071_Y0039","Tile_X":71,"Tile_Y":39,"TOTAL_SCENES":407,"TILE_SIZE":2.88},"geometry":{"type":"Polygon","coordinates":[[[14.013188594933322,53.685687037077777],[14.46644105903097,53.669923496000095],[14.438336642053361,53.400929970890999],[13.98792073620629,53.416580181145704],[14.013188594933322,53.685687037077777]]]}},
{"type":"Feature","properties":{"Tile_ID":"X0072_Y0039","Tile_X":72,"Tile_Y":39,"TOTAL_SCENES":410,"TILE_SIZE":2.95},"geometry":{"type":"Polygon","coordinates":[[[14.46644105903097,53.669923496000095],[14.919365266068294,53.652477968775486],[14.888431847806869,53.383609752866704],[14.438336642053361,53.400929970890999],[14.46644105903097,53.669923496000095]]]}},
{"type":"Feature","properties":{"Tile_ID":"X0073_Y0039","Tile_X":73,"Tile_Y":39,"TOTAL_SCENES":553,"TILE_SIZE":2.45},"geometry":{"type":"Polygon","coordinates":[[[14.919365266068294,53.652477968775486],[15.371928526207011,53.633352519479949],[15.338174406635881,53.364621541856174],[14.888431847806869,53.383609752866704],[14.919365266068294,53.652477968775486]]]}},
{"type":"Feature","properties":{"Tile_ID":"X0074_Y0039","Tile_X":74,"Tile_Y":39,"TOTAL_SCENES":384,"TILE_SIZE":2.74},"geometry":{"type":"Polygon","coordinates":[[[15.371928526207011,53.633352519479949],[15.824098347308446,53.612549406131279],[15.787532562149964,53.343967542031578],[15.338174406635881,53.364621541856174],[15.371928526207011,53.633352519479949]]]}},
{"type":"Feature","properties":{"Tile_ID":"X0075_Y0039","Tile_X":75,"Tile_Y":39,"TOTAL_SCENES":387,"TILE_SIZE":2.65},"geometry":{"type":"Polygon","coordinates":[[[15.824098347308446,53.612549406131279],[16.275842452091144,53.590071079110317],[16.236474764942766,53.321650145433836],[15.787532562149964,53.343967542031578],[15.824098347308446,53.612549406131279]]]}},
{"type":"Feature","properties":{"Tile_ID":"X0076_Y0039","Tile_X":76,"Tile_Y":39,"TOTAL_SCENES":439,"TILE_SIZE":2.44},"geometry":{"type":"Polygon","coordinates":[[[16.275842452091144,53.590071079110317],[16.727128795007605,53.565920179453144],[16.68496968886895,53.297671930328377],[16.236474764942766,53.321650145433836],[16.275842452091144,53.590071079110317]]]}},
{"type":"Feature","properties":{"Tile_ID":"X0077_Y0039","Tile_X":77,"Tile_Y":39,"TOTAL_SCENES":385,"TILE_SIZE":2.46},"geometry":{"type":"Polygon","coordinates":[[[16.727128795007605,53.565920179453144],[17.177925578819522,53.540099537017412],[17.132986247034935,53.272035659439361],[16.68496968886895,53.297671930328377],[16.727128795007605,53.565920179453144]]]}},
{"type":"Feature","properties":{"Tile_ID":"X0078_Y0039","Tile_X":78,"Tile_Y":39,"TOTAL_SCENES":339,"TILE_SIZE":2.58},"geometry":{"type":"Polygon","coordinates":[[[17.177925578819522,53.540099537017412],[17.62820127085164,53.512612168525393],[17.580493607484549,53.244744278064999],[17.132986247034935,53.272035659439361],[17.177925578819522,53.540099537017412]]]}},
{"type":"Feature","properties":{"Tile_ID":"X0079_Y0039","Tile_X":79,"Tile_Y":39,"TOTAL_SCENES":374,"TILE_SIZE":2.64},"geometry":{"type":"Polygon","coordinates":[[[17.62820127085164,53.512612168525393],[18.077924618905168,53.48346127548669],[18.027461208561395,53.215800912076666],[17.580493607484549,53.244744278064999],[17.62820127085164,53.512612168525393]]]}},
{"type":"Feature","properties":{"Tile_ID":"X0080_Y0039","Tile_X":80,"Tile_Y":39,"TOTAL_SCENES":539,"TILE_SIZE":2.43},"geometry":{"type":"Polygon","coordinates":[[[18.077924618905168,53.48346127548669],[18.527064666812432,53.4526502420036],[18.473858773930488,53.185208865804974],[18.027461208561395,53.215800912076666],[18.077924618905168,53.48346127548669]]]}},
{"type":"Feature","properties":{"Tile_ID":"X0081_Y0039","Tile_X":81,"Tile_Y":39,"TOTAL_SCENES":376,"TILE_SIZE":2.93},"geometry":{"type":"Polygon","coordinates":[[[18.527064666812432,53.4526502420036],[18.975590769615398,53.420182632462669],[18.919656327242578,53.152971619815638],[18.473858773930488,53.185208865804974],[18.527064666812432,53.4526502420036]]]}},
{"type":"Feature","properties":{"Tile_ID":"X0082_Y0039","Tile_X":82,"Tile_Y":39,"TOTAL_SCENES":365,"TILE_SIZE":2.85},"geometry":{"type":"Polygon","coordinates":[[[18.975590769615398,53.420182632462669],[19.423472608351418,53.386062189115663],[19.364824206425297,53.119092828578644],[18.919656327242578,53.152971619815638],[18.975590769615398,53.420182632462669]]]}},
{"type":"Feature","properties":{"Tile_ID":"X0083_Y0039","Tile_X":83,"Tile_Y":39,"TOTAL_SCENES":521,"TILE_SIZE":2.29},"geometry":{"type":"Polygon","coordinates":[[[19.423472608351418,53.386062189115663],[19.870680204430652,53.350292829553595],[19.809333077586196,53.083576318033913],[19.364824206425297,53.119092828578644],[19.423472608351418,53.386062189115663]]]}},
{"type":"Feature","properties":{"Tile_ID":"X0084_Y0039","Tile_X":84,"Tile_Y":39,"TOTAL_SCENES":362,"TILE_SIZE":2.77},"geometry":{"type":"Polygon","coordinates":[[[19.870680204430652,53.350292829553595],[20.317183933590343,53.312878644077323],[20.253153948513592,53.046426083057035],[19.809333077586196,53.083576318033913],[19.870680204430652,53.350292829553595]]]}},
{"type":"Feature","properties":{"Tile_ID":"X0085_Y0039","Tile_X":85,"Tile_Y":39,"TOTAL_SCENES":373,"TILE_SIZE":2.87},"geometry":{"type":"Polygon","coordinates":[[[20.317183933590343,53.312878644077323],[20.762954539412352,53.273823892968757],[20.696258181762108,53.007646284828624],[20.253153948513592,53.046426083057035],[20.317183933590343,53.312878644077323]]]}},
{"type":"Feature","properties":{"Tile_ID":"X0086_Y0039","Tile_X":86,"Tile_Y":39,"TOTAL_SCENES":418,"TILE_SIZE":2.63},"geometry":{"type":"Polygon","coordinates":[[[20.762954539412352,53.273823892968757],[21.207963146391013,53.23313300366646],[21.138617507310467,52.967241248111044],[20.696258181762108,53.007646284828624],[20.762954539412352,53.273823892968757]]]}},
{"type":"Feature","properties":{"Tile_ID":"X0087_Y0039","Tile_X":87,"Tile_Y":39,"TOTAL_SCENES":372,"TILE_SIZE":2.49},"geometry":{"type":"Polygon","coordinates":[[[21.207963146391013,53.23313300366646],[21.652181272539661,53.190810567849468],[21.58020403478049,52.925215458436348],[21.138617507310467,52.967241248111044],[21.207963146391013,53.23313300366646]]]}},
{"type":"Feature","properties":{"Tile_ID":"X0088_Y0039","Tile_X":88,"Tile_Y":39,"TOTAL_SCENES":370,"TILE_SIZE":2.88},"geometry":{"type":"Polygon","coordinates":[[[21.652181272539661,53.190810567849468],[22.095580841525049,53.146861338433837],[22.020990265206645,52.881573559209222],[21.58020403478049,52.925215458436348],[21.652181272539661,53.190810567849468]]]}},
{"type":"Feature","properties":{"Tile_ID":"X0089_Y0039","Tile_X":89,"Tile_Y":39,"TOTAL_SCENES":373,"TILE_SIZE":2.78},"geometry":{"type":"Polygon","coordinates":[[[22.095580841525049,53.146861338433837],[22.538134194319856,53.101290226485581],[22.460949102346962,52.836320348728975],[22.020990265206645,52.881573559209222],[22.095580841525049,53.146861338433837]]]}},
{"type":"Feature","properties":{"Tile_ID":"X0090_Y0039","Tile_X":90,"Tile_Y":39,"TOTAL_SCENES":522,"TILE_SIZE":2.37},"geometry":{"type":"Polygon","coordinates":[[[22.538134194319856,53.101290226485581],[22.979814100364624,53.054102298054651],[22.900053863526747,52.789460777134508],[22.460949102346962,52.836320348728975],[22.538134194319856,53.101290226485581]]]}},
{"type":"Feature","properties":{"Tile_ID":"X0091_Y0039","Tile_X":91,"Tile_Y":39,"TOTAL_SCENES":370,"TILE_SIZE":2.88},"geometry":{"type":"Polygon","coordinates":[[[22.979814100364624,53.054102298054651],[23.42059376823148,53.005302770934087],[23.338278290007555,52.740999943276606],[22.900053863526747,52.789460777134508],[22.979814100364624,53.054102298054651]]]}},
{"type":"Feature","properties":{"Tile_ID":"X0092_Y0039","Tile_X":92,"Tile_Y":39,"TOTAL_SCENES":369,"TILE_SIZE":2.8},"geometry":{"type":"Polygon","coordinates":[[[23.42059376823148,53.005302770934087],[23.860446855782889,52.954897011348471],[23.775596556875158,52.690943091521312],[23.338278290007555,52.740999943276606],[23.42059376823148,53.005302770934087]]]}},
{"type":"Feature","properties":{"Tile_ID":"X0093_Y0039","Tile_X":93,"Tile_Y":39,"TOTAL_SCENES":554,"TILE_SIZE":2.12},"geometry":{"type":"Polygon","coordinates":[[[23.860446855782889,52.954897011348471],[24.299347479819858,52.902890530576563],[24.211983282440631,52.639295608488858],[23.775596556875158,52.690943091521312],[23.860446855782889,52.954897011348471]]]}},
{"type":"Feature","properties":{"Tile_ID":"X0050_Y0040","Tile_X":50,"Tile_Y":40,"TOTAL_SCENES":414,"TILE_SIZE":2.55},"geometry":{"type":"Polygon","coordinates":[[[4.51278515021439,53.357957658706887],[4.962403759500455,53.377498458503453],[4.993790835412811,53.108659943683342],[4.546947866880416,53.089258132650002],[4.51278515021439,53.357957658706887]]]}},
{"type":"Feature","properties":{"Tile_ID":"X0051_Y0040","Tile_X":51,"Tile_Y":40,"TOTAL_SCENES":412,"TILE_SIZE":2.54},"geometry":{"type":"Polygon","coordinates":[[[4.962403759500455,53.377498458503453],[5.412385567284446,53.395371975248658],[5.440988708587734,53.126406201111273],[4.993790835412811,53.108659943683342],[4.962403759500455,53.377498458503453]]]}},
{"type":"Feature","properties":{"Tile_ID":"X0052_Y0040","Tile_X":52,"Tile_Y":40,"TOTAL_SCENES":529,"TILE_SIZE":2.4},"geometry":{"type":"Polygon","coordinates":[[[5.412385567284446,53.395371975248658],[5.862698688031985,53.411576131201741],[5.888510320149942,53.142494876481116],[5.440988708587734,53.126406201111273],[5.412385567284446,53.395371975248658]]]}},
{"type":"Feature","properties":{"Tile_ID":"X0053_Y0040","Tile_X":53,"Tile_Y":40,"TOTAL_SCENES":364,"TILE_SIZE":2.61},"geometry":{"type":"Polygon","coordinates":[[[5.862698688031985,53.411576131201741],[6.313311056964942,53.426109038956568],[6.336324331141926,53.15692412722013],[5.888510320149942,53.142494876481116],[5.862698688031985,53.411576131201741]]]}},
{"type":"Feature","properties":{"Tile_ID":"X0054_Y0040","Tile_X":54,"Tile_Y":40,"TOTAL_SCENES":343,"TILE_SIZE":2.65},"geometry":{"type":"Polygon","coordinates":[[[6.313311056964942,53.426109038956568],[6.764190447004495,53.438969002749879],[6.784399246238673,53.169692297895018],[6.336324331141926,53.15692412722013],[6.313311056964942,53.426109038956568]]]}},
{"type":"Feature","properties":{"Tile_ID":"X0055_Y0040","Tile_X":55,"Tile_Y":40,"TOTAL_SCENES":372,"TILE_SIZE":2.6},"geometry":{"type":"Polygon","coordinates":[[[6.764190447004495,53.438969002749879],[7.215304485925538,53.450154519639746],[7.232703430283014,53.180797921346688],[6.784399246238673,53.169692297895018],[6.764190447004495,53.438969002749879]]]}},
{"type":"Feature","properties":{"Tile_ID":"X0056_Y0040","Tile_X":56,"Tile_Y":40,"TOTAL_SCENES":529,"TILE_SIZE":2.34},"geometry":{"type":"Polygon","coordinates":[[[7.215304485925538,53.450154519639746],[7.666620673700713,53.459664280552254],[7.681205125000938,53.190239719698063],[7.232703430283014,53.180797921346688],[7.215304485925538,53.450154519639746]]]}},
{"type":"Feature","properties":{"Tile_ID":"X0057_Y0040","Tile_X":57,"Tile_Y":40,"TOTAL_SCENES":357,"TILE_SIZE":2.77},"geometry":{"type":"Polygon","coordinates":[[[7.666620673700713,53.459664280552254],[8.118106400011953,53.467497171195333],[8.129872465875842,53.198016605233612],[7.681205125000938,53.190239719698063],[7.666620673700713,53.459664280552254]]]}},
{"type":"Feature","properties":{"Tile_ID":"X0058_Y0040","Tile_X":58,"Tile_Y":40,"TOTAL_SCENES":391,"TILE_SIZE":2.95},"geometry":{"type":"Polygon","coordinates":[[[8.118106400011953,53.467497171195333],[8.569728961906872,53.473652272837732],[8.57867349916023,53.204127681149451],[8.129872465875842,53.198016605233612],[8.118106400011953,53.467497171195333]]]}},
{"type":"Feature","properties":{"Tile_ID":"X0059_Y0040","Tile_X":59,"Tile_Y":40,"TOTAL_SCENES":535,"TILE_SIZE":2.5},"geometry":{"type":"Polygon","coordinates":[[[8.569728961906872,53.473652272837732],[9.021455581577214,53.478128862952282],[9.027576199003223,53.208572242172536],[8.57867349916023,53.204127681149451],[8.569728961906872,53.473652272837732]]]}},
{"type":"Feature","properties":{"Tile_ID":"X0060_Y0040","Tile_X":60,"Tile_Y":40,"TOTAL_SCENES":376,"TILE_SIZE":2.81},"geometry":{"type":"Polygon","coordinates":[[[9.021455581577214,53.478128862952282],[9.473253424235967,53.480926415722486],[9.476548484671653,53.211349775048234],[9.027576199003223,53.208572242172536],[9.021455581577214,53.478128862952282]]]}},
{"type":"Feature","properties":{"Tile_ID":"X0061_Y0040","Tile_X":61,"Tile_Y":40,"TOTAL_SCENES":359,"TILE_SIZE":2.75},"geometry":{"type":"Polygon","coordinates":[[[9.473253424235967,53.480926415722486],[9.925089616069789,53.482044602411385],[9.925558237842624,53.212459958895437],[9.476548484671653,53.211349775048234],[9.473253424235967,53.480926415722486]]]}},
{"type":"Feature","properties":{"Tile_ID":"X0062_Y0040","Tile_X":62,"Tile_Y":40,"TOTAL_SCENES":416,"TILE_SIZE":2.82},"geometry":{"type":"Polygon","coordinates":[[[9.925089616069789,53.482044602411385],[10.376931262243016,53.481483291592383],[10.374573319945002,53.211902665428745],[9.925558237842624,53.212459958895437],[9.925089616069789,53.482044602411385]]]}},
{"type":"Feature","properties":{"Tile_ID":"X0063_Y0040","Tile_X":63,"Tile_Y":40,"TOTAL_SCENES":538,"TILE_SIZE":2.45},"geometry":{"type":"Polygon","coordinates":[[[10.376931262243016,53.481483291592383],[10.828745464929499,53.479242549241526],[10.823561589527289,53.209677959047326],[10.374573319945002,53.211902665428745],[10.376931262243016,53.481483291592383]]]}},
{"type":"Feature","properties":{"Tile_ID":"X0064_Y0040","Tile_X":64,"Tile_Y":40,"TOTAL_SCENES":356,"TILE_SIZE":2.68},"geometry":{"type":"Polygon","coordinates":[[[10.828745464929499,53.479242549241526],[11.280499341348397,53.475322638691217],[11.272490919629272,53.205786096790249],[10.823561589527289,53.209677959047326],[10.828745464929499,53.479242549241526]]]}},
{"type":"Feature","properties":{"Tile_ID":"X0065_Y0040","Tile_X":65,"Tile_Y":40,"TOTAL_SCENES":356,"TILE_SIZE":2.59},"geometry":{"type":"Polygon","coordinates":[[[11.280499341348397,53.475322638691217],[11.732160041780062,53.469724020445256],[11.721329215134773,53.200227528158599],[11.272490919629272,53.205786096790249],[11.280499341348397,53.475322638691217]]]}},
{"type":"Feature","properties":{"Tile_ID":"X0066_Y0040","Tile_X":66,"Tile_Y":40,"TOTAL_SCENES":553,"TILE_SIZE":2.27},"geometry":{"type":"Polygon","coordinates":[[[11.732160041780062,53.469724020445256],[12.18369476753819,53.462447351855673],[12.170044430082909,53.193002894804238],[11.721329215134773,53.200227528158599],[11.732160041780062,53.469724020445256]]]}},
{"type":"Feature","properties":{"Tile_ID":"X0067_Y0040","Tile_X":67,"Tile_Y":40,"TOTAL_SCENES":363,"TILE_SIZE":2.72},"geometry":{"type":"Polygon","coordinates":[[[12.18369476753819,53.462447351855673],[12.635070788874526,53.453493486661799],[12.618604584915383,53.18411303008628],[12.170044430082909,53.193002894804238],[12.18369476753819,53.462447351855673]]]}},
{"type":"Feature","properties":{"Tile_ID":"X0068_Y0040","Tile_X":68,"Tile_Y":40,"TOTAL_SCENES":373,"TILE_SIZE":2.74},"geometry":{"type":"Polygon","coordinates":[[[12.635070788874526,53.453493486661799],[13.086255462792606,53.442863474392091],[13.066977783637466,53.173558958495256],[12.618604584915383,53.18411303008628],[12.635070788874526,53.453493486661799]]]}},
{"type":"Feature","properties":{"Tile_ID":"X0069_Y0040","Tile_X":69,"Tile_Y":40,"TOTAL_SCENES":437,"TILE_SIZE":2.57},"geometry":{"type":"Polygon","coordinates":[[[13.086255462792606,53.442863474392091],[13.537216250747175,53.430558559630249],[13.515132230870517,53.161341894946375],[13.066977783637466,53.173558958495256],[13.086255462792606,53.442863474392091]]]}},
{"type":"Feature","properties":{"Tile_ID":"X0070_Y0040","Tile_X":70,"Tile_Y":40,"TOTAL_SCENES":470,"TILE_SIZE":2.6},"geometry":{"type":"Polygon","coordinates":[[[13.537216250747175,53.430558559630249],[13.98792073620629,53.416580181145704],[13.963036248774213,53.147463243942838],[13.515132230870517,53.161341894946375],[13.537216250747175,53.430558559630249]]]}},
{"type":"Feature","properties":{"Tile_ID":"X0071_Y0040","Tile_X":71,"Tile_Y":40,"TOTAL_SCENES":382,"TILE_SIZE":2.89},"geometry":{"type":"Polygon","coordinates":[[[13.98792073620629,53.416580181145704],[14.438336642053361,53.400929970890999],[14.410658293816914,53.131924598610276],[13.963036248774213,53.147463243942838],[13.98792073620629,53.416580181145704]]]}},
{"type":"Feature","properties":{"Tile_ID":"X0072_Y0040","Tile_X":72,"Tile_Y":40,"TOTAL_SCENES":388,"TILE_SIZE":2.87},"geometry":{"type":"Polygon","coordinates":[[[14.438336642053361,53.400929970890999],[14.888431847806869,53.383609752866704],[14.857966973372985,53.114727739604035],[14.410658293816914,53.131924598610276],[14.438336642053361,53.400929970890999]]]}},
{"type":"Feature","properties":{"Tile_ID":"X0073_Y0040","Tile_X":73,"Tile_Y":40,"TOTAL_SCENES":564,"TILE_SIZE":2.47},"geometry":{"type":"Polygon","coordinates":[[[14.888431847806869,53.383609752866704],[15.338174406635881,53.364621541856174],[15.304931062126318,53.095874633890666],[14.857966973372985,53.114727739604035],[14.888431847806869,53.383609752866704]]]}},
{"type":"Feature","properties":{"Tile_ID":"X0074_Y0040","Tile_X":74,"Tile_Y":40,"TOTAL_SCENES":376,"TILE_SIZE":2.85},"geometry":{"type":"Polygon","coordinates":[[[15.338174406635881,53.364621541856174],[15.787532562149964,53.343967542031578],[15.751519518259762,53.075367433405958],[15.304931062126318,53.095874633890666],[15.338174406635881,53.364621541856174]]]}},
{"type":"Feature","properties":{"Tile_ID":"X0075_Y0040","Tile_X":75,"Tile_Y":40,"TOTAL_SCENES":349,"TILE_SIZE":2.58},"geometry":{"type":"Polygon","coordinates":[[[15.787532562149964,53.343967542031578],[16.236474764942766,53.321650145433836],[16.197701499410631,53.053208473590701],[15.751519518259762,53.075367433405958],[15.787532562149964,53.343967542031578]]]}},
{"type":"Feature","properties":{"Tile_ID":"X0076_Y0040","Tile_X":76,"Tile_Y":40,"TOTAL_SCENES":513,"TILE_SIZE":2.32},"geometry":{"type":"Polygon","coordinates":[[[16.236474764942766,53.321650145433836],[16.68496968886895,53.297671930328377],[16.643446378373095,53.029400271807319],[16.197701499410631,53.053208473590701],[16.236474764942766,53.321650145433836]]]}},
{"type":"Feature","properties":{"Tile_ID":"X0077_Y0040","Tile_X":77,"Tile_Y":40,"TOTAL_SCENES":360,"TILE_SIZE":2.67},"geometry":{"type":"Polygon","coordinates":[[[16.68496968886895,53.297671930328377],[17.132986247034935,53.272035659439361],[17.08872375852884,53.003945525638947],[16.643446378373095,53.029400271807319],[16.68496968886895,53.297671930328377]]]}},
{"type":"Feature","properties":{"Tile_ID":"X0078_Y0040","Tile_X":78,"Tile_Y":40,"TOTAL_SCENES":367,"TILE_SIZE":2.81},"geometry":{"type":"Polygon","coordinates":[[[17.132986247034935,53.272035659439361],[17.580493607484549,53.244744278064999],[17.533503488987886,52.976847111073837],[17.08872375852884,53.003945525638947],[17.132986247034935,53.272035659439361]]]}},
{"type":"Feature","properties":{"Tile_ID":"X0079_Y0040","Tile_X":79,"Tile_Y":40,"TOTAL_SCENES":390,"TILE_SIZE":2.64},"geometry":{"type":"Polygon","coordinates":[[[17.580493607484549,53.244744278064999],[18.027461208561395,53.215800912076666],[17.977755679422376,52.948108080577761],[17.533503488987886,52.976847111073837],[17.580493607484549,53.244744278064999]]]}},
{"type":"Feature","properties":{"Tile_ID":"X0080_Y0040","Tile_X":80,"Tile_Y":40,"TOTAL_SCENES":483,"TILE_SIZE":2.31},"geometry":{"type":"Polygon","coordinates":[[[18.027461208561395,53.215800912076666],[18.473858773930488,53.185208865804974],[18.421450714576658,52.917731661056997],[17.977755679422376,52.948108080577761],[18.027461208561395,53.215800912076666]]]}},
{"type":"Feature","properties":{"Tile_ID":"X0081_Y0040","Tile_X":81,"Tile_Y":40,"TOTAL_SCENES":375,"TILE_SIZE":2.88},"geometry":{"type":"Polygon","coordinates":[[[18.473858773930488,53.185208865804974],[18.919656327242578,53.152971619815638],[18.864559268437727,52.88572125171509],[18.421450714576658,52.917731661056997],[18.473858773930488,53.185208865804974]]]}},
{"type":"Feature","properties":{"Tile_ID":"X0082_Y0040","Tile_X":82,"Tile_Y":40,"TOTAL_SCENES":379,"TILE_SIZE":2.95},"geometry":{"type":"Polygon","coordinates":[[[18.919656327242578,53.152971619815638],[19.364824206425297,53.119092828578644],[19.307052318051078,52.852080421806335],[18.864559268437727,52.88572125171509],[18.919656327242578,53.152971619815638]]]}},
{"type":"Feature","properties":{"Tile_ID":"X0083_Y0040","Tile_X":83,"Tile_Y":40,"TOTAL_SCENES":541,"TILE_SIZE":2.36},"geometry":{"type":"Polygon","coordinates":[[[19.364824206425297,53.119092828578644],[19.809333077586196,53.083576318033913],[19.748901156967516,52.816812908289215],[19.307052318051078,52.852080421806335],[19.364824206425297,53.119092828578644]]]}},
{"type":"Feature","properties":{"Tile_ID":"X0084_Y0040","Tile_X":84,"Tile_Y":40,"TOTAL_SCENES":371,"TILE_SIZE":2.89},"geometry":{"type":"Polygon","coordinates":[[[19.809333077586196,53.083576318033913],[20.253153948513592,53.046426083057035],[20.19007740830752,52.779922613383135],[19.748901156967516,52.816812908289215],[19.809333077586196,53.083576318033913]]]}},
{"type":"Feature","properties":{"Tile_ID":"X0085_Y0040","Tile_X":85,"Tile_Y":40,"TOTAL_SCENES":375,"TILE_SIZE":2.9},"geometry":{"type":"Polygon","coordinates":[[[20.253153948513592,53.046426083057035],[20.696258181762108,53.007646284828624],[20.630553037430552,52.741413602031763],[20.19007740830752,52.779922613383135],[20.253153948513592,53.046426083057035]]]}},
{"type":"Feature","properties":{"Tile_ID":"X0086_Y0040","Tile_X":86,"Tile_Y":40,"TOTAL_SCENES":440,"TILE_SIZE":2.52},"geometry":{"type":"Polygon","coordinates":[[[20.696258181762108,53.007646284828624],[21.138617507310467,52.967241248111044],[21.07030036419749,52.701290099276818],[20.630553037430552,52.741413602031763],[20.696258181762108,53.007646284828624]]]}},
{"type":"Feature","properties":{"Tile_ID":"X0087_Y0040","Tile_X":87,"Tile_Y":40,"TOTAL_SCENES":372,"TILE_SIZE":2.67},"geometry":{"type":"Polygon","coordinates":[[[21.138617507310467,52.967241248111044],[21.58020403478049,52.925215458436348],[21.509292074815299,52.659556487545494],[21.07030036419749,52.701290099276818],[21.138617507310467,52.967241248111044]]]}},
{"type":"Feature","properties":{"Tile_ID":"X0088_Y0040","Tile_X":88,"Tile_Y":40,"TOTAL_SCENES":369,"TILE_SIZE":2.69},"geometry":{"type":"Polygon","coordinates":[[[21.58020403478049,52.925215458436348],[22.020990265206645,52.881573559209222],[21.947501233254009,52.616217303855578],[21.509292074815299,52.659556487545494],[21.58020403478049,52.925215458436348]]]}},
{"type":"Feature","properties":{"Tile_ID":"X0089_Y0040","Tile_X":89,"Tile_Y":40,"TOTAL_SCENES":408,"TILE_SIZE":2.84},"geometry":{"type":"Polygon","coordinates":[[[22.020990265206645,52.881573559209222],[22.460949102346962,52.836320348728975],[22.384901292226822,52.57127723694181],[21.947501233254009,52.616217303855578],[22.020990265206645,52.881573559209222]]]}},
{"type":"Feature","properties":{"Tile_ID":"X0090_Y0040","Tile_X":90,"Tile_Y":40,"TOTAL_SCENES":521,"TILE_SIZE":2.41},"geometry":{"type":"Polygon","coordinates":[[[22.460949102346962,52.836320348728975],[22.900053863526747,52.789460777134508],[22.821466103725179,52.524741124307539],[22.384901292226822,52.57127723694181],[22.460949102346962,52.836320348728975]]]}},
{"type":"Feature","properties":{"Tile_ID":"X0091_Y0040","Tile_X":91,"Tile_Y":40,"TOTAL_SCENES":389,"TILE_SIZE":2.99},"geometry":{"type":"Polygon","coordinates":[[[22.900053863526747,52.789460777134508],[23.338278290007555,52.740999943276606],[23.257169929101583,52.476613949205266],[22.821466103725179,52.524741124307539],[22.900053863526747,52.789460777134508]]]}},
{"type":"Feature","properties":{"Tile_ID":"X0092_Y0040","Tile_X":92,"Tile_Y":40,"TOTAL_SCENES":380,"TILE_SIZE":2.8},"geometry":{"type":"Polygon","coordinates":[[[23.338278290007555,52.740999943276606],[23.775596556875158,52.690943091521312],[23.691987448693698,52.426900837550399],[23.257169929101583,52.476613949205266],[23.338278290007555,52.740999943276606]]]}},
{"type":"Feature","properties":{"Tile_ID":"X0093_Y0040","Tile_X":93,"Tile_Y":40,"TOTAL_SCENES":605,"TILE_SIZE":2.25},"geometry":{"type":"Polygon","coordinates":[[[23.775596556875158,52.690943091521312],[24.211983282440631,52.639295608488858],[24.125893770984355,52.375607054771777],[23.691987448693698,52.426900837550399],[23.775596556875158,52.690943091521312]]]}},
{"type":"Feature","properties":{"Tile_ID":"X0050_Y0041","Tile_X":50,"Tile_Y":41,"TOTAL_SCENES":421,"TILE_SIZE":2.83},"geometry":{"type":"Polygon","coordinates":[[[4.546947866880416,53.089258132650002],[4.993790835412811,53.108659943683342],[5.024705863395747,52.839805678566911],[4.580597293457794,52.820540711120167],[4.546947866880416,53.089258132650002]]]}},
{"type":"Feature","properties":{"Tile_ID":"X0051_Y0041","Tile_X":51,"Tile_Y":41,"TOTAL_SCENES":432,"TILE_SIZE":2.65},"geometry":{"type":"Polygon","coordinates":[[[4.993790835412811,53.108659943683342],[5.440988708587734,53.126406201111273],[5.469161285891238,52.857426643477652],[5.024705863395747,52.839805678566911],[4.993790835412811,53.108659943683342]]]}},
{"type":"Feature","properties":{"Tile_ID":"X0052_Y0041","Tile_X":52,"Tile_Y":41,"TOTAL_SCENES":573,"TILE_SIZE":2.39},"geometry":{"type":"Polygon","coordinates":[[[5.440988708587734,53.126406201111273],[5.888510320149942,53.142494876481116],[5.913933093341623,52.873401625223316],[5.469161285891238,52.857426643477652],[5.440988708587734,53.126406201111273]]]}},
{"type":"Feature","properties":{"Tile_ID":"X0053_Y0041","Tile_X":53,"Tile_Y":41,"TOTAL_SCENES":346,"TILE_SIZE":2.66},"geometry":{"type":"Polygon","coordinates":[[[5.888510320149942,53.142494876481116],[6.336324331141926,53.15692412722013],[6.35899065169899,52.887728824729848],[5.913933093341623,52.873401625223316],[5.888510320149942,53.142494876481116]]]}},
{"type":"Feature","properties":{"Tile_ID":"X0054_Y0041","Tile_X":54,"Tile_Y":41,"TOTAL_SCENES":343,"TILE_SIZE":2.63},"geometry":{"type":"Polygon","coordinates":[[[6.336324331141926,53.15692412722013],[6.784399246238673,53.169692297895018],[6.804303176222576,52.900406625691517],[6.35899065169899,52.887728824729848],[6.336324331141926,53.15692412722013]]]}},
{"type":"Feature","properties":{"Tile_ID":"X0055_Y0041","Tile_X":55,"Tile_Y":41,"TOTAL_SCENES":408,"TILE_SIZE":2.46},"geometry":{"type":"Polygon","coordinates":[[[6.784399246238673,53.169692297895018],[7.232703430283014,53.180797921346688],[7.249839747421617,52.911433595663652],[6.804303176222576,52.900406625691517],[6.784399246238673,53.169692297895018]]]}},
{"type":"Feature","properties":{"Tile_ID":"X0056_Y0041","Tile_X":56,"Tile_Y":41,"TOTAL_SCENES":442,"TILE_SIZE":2.54},"geometry":{"type":"Polygon","coordinates":[[[7.232703430283014,53.180797921346688],[7.681205125000938,53.190239719698063],[7.695569327169075,52.920808487033248],[7.249839747421617,52.911433595663652],[7.232703430283014,53.180797921346688]]]}},
{"type":"Feature","properties":{"Tile_ID":"X0057_Y0041","Tile_X":57,"Tile_Y":41,"TOTAL_SCENES":363,"TILE_SIZE":2.82},"geometry":{"type":"Polygon","coordinates":[[[7.681205125000938,53.190239719698063],[8.129872465875842,53.198016605233612],[8.141460774966234,52.928530237866013],[7.695569327169075,52.920808487033248],[7.681205125000938,53.190239719698063]]]}},
{"type":"Feature","properties":{"Tile_ID":"X0058_Y0041","Tile_X":58,"Tile_Y":41,"TOTAL_SCENES":380,"TILE_SIZE":2.88},"geometry":{"type":"Polygon","coordinates":[[[8.129872465875842,53.198016605233612],[8.57867349916023,53.204127681149451],[8.587482864337746,52.934597972628502],[8.141460774966234,52.928530237866013],[8.129872465875842,53.198016605233612]]]}},
{"type":"Feature","properties":{"Tile_ID":"X0059_Y0041","Tile_X":59,"Tile_Y":41,"TOTAL_SCENES":548,"TILE_SIZE":2.52},"geometry":{"type":"Polygon","coordinates":[[[8.57867349916023,53.204127681149451],[9.027576199003223,53.208572242172536],[9.033604299336618,52.939011002784561],[8.587482864337746,52.934597972628502],[8.57867349916023,53.204127681149451]]]}},
{"type":"Feature","properties":{"Tile_ID":"X0060_Y0041","Tile_X":60,"Tile_Y":41,"TOTAL_SCENES":367,"TILE_SIZE":2.83},"geometry":{"type":"Polygon","coordinates":[[[9.027576199003223,53.208572242172536],[9.476548484671653,53.211349775048234],[9.479793731138015,52.941768827264632],[9.033604299336618,52.939011002784561],[9.027576199003223,53.208572242172536]]]}},
{"type":"Feature","properties":{"Tile_ID":"X0061_Y0041","Tile_X":61,"Tile_Y":41,"TOTAL_SCENES":371,"TILE_SIZE":2.84},"geometry":{"type":"Polygon","coordinates":[[[9.476548484671653,53.211349775048234],[9.925558237842624,53.212459958895437],[9.926019774700867,52.942871132807724],[9.479793731138015,52.941768827264632],[9.476548484671653,53.211349775048234]]]}},
{"type":"Feature","properties":{"Tile_ID":"X0062_Y0041","Tile_X":62,"Tile_Y":41,"TOTAL_SCENES":427,"TILE_SIZE":2.37},"geometry":{"type":"Polygon","coordinates":[[[9.925558237842624,53.212459958895437],[10.374573319945002,53.211902665428745],[10.372251025475933,52.942317794175402],[9.926019774700867,52.942871132807724],[9.925558237842624,53.212459958895437]]]}},
{"type":"Feature","properties":{"Tile_ID":"X0063_Y0041","Tile_X":63,"Tile_Y":41,"TOTAL_SCENES":370,"TILE_SIZE":2.52},"geometry":{"type":"Polygon","coordinates":[[[10.374573319945002,53.211902665428745],[10.823561589527289,53.209677959047326],[10.818456076138906,52.940108874237204],[10.372251025475933,52.942317794175402],[10.374573319945002,53.211902665428745]]]}},
{"type":"Feature","properties":{"Tile_ID":"X0064_Y0041","Tile_X":64,"Tile_Y":41,"TOTAL_SCENES":369,"TILE_SIZE":2.79},"geometry":{"type":"Polygon","coordinates":[[[10.823561589527289,53.209677959047326],[11.272490919629272,53.205786096790249],[11.264603533327076,52.936244623927777],[10.818456076138906,52.940108874237204],[10.823561589527289,53.209677959047326]]]}},
{"type":"Feature","properties":{"Tile_ID":"X0065_Y0041","Tile_X":65,"Tile_Y":41,"TOTAL_SCENES":380,"TILE_SIZE":2.74},"geometry":{"type":"Polygon","coordinates":[[[11.272490919629272,53.205786096790249],[11.721329215134773,53.200227528158599],[11.710662034358073,52.930725482075495],[11.264603533327076,52.936244623927777],[11.272490919629272,53.205786096790249]]]}},
{"type":"Feature","properties":{"Tile_ID":"X0066_Y0041","Tile_X":66,"Tile_Y":41,"TOTAL_SCENES":521,"TILE_SIZE":2.24},"geometry":{"type":"Polygon","coordinates":[[[11.721329215134773,53.200227528158599],[12.170044430082909,53.193002894804238],[12.156600263909244,52.92355207510294],[11.710662034358073,52.930725482075495],[11.721329215134773,53.200227528158599]]]}},
{"type":"Feature","properties":{"Tile_ID":"X0067_Y0041","Tile_X":67,"Tile_Y":41,"TOTAL_SCENES":357,"TILE_SIZE":2.69},"geometry":{"type":"Polygon","coordinates":[[[12.170044430082909,53.193002894804238],[12.618604584915383,53.18411303008628],[12.602386970636308,52.914725216599621],[12.156600263909244,52.92355207510294],[12.170044430082909,53.193002894804238]]]}},
{"type":"Feature","properties":{"Tile_ID":"X0068_Y0041","Tile_X":68,"Tile_Y":41,"TOTAL_SCENES":355,"TILE_SIZE":2.62},"geometry":{"type":"Polygon","coordinates":[[[12.618604584915383,53.18411303008628],[13.066977783637466,53.173558958495256],[13.0479909837101,52.904245906767635],[12.602386970636308,52.914725216599621],[12.618604584915383,53.18411303008628]]]}},
{"type":"Feature","properties":{"Tile_ID":"X0069_Y0041","Tile_X":69,"Tile_Y":41,"TOTAL_SCENES":506,"TILE_SIZE":2.24},"geometry":{"type":"Polygon","coordinates":[[[13.066977783637466,53.173558958495256],[13.515132230870517,53.161341894946375],[13.493381229250382,52.892115331741223],[13.0479909837101,52.904245906767635],[13.066977783637466,53.173558958495256]]]}},
{"type":"Feature","properties":{"Tile_ID":"X0070_Y0041","Tile_X":70,"Tile_Y":41,"TOTAL_SCENES":370,"TILE_SIZE":2.68},"geometry":{"type":"Polygon","coordinates":[[[13.515132230870517,53.161341894946375],[13.963036248774213,53.147463243942838],[13.938526746635972,52.878334862780825],[13.493381229250382,52.892115331741223],[13.515132230870517,53.161341894946375]]]}},
{"type":"Feature","properties":{"Tile_ID":"X0071_Y0041","Tile_X":71,"Tile_Y":41,"TOTAL_SCENES":382,"TILE_SIZE":2.91},"geometry":{"type":"Polygon","coordinates":[[[13.963036248774213,53.147463243942838],[14.410658293816914,53.131924598610276],[14.383396704670721,52.86290605534343],[13.938526746635972,52.878334862780825],[13.963036248774213,53.147463243942838]]]}},
{"type":"Feature","properties":{"Tile_ID":"X0072_Y0041","Tile_X":72,"Tile_Y":41,"TOTAL_SCENES":402,"TILE_SIZE":2.8},"geometry":{"type":"Polygon","coordinates":[[[14.410658293816914,53.131924598610276],[14.857966973372985,53.114727739604035],[14.827960417585224,52.845830648030095],[14.383396704670721,52.86290605534343],[14.410658293816914,53.131924598610276]]]}},
{"type":"Feature","properties":{"Tile_ID":"X0073_Y0041","Tile_X":73,"Tile_Y":41,"TOTAL_SCENES":544,"TILE_SIZE":2.47},"geometry":{"type":"Polygon","coordinates":[[[14.857966973372985,53.114727739604035],[15.304931062126318,53.095874633890666],[15.272187360854508,52.827110561412439],[14.827960417585224,52.845830648030095],[14.857966973372985,53.114727739604035]]]}},
{"type":"Feature","properties":{"Tile_ID":"X0074_Y0041","Tile_X":74,"Tile_Y":41,"TOTAL_SCENES":369,"TILE_SIZE":2.76},"geometry":{"type":"Polygon","coordinates":[[[15.304931062126318,53.095874633890666],[15.751519518259762,53.075367433405958],[15.716047186812466,52.806747896739857],[15.272187360854508,52.827110561412439],[15.304931062126318,53.095874633890666]]]}},
{"type":"Feature","properties":{"Tile_ID":"X0075_Y0041","Tile_X":75,"Tile_Y":41,"TOTAL_SCENES":381,"TILE_SIZE":2.86},"geometry":{"type":"Polygon","coordinates":[[[15.751519518259762,53.075367433405958],[16.197701499410631,53.053208473590701],[16.159509740044101,52.784744934529257],[15.716047186812466,52.806747896739857],[15.751519518259762,53.075367433405958]]]}},
{"type":"Feature","properties":{"Tile_ID":"X0076_Y0041","Tile_X":76,"Tile_Y":41,"TOTAL_SCENES":555,"TILE_SIZE":2.33},"geometry":{"type":"Polygon","coordinates":[[[16.197701499410631,53.053208473590701],[16.643446378373095,53.029400271807319],[16.602545072537428,52.761104133039524],[16.159509740044101,52.784744934529257],[16.197701499410631,53.053208473590701]]]}},
{"type":"Feature","properties":{"Tile_ID":"X0077_Y0041","Tile_X":77,"Tile_Y":41,"TOTAL_SCENES":365,"TILE_SIZE":2.76},"geometry":{"type":"Polygon","coordinates":[[[16.643446378373095,53.029400271807319],[17.08872375852884,53.003945525638947],[17.045123458577148,52.735828126632704],[16.602545072537428,52.761104133039524],[16.643446378373095,53.029400271807319]]]}},
{"type":"Feature","properties":{"Tile_ID":"X0078_Y0041","Tile_X":78,"Tile_Y":41,"TOTAL_SCENES":371,"TILE_SIZE":2.84},"geometry":{"type":"Polygon","coordinates":[[[17.08872375852884,53.003945525638947],[17.533503488987886,52.976847111073837],[17.487215409363078,52.708919724024682],[17.045123458577148,52.735828126632704],[17.08872375852884,53.003945525638947]]]}},
{"type":"Feature","properties":{"Tile_ID":"X0079_Y0041","Tile_X":79,"Tile_Y":41,"TOTAL_SCENES":419,"TILE_SIZE":2.55},"geometry":{"type":"Polygon","coordinates":[[[17.533503488987886,52.976847111073837],[17.977755679422376,52.948108080577761],[17.928791687336727,52.680381906427428],[17.487215409363078,52.708919724024682],[17.533503488987886,52.976847111073837]]]}},
{"type":"Feature","properties":{"Tile_ID":"X0080_Y0041","Tile_X":80,"Tile_Y":41,"TOTAL_SCENES":391,"TILE_SIZE":2.56},"geometry":{"type":"Polygon","coordinates":[[[17.977755679422376,52.948108080577761],[18.421450714576658,52.917731661056997],[18.369823320200233,52.650217825585827],[17.928791687336727,52.680381906427428],[17.977755679422376,52.948108080577761]]]}},
{"type":"Feature","properties":{"Tile_ID":"X0081_Y0041","Tile_X":81,"Tile_Y":41,"TOTAL_SCENES":384,"TILE_SIZE":2.93},"geometry":{"type":"Polygon","coordinates":[[[18.421450714576658,52.917731661056997],[18.864559268437727,52.88572125171509],[18.810281614612492,52.618430801711739],[18.369823320200233,52.650217825585827],[18.421450714576658,52.917731661056997]]]}},
{"type":"Feature","properties":{"Tile_ID":"X0082_Y0041","Tile_X":82,"Tile_Y":41,"TOTAL_SCENES":388,"TILE_SIZE":2.81},"geometry":{"type":"Polygon","coordinates":[[[18.864559268437727,52.88572125171509],[19.307052318051078,52.852080421806335],[19.250138169548062,52.585024321318215],[18.810281614612492,52.618430801711739],[18.864559268437727,52.88572125171509]]]}},
{"type":"Feature","properties":{"Tile_ID":"X0083_Y0041","Tile_X":83,"Tile_Y":41,"TOTAL_SCENES":549,"TILE_SIZE":2.36},"geometry":{"type":"Polygon","coordinates":[[[19.307052318051078,52.852080421806335],[19.748901156967516,52.816812908289215],[19.689364889305111,52.550002034956954],[19.250138169548062,52.585024321318215],[19.307052318051078,52.852080421806335]]]}},
{"type":"Feature","properties":{"Tile_ID":"X0084_Y0041","Tile_X":84,"Tile_Y":41,"TOTAL_SCENES":395,"TILE_SIZE":2.98},"geometry":{"type":"Polygon","coordinates":[[[19.748901156967516,52.816812908289215],[20.19007740830752,52.779922613383135],[20.127933996149643,52.513367754862266],[19.689364889305111,52.550002034956954],[19.748901156967516,52.816812908289215]]]}},
{"type":"Feature","properties":{"Tile_ID":"X0085_Y0041","Tile_X":85,"Tile_Y":41,"TOTAL_SCENES":395,"TILE_SIZE":2.97},"geometry":{"type":"Polygon","coordinates":[[[20.19007740830752,52.779922613383135],[20.630553037430552,52.741413602031763],[20.565818042583693,52.475125452504471],[20.127933996149643,52.513367754862266],[20.19007740830752,52.779922613383135]]]}},
{"type":"Feature","properties":{"Tile_ID":"X0086_Y0041","Tile_X":86,"Tile_Y":41,"TOTAL_SCENES":533,"TILE_SIZE":2.36},"geometry":{"type":"Polygon","coordinates":[[[20.630553037430552,52.741413602031763],[21.07030036419749,52.701290099276818],[21.00298992322643,52.435279256056482],[20.565818042583693,52.475125452504471],[20.630553037430552,52.741413602031763]]]}},
{"type":"Feature","properties":{"Tile_ID":"X0087_Y0041","Tile_X":87,"Tile_Y":41,"TOTAL_SCENES":401,"TILE_SIZE":2.89},"geometry":{"type":"Polygon","coordinates":[[[21.07030036419749,52.701290099276818],[21.509292074815299,52.659556487545494],[21.439422886297432,52.393833447776807],[21.00298992322643,52.435279256056482],[21.07030036419749,52.701290099276818]]]}},
{"type":"Feature","properties":{"Tile_ID":"X0088_Y0041","Tile_X":88,"Tile_Y":41,"TOTAL_SCENES":412,"TILE_SIZE":2.94},"geometry":{"type":"Polygon","coordinates":[[[21.509292074815299,52.659556487545494],[21.947501233254009,52.616217303855578],[21.87509054469275,52.350792461312466],[21.439422886297432,52.393833447776807],[21.509292074815299,52.659556487545494]]]}},
{"type":"Feature","properties":{"Tile_ID":"X0089_Y0041","Tile_X":89,"Tile_Y":41,"TOTAL_SCENES":431,"TILE_SIZE":2.86},"geometry":{"type":"Polygon","coordinates":[[[21.947501233254009,52.616217303855578],[22.384901292226822,52.57127723694181],[22.309966886644784,52.306160878925567],[21.87509054469275,52.350792461312466],[21.947501233254009,52.616217303855578]]]}},
{"type":"Feature","properties":{"Tile_ID":"X0090_Y0041","Tile_X":90,"Tile_Y":41,"TOTAL_SCENES":468,"TILE_SIZE":2.49},"geometry":{"type":"Polygon","coordinates":[[[22.384901292226822,52.57127723694181],[22.821466103725179,52.524741124307539],[22.744026285958157,52.259943428647006],[22.309966886644784,52.306160878925567],[22.384901292226822,52.57127723694181]]]}},
{"type":"Feature","properties":{"Tile_ID":"X0091_Y0041","Tile_X":91,"Tile_Y":41,"TOTAL_SCENES":403,"TILE_SIZE":2.92},"geometry":{"type":"Polygon","coordinates":[[[22.821466103725179,52.524741124307539],[23.257169929101583,52.476613949205266],[23.177243511814439,52.212144981361305],[22.744026285958157,52.259943428647006],[22.821466103725179,52.524741124307539]]]}},
{"type":"Feature","properties":{"Tile_ID":"X0092_Y0041","Tile_X":92,"Tile_Y":41,"TOTAL_SCENES":407,"TILE_SIZE":2.91},"geometry":{"type":"Polygon","coordinates":[[[23.257169929101583,52.476613949205266],[23.691987448693698,52.426900837550399],[23.609593738139555,52.162770547825865],[23.177243511814439,52.212144981361305],[23.257169929101583,52.476613949205266]]]}},
{"type":"Feature","properties":{"Tile_ID":"X0049_Y0042","Tile_X":49,"Tile_Y":42,"TOTAL_SCENES":441,"TILE_SIZE":2.49},"geometry":{"type":"Polygon","coordinates":[[[4.136865861691938,52.799633901989559],[4.580597293457794,52.820540711120167],[4.613744527368699,52.551804168336069],[4.172698638482549,52.531043430224457],[4.136865861691938,52.799633901989559]]]}},
{"type":"Feature","properties":{"Tile_ID":"X0050_Y0042","Tile_X":50,"Tile_Y":42,"TOTAL_SCENES":437,"TILE_SIZE":3.21},"geometry":{"type":"Polygon","coordinates":[[[4.580597293457794,52.820540711120167],[5.024705863395747,52.839805678566911],[5.05515906314458,52.570934390693004],[4.613744527368699,52.551804168336069],[4.580597293457794,52.820540711120167]]]}},
{"type":"Feature","properties":{"Tile_ID":"X0051_Y0042","Tile_X":51,"Tile_Y":42,"TOTAL_SCENES":465,"TILE_SIZE":2.52},"geometry":{"type":"Polygon","coordinates":[[[5.024705863395747,52.839805678566911],[5.469161285891238,52.857426643477652],[5.496912632419133,52.588431987006402],[5.05515906314458,52.570934390693004],[5.024705863395747,52.839805678566911]]]}},
{"type":"Feature","properties":{"Tile_ID":"X0052_Y0042","Tile_X":52,"Tile_Y":42,"TOTAL_SCENES":556,"TILE_SIZE":2.38},"geometry":{"type":"Polygon","coordinates":[[[5.469161285891238,52.857426643477652],[5.913933093341623,52.873401625223316],[5.938975446347168,52.604295023059635],[5.496912632419133,52.588431987006402],[5.469161285891238,52.857426643477652]]]}},
{"type":"Feature","properties":{"Tile_ID":"X0053_Y0042","Tile_X":53,"Tile_Y":42,"TOTAL_SCENES":384,"TILE_SIZE":2.81},"geometry":{"type":"Polygon","coordinates":[[[5.913933093341623,52.873401625223316],[6.35899065169899,52.887728824729848],[6.38131755562502,52.618521741991621],[5.938975446347168,52.604295023059635],[5.913933093341623,52.873401625223316]]]}},
{"type":"Feature","properties":{"Tile_ID":"X0054_Y0042","Tile_X":54,"Tile_Y":42,"TOTAL_SCENES":349,"TILE_SIZE":2.58},"geometry":{"type":"Polygon","coordinates":[[[6.35899065169899,52.887728824729848],[6.804303176222576,52.900406625691517],[6.823908865685286,52.631110565465711],[6.38131755562502,52.618521741991621],[6.35899065169899,52.887728824729848]]]}},
{"type":"Feature","properties":{"Tile_ID":"X0055_Y0042","Tile_X":55,"Tile_Y":42,"TOTAL_SCENES":534,"TILE_SIZE":2.18},"geometry":{"type":"Polygon","coordinates":[[[6.804303176222576,52.900406625691517],[7.249839747421617,52.911433595663652],[7.266719152072459,52.642060094722446],[6.823908865685286,52.631110565465711],[6.804303176222576,52.900406625691517]]]}},
{"type":"Feature","properties":{"Tile_ID":"X0056_Y0042","Tile_X":56,"Tile_Y":42,"TOTAL_SCENES":374,"TILE_SIZE":2.72},"geometry":{"type":"Polygon","coordinates":[[[7.249839747421617,52.911433595663652],[7.695569327169075,52.920808487033248],[7.709718075980837,52.651369111514505],[7.266719152072459,52.642060094722446],[7.249839747421617,52.911433595663652]]]}},
{"type":"Feature","properties":{"Tile_ID":"X0057_Y0042","Tile_X":57,"Tile_Y":42,"TOTAL_SCENES":376,"TILE_SIZE":2.83},"geometry":{"type":"Polygon","coordinates":[[[7.695569327169075,52.920808487033248],[8.141460774966234,52.928530237866013],[8.152875199935693,52.659036578922603],[7.709718075980837,52.651369111514505],[7.695569327169075,52.920808487033248]]]}},
{"type":"Feature","properties":{"Tile_ID":"X0058_Y0042","Tile_X":58,"Tile_Y":42,"TOTAL_SCENES":392,"TILE_SIZE":2.73},"geometry":{"type":"Polygon","coordinates":[[[8.141460774966234,52.928530237866013],[8.587482864337746,52.934597972628502],[8.596160003598346,52.665061642051221],[8.152875199935693,52.659036578922603],[8.141460774966234,52.928530237866013]]]}},
{"type":"Feature","properties":{"Tile_ID":"X0059_Y0042","Tile_X":59,"Tile_Y":42,"TOTAL_SCENES":526,"TILE_SIZE":2.43},"geometry":{"type":"Polygon","coordinates":[[[8.587482864337746,52.934597972628502],[9.033604299336618,52.939011002784561],[9.039541899675575,52.669443628602814],[8.596160003598346,52.665061642051221],[8.587482864337746,52.934597972628502]]]}},
{"type":"Feature","properties":{"Tile_ID":"X0060_Y0042","Tile_X":60,"Tile_Y":42,"TOTAL_SCENES":378,"TILE_SIZE":2.79},"geometry":{"type":"Polygon","coordinates":[[[9.033604299336618,52.939011002784561],[9.479793731138015,52.941768827264632],[9.482990249913398,52.672182049330033],[9.039541899675575,52.669443628602814],[9.033604299336618,52.939011002784561]]]}},
{"type":"Feature","properties":{"Tile_ID":"X0061_Y0042","Tile_X":61,"Tile_Y":42,"TOTAL_SCENES":358,"TILE_SIZE":2.72},"geometry":{"type":"Polygon","coordinates":[[[9.479793731138015,52.941768827264632],[9.926019774700867,52.942871132807724],[9.926474381155202,52.673276598364993],[9.482990249913398,52.672182049330033],[9.479793731138015,52.941768827264632]]]}},
{"type":"Feature","properties":{"Tile_ID":"X0062_Y0042","Tile_X":62,"Tile_Y":42,"TOTAL_SCENES":534,"TILE_SIZE":2.18},"geometry":{"type":"Polygon","coordinates":[[[9.926019774700867,52.942871132807724],[10.372251025475933,52.942317794175402],[10.369963601444001,52.672727153425363],[9.926474381155202,52.673276598364993],[9.926019774700867,52.942871132807724]]]}},
{"type":"Feature","properties":{"Tile_ID":"X0063_Y0042","Tile_X":63,"Tile_Y":42,"TOTAL_SCENES":368,"TILE_SIZE":2.66},"geometry":{"type":"Polygon","coordinates":[[[10.372251025475933,52.942317794175402],[10.818456076138906,52.940108874237204],[10.813427216148423,52.670533775896715],[10.369963601444001,52.672727153425363],[10.372251025475933,52.942317794175402]]]}},
{"type":"Feature","properties":{"Tile_ID":"X0064_Y0042","Tile_X":64,"Tile_Y":42,"TOTAL_SCENES":374,"TILE_SIZE":2.74},"geometry":{"type":"Polygon","coordinates":[[[10.818456076138906,52.940108874237204],[11.264603533327076,52.936244623927777],[11.256834544092124,52.666696710791136],[10.813427216148423,52.670533775896715],[10.818456076138906,52.940108874237204]]]}},
{"type":"Feature","properties":{"Tile_ID":"X0065_Y0042","Tile_X":65,"Tile_Y":42,"TOTAL_SCENES":399,"TILE_SIZE":2.63},"geometry":{"type":"Polygon","coordinates":[[[11.264603533327076,52.936244623927777],[11.710662034358073,52.930725482075495],[11.700154933666157,52.661216386582232],[11.256834544092124,52.666696710791136],[11.264603533327076,52.936244623927777]]]}},
{"type":"Feature","properties":{"Tile_ID":"X0066_Y0042","Tile_X":66,"Tile_Y":42,"TOTAL_SCENES":494,"TILE_SIZE":2.43},"geometry":{"type":"Polygon","coordinates":[[[11.710662034358073,52.930725482075495],[12.156600263909244,52.92355207510294],[12.143357778903994,52.654093414916574],[11.700154933666157,52.661216386582232],[11.710662034358073,52.930725482075495]]]}},
{"type":"Feature","properties":{"Tile_ID":"X0067_Y0042","Tile_X":67,"Tile_Y":42,"TOTAL_SCENES":379,"TILE_SIZE":2.74},"geometry":{"type":"Polygon","coordinates":[[[12.156600263909244,52.92355207510294],[12.602386970636308,52.914725216599621],[12.586412535498861,52.645328590202311],[12.143357778903994,52.654093414916574],[12.156600263909244,52.92355207510294]]]}},
{"type":"Feature","properties":{"Tile_ID":"X0068_Y0042","Tile_X":68,"Tile_Y":42,"TOTAL_SCENES":383,"TILE_SIZE":2.82},"geometry":{"type":"Polygon","coordinates":[[[12.602386970636308,52.914725216599621],[13.0479909837101,52.904245906767635],[13.02928873674335,52.634922889075177],[12.586412535498861,52.645328590202311],[12.602386970636308,52.914725216599621]]]}},
{"type":"Feature","properties":{"Tile_ID":"X0069_Y0042","Tile_X":69,"Tile_Y":42,"TOTAL_SCENES":585,"TILE_SIZE":2.28},"geometry":{"type":"Polygon","coordinates":[[[13.0479909837101,52.904245906767635],[13.493381229250382,52.892115331741223],[13.471956009371267,52.622877469743003],[13.02928873674335,52.634922889075177],[13.0479909837101,52.904245906767635]]]}},
{"type":"Feature","properties":{"Tile_ID":"X0070_Y0042","Tile_X":70,"Tile_Y":42,"TOTAL_SCENES":399,"TILE_SIZE":2.81},"geometry":{"type":"Polygon","coordinates":[[[13.493381229250382,52.892115331741223],[13.938526746635972,52.878334862780825],[13.914384089282049,52.609193671209603],[13.471956009371267,52.622877469743003],[13.493381229250382,52.892115331741223]]]}},
{"type":"Feature","properties":{"Tile_ID":"X0071_Y0042","Tile_X":71,"Tile_Y":42,"TOTAL_SCENES":402,"TILE_SIZE":2.88},"geometry":{"type":"Polygon","coordinates":[[[13.938526746635972,52.878334862780825],[14.383396704670721,52.86290605534343],[14.356542837128297,52.593873012379056],[13.914384089282049,52.609193671209603],[13.938526746635972,52.878334862780825]]]}},
{"type":"Feature","properties":{"Tile_ID":"X0072_Y0042","Tile_X":72,"Tile_Y":42,"TOTAL_SCENES":456,"TILE_SIZE":2.56},"geometry":{"type":"Polygon","coordinates":[[[14.383396704670721,52.86290605534343],[14.827960417585224,52.845830648030095],[14.798402253747302,52.576917191041929],[14.356542837128297,52.593873012379056],[14.383396704670721,52.86290605534343]]]}},
{"type":"Feature","properties":{"Tile_ID":"X0073_Y0042","Tile_X":73,"Tile_Y":42,"TOTAL_SCENES":432,"TILE_SIZE":2.74},"geometry":{"type":"Polygon","coordinates":[[[14.827960417585224,52.845830648030095],[15.272187360854508,52.827110561412439],[15.239932495417801,52.558328082744666],[14.798402253747302,52.576917191041929],[14.827960417585224,52.845830648030095]]]}},
{"type":"Feature","properties":{"Tile_ID":"X0074_Y0042","Tile_X":74,"Tile_Y":42,"TOTAL_SCENES":408,"TILE_SIZE":2.96},"geometry":{"type":"Polygon","coordinates":[[[15.272187360854508,52.827110561412439],[15.716047186812466,52.806747896739857],[15.681103888923621,52.538107739544003],[15.239932495417801,52.558328082744666],[15.272187360854508,52.827110561412439]]]}},
{"type":"Feature","properties":{"Tile_ID":"X0075_Y0042","Tile_X":75,"Tile_Y":42,"TOTAL_SCENES":400,"TILE_SIZE":2.88},"geometry":{"type":"Polygon","coordinates":[[[15.716047186812466,52.806747896739857],[16.159509740044101,52.784744934529257],[16.121886946406335,52.516258388648211],[15.681103888923621,52.538107739544003],[15.716047186812466,52.806747896739857]]]}},
{"type":"Feature","properties":{"Tile_ID":"X0076_Y0042","Tile_X":76,"Tile_Y":42,"TOTAL_SCENES":574,"TILE_SIZE":2.34},"geometry":{"type":"Polygon","coordinates":[[[16.159509740044101,52.784744934529257],[16.602545072537428,52.761104133039524],[16.562252379989442,52.492782430946868],[16.121886946406335,52.516258388648211],[16.159509740044101,52.784744934529257]]]}},
{"type":"Feature","properties":{"Tile_ID":"X0077_Y0042","Tile_X":77,"Tile_Y":42,"TOTAL_SCENES":389,"TILE_SIZE":2.88},"geometry":{"type":"Polygon","coordinates":[[[16.602545072537428,52.761104133039524],[17.045123458577148,52.735828126632704],[17.002171116157268,52.467682439431648],[16.562252379989442,52.492782430946868],[16.602545072537428,52.761104133039524]]]}},
{"type":"Feature","properties":{"Tile_ID":"X0078_Y0042","Tile_X":78,"Tile_Y":42,"TOTAL_SCENES":389,"TILE_SIZE":2.87},"geometry":{"type":"Polygon","coordinates":[[[17.045123458577148,52.735828126632704],[17.487215409363078,52.708919724024682],[17.441614309872186,52.44096115751011],[17.002171116157268,52.467682439431648],[17.045123458577148,52.735828126632704]]]}},
{"type":"Feature","properties":{"Tile_ID":"X0079_Y0042","Tile_X":79,"Tile_Y":42,"TOTAL_SCENES":503,"TILE_SIZE":2.42},"geometry":{"type":"Polygon","coordinates":[[[17.487215409363078,52.708919724024682],[17.928791687336727,52.680381906427428],[17.880553358414474,52.412621497215113],[17.441614309872186,52.44096115751011],[17.487215409363078,52.708919724024682]]]}},
{"type":"Feature","properties":{"Tile_ID":"X0080_Y0042","Tile_X":80,"Tile_Y":42,"TOTAL_SCENES":404,"TILE_SIZE":2.8},"geometry":{"type":"Polygon","coordinates":[[[17.928791687336727,52.680381906427428],[18.369823320200233,52.650217825585827],[18.318959914929628,52.38266653731214],[17.880553358414474,52.412621497215113],[17.928791687336727,52.680381906427428]]]}},
{"type":"Feature","properties":{"Tile_ID":"X0081_Y0042","Tile_X":81,"Tile_Y":42,"TOTAL_SCENES":409,"TILE_SIZE":2.97},"geometry":{"type":"Polygon","coordinates":[[[18.369823320200233,52.650217825585827],[18.810281614612492,52.618430801711739],[18.756805901668734,52.351099521307304],[18.318959914929628,52.38266653731214],[18.369823320200233,52.650217825585827]]]}},
{"type":"Feature","properties":{"Tile_ID":"X0082_Y0042","Tile_X":82,"Tile_Y":42,"TOTAL_SCENES":415,"TILE_SIZE":2.9},"geometry":{"type":"Polygon","coordinates":[[[18.810281614612492,52.618430801711739],[19.250138169548062,52.585024321318215],[19.194063522908085,52.317923855359155],[18.756805901668734,52.351099521307304],[18.810281614612492,52.618430801711739]]]}},
{"type":"Feature","properties":{"Tile_ID":"X0083_Y0042","Tile_X":83,"Tile_Y":42,"TOTAL_SCENES":539,"TILE_SIZE":2.5},"geometry":{"type":"Polygon","coordinates":[[[19.250138169548062,52.585024321318215],[19.689364889305111,52.550002034956954],[19.630705277534943,52.283143106096361],[19.194063522908085,52.317923855359155],[19.250138169548062,52.585024321318215]]]}},
{"type":"Feature","properties":{"Tile_ID":"X0084_Y0042","Tile_X":84,"Tile_Y":42,"TOTAL_SCENES":421,"TILE_SIZE":3.15},"geometry":{"type":"Polygon","coordinates":[[[19.689364889305111,52.550002034956954],[20.127933996149643,52.513367754862266],[20.066703971287104,52.246760998345266],[19.630705277534943,52.283143106096361],[19.689364889305111,52.550002034956954]]]}},
{"type":"Feature","properties":{"Tile_ID":"X0085_Y0042","Tile_X":85,"Tile_Y":42,"TOTAL_SCENES":415,"TILE_SIZE":3.08},"geometry":{"type":"Polygon","coordinates":[[[20.127933996149643,52.513367754862266],[20.565818042583693,52.475125452504471],[20.502032728634724,52.208781412769632],[20.066703971287104,52.246760998345266],[20.127933996149643,52.513367754862266]]]}},
{"type":"Feature","properties":{"Tile_ID":"X0086_Y0042","Tile_X":86,"Tile_Y":42,"TOTAL_SCENES":580,"TILE_SIZE":2.34},"geometry":{"type":"Polygon","coordinates":[[[20.565818042583693,52.475125452504471],[21.00298992322643,52.435279256056482],[20.93666500429342,52.169208383426202],[20.502032728634724,52.208781412769632],[20.565818042583693,52.475125452504471]]]}},
{"type":"Feature","properties":{"Tile_ID":"X0087_Y0042","Tile_X":87,"Tile_Y":42,"TOTAL_SCENES":383,"TILE_SIZE":2.92},"geometry":{"type":"Polygon","coordinates":[[[21.00298992322643,52.435279256056482],[21.439422886297432,52.393833447776807],[21.370574594358686,52.128046095239185],[20.93666500429342,52.169208383426202],[21.00298992322643,52.435279256056482]]]}},
{"type":"Feature","properties":{"Tile_ID":"X0088_Y0042","Tile_X":88,"Tile_Y":42,"TOTAL_SCENES":415,"TILE_SIZE":3.07},"geometry":{"type":"Polygon","coordinates":[[[21.439422886297432,52.393833447776807],[21.87509054469275,52.350792461312466],[21.803735647052335,52.085298881397129],[21.370574594358686,52.128046095239185],[21.439422886297432,52.393833447776807]]]}},
{"type":"Feature","properties":{"Tile_ID":"X0089_Y0042","Tile_X":89,"Tile_Y":42,"TOTAL_SCENES":438,"TILE_SIZE":2.71},"geometry":{"type":"Polygon","coordinates":[[[21.87509054469275,52.350792461312466],[22.309966886644784,52.306160878925567],[22.236122673072369,52.040971220675402],[21.803735647052335,52.085298881397129],[21.87509054469275,52.350792461312466]]]}},
{"type":"Feature","properties":{"Tile_ID":"X0090_Y0042","Tile_X":90,"Tile_Y":42,"TOTAL_SCENES":393,"TILE_SIZE":2.55},"geometry":{"type":"Polygon","coordinates":[[[22.309966886644784,52.306160878925567],[22.744026285958157,52.259943428647006],[22.667710555538751,51.995067734688099],[22.236122673072369,52.040971220675402],[22.309966886644784,52.306160878925567]]]}},
{"type":"Feature","properties":{"Tile_ID":"X0091_Y0042","Tile_X":91,"Tile_Y":42,"TOTAL_SCENES":394,"TILE_SIZE":2.88},"geometry":{"type":"Polygon","coordinates":[[[22.744026285958157,52.259943428647006],[23.177243511814439,52.212144981361305],[23.098474559528107,51.947593185072563],[22.667710555538751,51.995067734688099],[22.744026285958157,52.259943428647006]]]}},
{"type":"Feature","properties":{"Tile_ID":"X0092_Y0042","Tile_X":92,"Tile_Y":42,"TOTAL_SCENES":393,"TILE_SIZE":2.84},"geometry":{"type":"Polygon","coordinates":[[[23.177243511814439,52.212144981361305],[23.609593738139555,52.162770547825865],[23.528390341191269,51.898552470610348],[23.098474559528107,51.947593185072563],[23.177243511814439,52.212144981361305]]]}},
{"type":"Feature","properties":{"Tile_ID":"X0093_Y0042","Tile_X":93,"Tile_Y":42,"TOTAL_SCENES":562,"TILE_SIZE":2.17},"geometry":{"type":"Polygon","coordinates":[[[23.609593738139555,52.162770547825865],[24.041052552528477,52.111825275629009],[23.957433956448536,51.84795062428806],[23.528390341191269,51.898552470610348],[23.609593738139555,52.162770547825865]]]}},
{"type":"Feature","properties":{"Tile_ID":"X0049_Y0043","Tile_X":49,"Tile_Y":43,"TOTAL_SCENES":463,"TILE_SIZE":2.74},"geometry":{"type":"Polygon","coordinates":[[[4.172698638482549,52.531043430224457],[4.613744527368699,52.551804168336069],[4.646400345076312,52.283047270788153],[4.208000731040483,52.26243038112689],[4.172698638482549,52.531043430224457]]]}},
{"type":"Feature","properties":{"Tile_ID":"X0050_Y0043","Tile_X":50,"Tile_Y":43,"TOTAL_SCENES":446,"TILE_SIZE":3.29},"geometry":{"type":"Polygon","coordinates":[[[4.613744527368699,52.551804168336069],[5.05515906314458,52.570934390693004],[5.085160358291677,52.302044801218713],[4.646400345076312,52.283047270788153],[4.613744527368699,52.551804168336069]]]}},
{"type":"Feature","properties":{"Tile_ID":"X0051_Y0043","Tile_X":51,"Tile_Y":43,"TOTAL_SCENES":593,"TILE_SIZE":2.32},"geometry":{"type":"Polygon","coordinates":[[[5.05515906314458,52.570934390693004],[5.496912632419133,52.588431987006402],[5.524251810604182,52.319420911214173],[5.085160358291677,52.302044801218713],[5.05515906314458,52.570934390693004]]]}},
{"type":"Feature","properties":{"Tile_ID":"X0052_Y0043","Tile_X":52,"Tile_Y":43,"TOTAL_SCENES":423,"TILE_SIZE":2.87},"geometry":{"type":"Polygon","coordinates":[[[5.496912632419133,52.588431987006402],[5.938975446347168,52.604295023059635],[5.963645572731661,52.335173711610366],[5.524251810604182,52.319420911214173],[5.496912632419133,52.588431987006402]]]}},
{"type":"Feature","properties":{"Tile_ID":"X0053_Y0043","Tile_X":53,"Tile_Y":43,"TOTAL_SCENES":410,"TILE_SIZE":2.9},"geometry":{"type":"Polygon","coordinates":[[[5.938975446347168,52.604295023059635],[6.38131755562502,52.618521741991621],[6.403312360663524,52.349301486520055],[5.963645572731661,52.335173711610366],[5.938975446347168,52.604295023059635]]]}},
{"type":"Feature","properties":{"Tile_ID":"X0054_Y0043","Tile_X":54,"Tile_Y":43,"TOTAL_SCENES":393,"TILE_SIZE":2.73},"geometry":{"type":"Polygon","coordinates":[[[6.38131755562502,52.618521741991621],[6.823908865685286,52.631110565465711],[6.843222750321298,52.361802694459392],[6.403312360663524,52.349301486520055],[6.38131755562502,52.618521741991621]]]}},
{"type":"Feature","properties":{"Tile_ID":"X0055_Y0043","Tile_X":55,"Tile_Y":43,"TOTAL_SCENES":554,"TILE_SIZE":2.26},"geometry":{"type":"Polygon","coordinates":[[[6.823908865685286,52.631110565465711],[7.266719152072459,52.642060094722446],[7.28334719239107,52.372675969362405],[6.843222750321298,52.361802694459392],[6.823908865685286,52.631110565465711]]]}},
{"type":"Feature","properties":{"Tile_ID":"X0056_Y0043","Tile_X":56,"Tile_Y":43,"TOTAL_SCENES":395,"TILE_SIZE":2.88},"geometry":{"type":"Polygon","coordinates":[[[7.266719152072459,52.642060094722446],[7.709718075980837,52.651369111514505],[7.723656027310072,52.381920121481819],[7.28334719239107,52.372675969362405],[7.266719152072459,52.642060094722446]]]}},
{"type":"Feature","properties":{"Tile_ID":"X0057_Y0043","Tile_X":57,"Tile_Y":43,"TOTAL_SCENES":398,"TILE_SIZE":2.97},"geometry":{"type":"Polygon","coordinates":[[[7.709718075980837,52.651369111514505],[8.152875199935693,52.659036578922603],[8.164119500389372,52.389534138175314],[7.723656027310072,52.381920121481819],[7.709718075980837,52.651369111514505]]]}},
{"type":"Feature","properties":{"Tile_ID":"X0058_Y0043","Tile_X":58,"Tile_Y":43,"TOTAL_SCENES":481,"TILE_SIZE":2.46},"geometry":{"type":"Polygon","coordinates":[[[8.152875199935693,52.659036578922603],[8.596160003598346,52.665061642051221],[8.604707777054273,52.395517184575617],[8.164119500389372,52.389534138175314],[8.152875199935693,52.659036578922603]]]}},
{"type":"Feature","properties":{"Tile_ID":"X0059_Y0043","Tile_X":59,"Tile_Y":43,"TOTAL_SCENES":408,"TILE_SIZE":2.78},"geometry":{"type":"Polygon","coordinates":[[[8.596160003598346,52.665061642051221],[9.039541899675575,52.669443628602814],[9.045390958183807,52.399868604143926],[8.604707777054273,52.395517184575617],[8.596160003598346,52.665061642051221]]]}},
{"type":"Feature","properties":{"Tile_ID":"X0060_Y0043","Tile_X":60,"Tile_Y":43,"TOTAL_SCENES":399,"TILE_SIZE":2.91},"geometry":{"type":"Polygon","coordinates":[[[9.039541899675575,52.669443628602814],[9.482990249913398,52.672182049330033],[9.48613909553036,52.402587919105528],[9.045390958183807,52.399868604143926],[9.039541899675575,52.669443628602814]]]}},
{"type":"Feature","properties":{"Tile_ID":"X0061_Y0043","Tile_X":61,"Tile_Y":43,"TOTAL_SCENES":392,"TILE_SIZE":2.83},"geometry":{"type":"Polygon","coordinates":[[[9.482990249913398,52.672182049330033],[9.926474381155202,52.673276598364993],[9.926922207200423,52.403674830766931],[9.48613909553036,52.402587919105528],[9.482990249913398,52.672182049330033]]]}},
{"type":"Feature","properties":{"Tile_ID":"X0062_Y0043","Tile_X":62,"Tile_Y":43,"TOTAL_SCENES":546,"TILE_SIZE":2.25},"geometry":{"type":"Polygon","coordinates":[[[9.926474381155202,52.673276598364993],[10.369963601444001,52.672727153425363],[10.36771029317724,52.403129219714437],[9.926922207200423,52.403674830766931],[9.926474381155202,52.673276598364993]]]}},
{"type":"Feature","properties":{"Tile_ID":"X0063_Y0043","Tile_X":63,"Tile_Y":43,"TOTAL_SCENES":400,"TILE_SIZE":2.85},"geometry":{"type":"Polygon","coordinates":[[[10.369963601444001,52.672727153425363],[10.813427216148423,52.670533775896715],[10.808473350865999,52.400951145893544],[10.36771029317724,52.403129219714437],[10.369963601444001,52.672727153425363]]]}},
{"type":"Feature","properties":{"Tile_ID":"X0064_Y0043","Tile_X":64,"Tile_Y":43,"TOTAL_SCENES":398,"TILE_SIZE":2.88},"geometry":{"type":"Polygon","coordinates":[[[10.813427216148423,52.670533775896715],[11.256834544092124,52.666696710791136],[11.249181390642294,52.397140848568995],[10.808473350865999,52.400951145893544],[10.813427216148423,52.670533775896715]]]}},
{"type":"Feature","properties":{"Tile_ID":"X0065_Y0043","Tile_X":65,"Tile_Y":43,"TOTAL_SCENES":485,"TILE_SIZE":2.37},"geometry":{"type":"Polygon","coordinates":[[[11.256834544092124,52.666696710791136],[11.700154933666157,52.661216386582232],[11.689804451384363,52.391698746165858],[11.249181390642294,52.397140848568995],[11.256834544092124,52.666696710791136]]]}},
{"type":"Feature","properties":{"Tile_ID":"X0066_Y0043","Tile_X":66,"Tile_Y":43,"TOTAL_SCENES":417,"TILE_SIZE":2.75},"geometry":{"type":"Polygon","coordinates":[[[11.700154933666157,52.661216386582232],[12.143357778903994,52.654093414916574],[12.130312615969878,52.384625435991559],[11.689804451384363,52.391698746165858],[11.700154933666157,52.661216386582232]]]}},
{"type":"Feature","properties":{"Tile_ID":"X0067_Y0043","Tile_X":67,"Tile_Y":43,"TOTAL_SCENES":408,"TILE_SIZE":2.85},"geometry":{"type":"Polygon","coordinates":[[[12.143357778903994,52.654093414916574],[12.586412535498861,52.645328590202311],[12.570676026717958,52.375921693839473],[12.130312615969878,52.384625435991559],[12.143357778903994,52.654093414916574]]]}},
{"type":"Feature","properties":{"Tile_ID":"X0068_Y0043","Tile_X":68,"Tile_Y":43,"TOTAL_SCENES":428,"TILE_SIZE":3.02},"geometry":{"type":"Polygon","coordinates":[[[12.586412535498861,52.645328590202311],[13.02928873674335,52.634922889075177],[13.010864900757348,52.365588473474602],[12.570676026717958,52.375921693839473],[12.586412535498861,52.645328590202311]]]}},
{"type":"Feature","properties":{"Tile_ID":"X0069_Y0043","Tile_X":69,"Tile_Y":43,"TOTAL_SCENES":596,"TILE_SIZE":2.51},"geometry":{"type":"Polygon","coordinates":[[[13.02928873674335,52.634922889075177],[13.471956009371267,52.622877469743003],[13.450849545301722,52.353626906001907],[13.010864900757348,52.365588473474602],[13.02928873674335,52.634922889075177]]]}},
{"type":"Feature","properties":{"Tile_ID":"X0070_Y0043","Tile_X":70,"Tile_Y":43,"TOTAL_SCENES":434,"TILE_SIZE":3.08},"geometry":{"type":"Polygon","coordinates":[[[13.471956009371267,52.622877469743003],[13.914384089282049,52.609193671209603],[13.890600372813482,52.340038299118596],[13.450849545301722,52.353626906001907],[13.471956009371267,52.622877469743003]]]}},
{"type":"Feature","properties":{"Tile_ID":"X0071_Y0043","Tile_X":71,"Tile_Y":43,"TOTAL_SCENES":425,"TILE_SIZE":2.99},"geometry":{"type":"Polygon","coordinates":[[[13.914384089282049,52.609193671209603],[14.356542837128297,52.593873012379056],[14.330087916037488,52.324824136250996],[13.890600372813482,52.340038299118596],[13.914384089282049,52.609193671209603]]]}},
{"type":"Feature","properties":{"Tile_ID":"X0072_Y0043","Tile_X":72,"Tile_Y":43,"TOTAL_SCENES":561,"TILE_SIZE":2.58},"geometry":{"type":"Polygon","coordinates":[[[14.356542837128297,52.593873012379056],[14.798402253747302,52.576917191041929],[14.769282842886577,52.30798607557783],[14.330087916037488,52.324824136250996],[14.356542837128297,52.593873012379056]]]}},
{"type":"Feature","properties":{"Tile_ID":"X0073_Y0043","Tile_X":73,"Tile_Y":43,"TOTAL_SCENES":430,"TILE_SIZE":2.96},"geometry":{"type":"Polygon","coordinates":[[[14.798402253747302,52.576917191041929],[15.239932495417801,52.558328082744666],[15.208155971161066,52.289525948940444],[14.769282842886577,52.30798607557783],[14.798402253747302,52.576917191041929]]]}},
{"type":"Feature","properties":{"Tile_ID":"X0074_Y0043","Tile_X":74,"Tile_Y":43,"TOTAL_SCENES":434,"TILE_SIZE":3.08},"geometry":{"type":"Polygon","coordinates":[[[15.239932495417801,52.558328082744666],[15.681103888923621,52.538107739544003],[15.6466782830847,52.269445760642647],[15.208155971161066,52.289525948940444],[15.239932495417801,52.558328082744666]]]}},
{"type":"Feature","properties":{"Tile_ID":"X0075_Y0043","Tile_X":75,"Tile_Y":43,"TOTAL_SCENES":453,"TILE_SIZE":2.95},"geometry":{"type":"Polygon","coordinates":[[[15.681103888923621,52.538107739544003],[16.121886946406335,52.516258388648211],[16.084820939640114,52.247747686140968],[15.6466782830847,52.269445760642647],[15.681103888923621,52.538107739544003]]]}},
{"type":"Feature","properties":{"Tile_ID":"X0076_Y0043","Tile_X":76,"Tile_Y":43,"TOTAL_SCENES":545,"TILE_SIZE":2.47},"geometry":{"type":"Polygon","coordinates":[[[16.121886946406335,52.516258388648211],[16.562252379989442,52.492782430946868],[16.522555294687152,52.224434070627566],[16.084820939640114,52.247747686140968],[16.121886946406335,52.516258388648211]]]}},
{"type":"Feature","properties":{"Tile_ID":"X0077_Y0043","Tile_X":77,"Tile_Y":43,"TOTAL_SCENES":419,"TILE_SIZE":3.05},"geometry":{"type":"Polygon","coordinates":[[[16.562252379989442,52.492782430946868],[17.002171116157268,52.467682439431648],[16.959852908847989,52.199507427507946],[16.522555294687152,52.224434070627566],[16.562252379989442,52.492782430946868]]]}},
{"type":"Feature","properties":{"Tile_ID":"X0078_Y0043","Tile_X":78,"Tile_Y":43,"TOTAL_SCENES":415,"TILE_SIZE":3.0},"geometry":{"type":"Polygon","coordinates":[[[17.002171116157268,52.467682439431648],[17.441614309872186,52.44096115751011],[17.396685563143485,52.172970436775266],[16.959852908847989,52.199507427507946],[17.002171116157268,52.467682439431648]]]}},
{"type":"Feature","properties":{"Tile_ID":"X0079_Y0043","Tile_X":79,"Tile_Y":43,"TOTAL_SCENES":590,"TILE_SIZE":2.35},"geometry":{"type":"Polygon","coordinates":[[[17.441614309872186,52.44096115751011],[17.880553358414474,52.412621497215113],[17.833025272365777,52.144825943283905],[17.396685563143485,52.172970436775266],[17.441614309872186,52.44096115751011]]]}},
{"type":"Feature","properties":{"Tile_ID":"X0080_Y0043","Tile_X":80,"Tile_Y":43,"TOTAL_SCENES":375,"TILE_SIZE":2.86},"geometry":{"type":"Polygon","coordinates":[[[17.880553358414474,52.412621497215113],[18.318959914929628,52.38266653731214],[18.268844298172635,52.115076954924369],[17.833025272365777,52.144825943283905],[17.880553358414474,52.412621497215113]]]}},
{"type":"Feature","properties":{"Tile_ID":"X0081_Y0043","Tile_X":81,"Tile_Y":43,"TOTAL_SCENES":389,"TILE_SIZE":2.87},"geometry":{"type":"Polygon","coordinates":[[[18.318959914929628,52.38266653731214],[18.756805901668734,52.351099521307304],[18.704115161889867,52.083726640702309],[18.268844298172635,52.115076954924369],[18.318959914929628,52.38266653731214]]]}},
{"type":"Feature","properties":{"Tile_ID":"X0082_Y0043","Tile_X":82,"Tile_Y":43,"TOTAL_SCENES":439,"TILE_SIZE":2.72},"geometry":{"type":"Polygon","coordinates":[[[18.756805901668734,52.351099521307304],[19.194063522908085,52.317923855359155],[19.138810657008481,52.050778328724135],[18.704115161889867,52.083726640702309],[18.756805901668734,52.351099521307304]]]}},
{"type":"Feature","properties":{"Tile_ID":"X0083_Y0043","Tile_X":83,"Tile_Y":43,"TOTAL_SCENES":419,"TILE_SIZE":2.53},"geometry":{"type":"Polygon","coordinates":[[[19.194063522908085,52.317923855359155],[19.630705277534943,52.283143106096361],[19.572903861364185,52.016235504092137],[19.138810657008481,52.050778328724135],[19.194063522908085,52.317923855359155]]]}},
{"type":"Feature","properties":{"Tile_ID":"X0084_Y0043","Tile_X":84,"Tile_Y":43,"TOTAL_SCENES":413,"TILE_SIZE":3.05},"geometry":{"type":"Polygon","coordinates":[[[19.630705277534943,52.283143106096361],[20.066703971287104,52.246760998345266],[20.006368148987363,51.980101806711787],[19.572903861364185,52.016235504092137],[19.630705277534943,52.283143106096361]]]}},
{"type":"Feature","properties":{"Tile_ID":"X0085_Y0043","Tile_X":85,"Tile_Y":43,"TOTAL_SCENES":413,"TILE_SIZE":3.04},"geometry":{"type":"Polygon","coordinates":[[[20.066703971287104,52.246760998345266],[20.502032728634724,52.208781412769632],[20.439177201612342,51.942381029014356],[20.006368148987363,51.980101806711787],[20.066703971287104,52.246760998345266]]]}},
{"type":"Feature","properties":{"Tile_ID":"X0086_Y0043","Tile_X":86,"Tile_Y":43,"TOTAL_SCENES":557,"TILE_SIZE":2.25},"geometry":{"type":"Polygon","coordinates":[[[20.502032728634724,52.208781412769632],[20.93666500429342,52.169208383426202],[20.871305019835646,51.903077113597739],[20.439177201612342,51.942381029014356],[20.502032728634724,52.208781412769632]]]}},
{"type":"Feature","properties":{"Tile_ID":"X0087_Y0043","Tile_X":87,"Tile_Y":43,"TOTAL_SCENES":378,"TILE_SIZE":2.93},"geometry":{"type":"Polygon","coordinates":[[[20.93666500429342,52.169208383426202],[21.370574594358686,52.128046095239185],[21.30272593391344,51.86219415078871],[20.871305019835646,51.903077113597739],[20.93666500429342,52.169208383426202]]]}},
{"type":"Feature","properties":{"Tile_ID":"X0088_Y0043","Tile_X":88,"Tile_Y":43,"TOTAL_SCENES":402,"TILE_SIZE":2.99},"geometry":{"type":"Polygon","coordinates":[[[21.370574594358686,52.128046095239185],[21.803735647052335,52.085298881397129],[21.733414614189275,51.819736376129867],[21.30272593391344,51.86219415078871],[21.370574594358686,52.128046095239185]]]}},
{"type":"Feature","properties":{"Tile_ID":"X0089_Y0043","Tile_X":89,"Tile_Y":43,"TOTAL_SCENES":448,"TILE_SIZE":2.56},"geometry":{"type":"Polygon","coordinates":[[[21.803735647052335,52.085298881397129],[22.236122673072369,52.040971220675402],[22.163346081143946,51.775708167794178],[21.733414614189275,51.819736376129867],[21.803735647052335,52.085298881397129]]]}},
{"type":"Feature","properties":{"Tile_ID":"X0090_Y0043","Tile_X":90,"Tile_Y":43,"TOTAL_SCENES":370,"TILE_SIZE":2.62},"geometry":{"type":"Polygon","coordinates":[[[22.236122673072369,52.040971220675402],[22.667710555538751,51.995067734688099],[22.59249571505995,51.730114043930989],[22.163346081143946,51.775708167794178],[22.236122673072369,52.040971220675402]]]}},
{"type":"Feature","properties":{"Tile_ID":"X0091_Y0043","Tile_X":91,"Tile_Y":43,"TOTAL_SCENES":378,"TILE_SIZE":2.9},"geometry":{"type":"Polygon","coordinates":[[[22.667710555538751,51.995067734688099],[23.098474559528107,51.947593185072563],[23.020839265294008,51.682958659946436],[22.59249571505995,51.730114043930989],[22.667710555538751,51.995067734688099]]]}},
{"type":"Feature","properties":{"Tile_ID":"X0092_Y0043","Tile_X":92,"Tile_Y":43,"TOTAL_SCENES":382,"TILE_SIZE":2.87},"geometry":{"type":"Polygon","coordinates":[[[23.098474559528107,51.947593185072563],[23.528390341191269,51.898552470610348],[23.448352859151552,51.63424680572188],[23.020839265294008,51.682958659946436],[23.098474559528107,51.947593185072563]]]}},
{"type":"Feature","properties":{"Tile_ID":"X0093_Y0043","Tile_X":93,"Tile_Y":43,"TOTAL_SCENES":528,"TILE_SIZE":2.07},"geometry":{"type":"Polygon","coordinates":[[[23.528390341191269,51.898552470610348],[23.957433956448536,51.84795062428806],[23.875013010358238,51.583983402773661],[23.448352859151552,51.63424680572188],[23.528390341191269,51.898552470610348]]]}},
{"type":"Feature","properties":{"Tile_ID":"X0048_Y0044","Tile_X":48,"Tile_Y":44,"TOTAL_SCENES":439,"TILE_SIZE":2.31},"geometry":{"type":"Polygon","coordinates":[[[3.769990292801542,52.24019636413388],[4.208000731040483,52.26243038112689],[4.24278342646197,51.993793561269463],[3.807372173798533,51.971712156857429],[3.769990292801542,52.24019636413388]]]}},
{"type":"Feature","properties":{"Tile_ID":"X0049_Y0044","Tile_X":49,"Tile_Y":44,"TOTAL_SCENES":430,"TILE_SIZE":3.07},"geometry":{"type":"Polygon","coordinates":[[[4.208000731040483,52.26243038112689],[4.646400345076312,52.283047270788153],[4.678575213543966,52.014268777477469],[4.24278342646197,51.993793561269463],[4.208000731040483,52.26243038112689]]]}},
{"type":"Feature","properties":{"Tile_ID":"X0050_Y0044","Tile_X":50,"Tile_Y":44,"TOTAL_SCENES":422,"TILE_SIZE":2.99},"geometry":{"type":"Polygon","coordinates":[[[4.646400345076312,52.283047270788153],[5.085160358291677,52.302044801218713],[5.114719386997822,52.033135625110297],[4.678575213543966,52.014268777477469],[4.646400345076312,52.283047270788153]]]}},
{"type":"Feature","properties":{"Tile_ID":"X0051_Y0044","Tile_X":51,"Tile_Y":44,"TOTAL_SCENES":593,"TILE_SIZE":2.18},"geometry":{"type":"Polygon","coordinates":[[[5.085160358291677,52.302044801218713],[5.524251810604182,52.319420911214173],[5.551187621792694,52.050392090622402],[5.114719386997822,52.033135625110297],[5.085160358291677,52.302044801218713]]]}},
{"type":"Feature","properties":{"Tile_ID":"X0052_Y0044","Tile_X":52,"Tile_Y":44,"TOTAL_SCENES":368,"TILE_SIZE":2.7},"geometry":{"type":"Polygon","coordinates":[[[5.524251810604182,52.319420911214173],[5.963645572731661,52.335173711610366],[5.987951429686513,52.066036328590947],[5.551187621792694,52.050392090622402],[5.524251810604182,52.319420911214173]]]}},
{"type":"Feature","properties":{"Tile_ID":"X0053_Y0044","Tile_X":53,"Tile_Y":44,"TOTAL_SCENES":391,"TILE_SIZE":2.93},"geometry":{"type":"Polygon","coordinates":[[[5.963645572731661,52.335173711610366],[6.403312360663524,52.349301486520055],[6.424982173194818,52.080066662908109],[5.987951429686513,52.066036328590947],[5.963645572731661,52.335173711610366]]]}},
{"type":"Feature","properties":{"Tile_ID":"X0054_Y0044","Tile_X":54,"Tile_Y":44,"TOTAL_SCENES":446,"TILE_SIZE":2.5},"geometry":{"type":"Polygon","coordinates":[[[6.403312360663524,52.349301486520055],[6.843222750321298,52.361802694459392],[6.862251079739463,52.092481587866907],[6.424982173194818,52.080066662908109],[6.403312360663524,52.349301486520055]]]}},
{"type":"Feature","properties":{"Tile_ID":"X0055_Y0044","Tile_X":55,"Tile_Y":44,"TOTAL_SCENES":411,"TILE_SIZE":2.46},"geometry":{"type":"Polygon","coordinates":[[[6.843222750321298,52.361802694459392],[7.28334719239107,52.372675969362405],[7.299729255960663,52.103279769138972],[6.862251079739463,52.092481587866907],[6.843222750321298,52.361802694459392]]]}},
{"type":"Feature","properties":{"Tile_ID":"X0056_Y0044","Tile_X":56,"Tile_Y":44,"TOTAL_SCENES":387,"TILE_SIZE":2.89},"geometry":{"type":"Polygon","coordinates":[[[7.28334719239107,52.372675969362405],[7.723656027310072,52.381920121481819],[7.737387702175593,52.112460044642901],[7.299729255960663,52.103279769138972],[7.28334719239107,52.372675969362405]]]}},
{"type":"Feature","properties":{"Tile_ID":"X0057_Y0044","Tile_X":57,"Tile_Y":44,"TOTAL_SCENES":401,"TILE_SIZE":2.87},"geometry":{"type":"Polygon","coordinates":[[[7.723656027310072,52.381920121481819],[8.164119500389372,52.389534138175314],[8.175197326966318,52.120021425301864],[7.737387702175593,52.112460044642901],[7.723656027310072,52.381920121481819]]]}},
{"type":"Feature","properties":{"Tile_ID":"X0058_Y0044","Tile_X":58,"Tile_Y":44,"TOTAL_SCENES":563,"TILE_SIZE":2.14},"geometry":{"type":"Polygon","coordinates":[[[8.164119500389372,52.389534138175314],[8.604707777054273,52.395517184575617],[8.613128961879539,52.125963095689563],[8.175197326966318,52.120021425301864],[8.164119500389372,52.389534138175314]]]}},
{"type":"Feature","properties":{"Tile_ID":"X0059_Y0044","Tile_X":59,"Tile_Y":44,"TOTAL_SCENES":374,"TILE_SIZE":2.88},"geometry":{"type":"Polygon","coordinates":[[[8.604707777054273,52.395517184575617],[9.045390958183807,52.399868604143926],[9.051153376220567,52.13028441456342],[8.613128961879539,52.125963095689563],[8.604707777054273,52.395517184575617]]]}},
{"type":"Feature","properties":{"Tile_ID":"X0060_Y0044","Tile_X":60,"Tile_Y":44,"TOTAL_SCENES":394,"TILE_SIZE":2.85},"geometry":{"type":"Polygon","coordinates":[[[9.045390958183807,52.399868604143926],[9.48613909553036,52.402587919105528],[9.48924129192336,52.132984915284396],[9.051153376220567,52.13028441456342],[9.045390958183807,52.399868604143926]]]}},
{"type":"Feature","properties":{"Tile_ID":"X0061_Y0044","Tile_X":61,"Tile_Y":44,"TOTAL_SCENES":432,"TILE_SIZE":2.65},"geometry":{"type":"Polygon","coordinates":[[[9.48613909553036,52.402587919105528],[9.926922207200423,52.403674830766931],[9.927363398478693,52.134064306122703],[9.48924129192336,52.132984915284396],[9.48613909553036,52.402587919105528]]]}},
{"type":"Feature","properties":{"Tile_ID":"X0062_Y0044","Tile_X":62,"Tile_Y":44,"TOTAL_SCENES":451,"TILE_SIZE":2.4},"geometry":{"type":"Polygon","coordinates":[[[9.926922207200423,52.403674830766931],[10.36771029317724,52.403129219714437],[10.365490367902103,52.133522470449016],[9.927363398478693,52.134064306122703],[9.926922207200423,52.403674830766931]]]}},
{"type":"Feature","properties":{"Tile_ID":"X0063_Y0044","Tile_X":63,"Tile_Y":44,"TOTAL_SCENES":398,"TILE_SIZE":2.89},"geometry":{"type":"Polygon","coordinates":[[[10.36771029317724,52.403129219714437],[10.808473350865999,52.400951145893544],[10.803592869723273,52.131359466811062],[10.365490367902103,52.133522470449016],[10.36771029317724,52.403129219714437]]]}},
{"type":"Feature","properties":{"Tile_ID":"X0064_Y0044","Tile_X":64,"Tile_Y":44,"TOTAL_SCENES":423,"TILE_SIZE":2.97},"geometry":{"type":"Polygon","coordinates":[[[10.808473350865999,52.400951145893544],[11.249181390642294,52.397140848568995],[11.241641585978476,52.127575528895044],[10.803592869723273,52.131359466811062],[10.808473350865999,52.400951145893544]]]}},
{"type":"Feature","properties":{"Tile_ID":"X0065_Y0044","Tile_X":65,"Tile_Y":44,"TOTAL_SCENES":597,"TILE_SIZE":2.32},"geometry":{"type":"Polygon","coordinates":[[[11.249181390642294,52.397140848568995],[11.689804451384363,52.391698746165858],[11.679607226187684,52.122171065372633],[11.241641585978476,52.127575528895044],[11.249181390642294,52.397140848568995]]]}},
{"type":"Feature","properties":{"Tile_ID":"X0066_Y0044","Tile_X":66,"Tile_Y":44,"TOTAL_SCENES":400,"TILE_SIZE":2.95},"geometry":{"type":"Polygon","coordinates":[[[11.689804451384363,52.391698746165858],[12.130312615969878,52.384625435991559],[12.117460542297925,52.115146659632998],[11.679607226187684,52.122171065372633],[11.689804451384363,52.391698746165858]]]}},
{"type":"Feature","properties":{"Tile_ID":"X0067_Y0044","Tile_X":67,"Tile_Y":44,"TOTAL_SCENES":409,"TILE_SIZE":2.9},"geometry":{"type":"Polygon","coordinates":[[[12.130312615969878,52.384625435991559],[12.570676026717958,52.375921693839473],[12.555172343574636,52.106503069400851],[12.117460542297925,52.115146659632998],[12.130312615969878,52.384625435991559]]]}},
{"type":"Feature","properties":{"Tile_ID":"X0068_Y0044","Tile_X":68,"Tile_Y":44,"TOTAL_SCENES":463,"TILE_SIZE":2.71},"geometry":{"type":"Polygon","coordinates":[[[12.570676026717958,52.375921693839473],[13.010864900757348,52.365588473474602],[12.992713511422846,52.096241226240778],[12.555172343574636,52.106503069400851],[12.570676026717958,52.375921693839473]]]}},
{"type":"Feature","properties":{"Tile_ID":"X0069_Y0044","Tile_X":69,"Tile_Y":44,"TOTAL_SCENES":467,"TILE_SIZE":2.49},"geometry":{"type":"Polygon","coordinates":[[[13.010864900757348,52.365588473474602],[13.450849545301722,52.353626906001907],[13.430055014120136,52.084362234948514],[12.992713511422846,52.096241226240778],[13.010864900757348,52.365588473474602]]]}},
{"type":"Feature","properties":{"Tile_ID":"X0070_Y0044","Tile_X":70,"Tile_Y":44,"TOTAL_SCENES":415,"TILE_SIZE":2.99},"geometry":{"type":"Polygon","coordinates":[[[13.450849545301722,52.353626906001907],[13.890600372813482,52.340038299118596],[13.867167921443608,52.070867372830342],[13.430055014120136,52.084362234948514],[13.450849545301722,52.353626906001907]]]}},
{"type":"Feature","properties":{"Tile_ID":"X0071_Y0044","Tile_X":71,"Tile_Y":44,"TOTAL_SCENES":427,"TILE_SIZE":3.05},"geometry":{"type":"Polygon","coordinates":[[[13.890600372813482,52.340038299118596],[14.330087916037488,52.324824136250996],[14.304023419173273,52.055758088871208],[13.867167921443608,52.070867372830342],[13.890600372813482,52.340038299118596]]]}},
{"type":"Feature","properties":{"Tile_ID":"X0072_Y0044","Tile_X":72,"Tile_Y":44,"TOTAL_SCENES":634,"TILE_SIZE":2.41},"geometry":{"type":"Polygon","coordinates":[[[14.330087916037488,52.324824136250996],[14.769282842886577,52.30798607557783],[14.740592823454588,52.039036002793189],[14.304023419173273,52.055758088871208],[14.330087916037488,52.324824136250996]]]}},
{"type":"Feature","properties":{"Tile_ID":"X0073_Y0044","Tile_X":73,"Tile_Y":44,"TOTAL_SCENES":423,"TILE_SIZE":3.01},"geometry":{"type":"Polygon","coordinates":[[[14.769282842886577,52.30798607557783],[15.208155971161066,52.289525948940444],[15.176847595003156,52.020702904005304],[14.740592823454588,52.039036002793189],[14.769282842886577,52.30798607557783]]]}},
{"type":"Feature","properties":{"Tile_ID":"X0074_Y0044","Tile_X":74,"Tile_Y":44,"TOTAL_SCENES":425,"TILE_SIZE":3.09},"geometry":{"type":"Polygon","coordinates":[[[15.208155971161066,52.289525948940444],[15.6466782830847,52.269445760642647],[15.612759353135017,52.000760750446275],[15.176847595003156,52.020702904005304],[15.208155971161066,52.289525948940444]]]}},
{"type":"Feature","properties":{"Tile_ID":"X0075_Y0044","Tile_X":75,"Tile_Y":44,"TOTAL_SCENES":464,"TILE_SIZE":2.76},"geometry":{"type":"Polygon","coordinates":[[[15.6466782830847,52.269445760642647],[16.084820939640114,52.247747686140968],[16.048299889606263,51.979211667322069],[15.612759353135017,52.000760750446275],[15.6466782830847,52.269445760642647]]]}},
{"type":"Feature","properties":{"Tile_ID":"X0076_Y0044","Tile_X":76,"Tile_Y":44,"TOTAL_SCENES":405,"TILE_SIZE":2.55},"geometry":{"type":"Polygon","coordinates":[[[16.084820939640114,52.247747686140968],[16.522555294687152,52.224434070627566],[16.483441182246239,51.956057945739559],[16.048299889606263,51.979211667322069],[16.084820939640114,52.247747686140968]]]}},
{"type":"Feature","properties":{"Tile_ID":"X0077_Y0044","Tile_X":77,"Tile_Y":44,"TOTAL_SCENES":396,"TILE_SIZE":2.85},"geometry":{"type":"Polygon","coordinates":[[[16.522555294687152,52.224434070627566],[16.959852908847989,52.199507427507946],[16.918155408368989,51.931302041238681],[16.483441182246239,51.956057945739559],[16.522555294687152,52.224434070627566]]]}},
{"type":"Feature","properties":{"Tile_ID":"X0078_Y0044","Tile_X":78,"Tile_Y":44,"TOTAL_SCENES":403,"TILE_SIZE":2.9},"geometry":{"type":"Polygon","coordinates":[[[16.959852908847989,52.199507427507946],[17.396685563143485,52.172970436775266],[17.352414957948071,51.90494657222478],[16.918155408368989,51.931302041238681],[16.959852908847989,52.199507427507946]]]}},
{"type":"Feature","properties":{"Tile_ID":"X0079_Y0044","Tile_X":79,"Tile_Y":44,"TOTAL_SCENES":572,"TILE_SIZE":2.22},"geometry":{"type":"Polygon","coordinates":[[[17.396685563143485,52.172970436775266],[17.833025272365777,52.144825943283905],[17.786192446540493,51.876994318303581],[17.352414957948071,51.90494657222478],[17.396685563143485,52.172970436775266]]]}},
{"type":"Feature","properties":{"Tile_ID":"X0080_Y0044","Tile_X":80,"Tile_Y":44,"TOTAL_SCENES":372,"TILE_SIZE":2.87},"geometry":{"type":"Polygon","coordinates":[[[17.833025272365777,52.144825943283905],[18.268844298172635,52.115076954924369],[18.21946072794595,51.847448218520825],[17.786192446540493,51.876994318303581],[17.833025272365777,52.144825943283905]]]}},
{"type":"Feature","properties":{"Tile_ID":"X0081_Y0044","Tile_X":81,"Tile_Y":44,"TOTAL_SCENES":380,"TILE_SIZE":2.88},"geometry":{"type":"Polygon","coordinates":[[[18.268844298172635,52.115076954924369],[18.704115161889867,52.083726640702309],[18.652192906588194,51.816311369509236],[18.21946072794595,51.847448218520825],[18.268844298172635,52.115076954924369]]]}},
{"type":"Feature","properties":{"Tile_ID":"X0082_Y0044","Tile_X":82,"Tile_Y":44,"TOTAL_SCENES":428,"TILE_SIZE":2.4},"geometry":{"type":"Polygon","coordinates":[[[18.704115161889867,52.083726640702309],[19.138810657008481,52.050778328724135],[19.084362349605957,51.783587023545088],[18.652192906588194,51.816311369509236],[18.704115161889867,52.083726640702309]]]}},
{"type":"Feature","properties":{"Tile_ID":"X0083_Y0044","Tile_X":83,"Tile_Y":44,"TOTAL_SCENES":382,"TILE_SIZE":2.67},"geometry":{"type":"Polygon","coordinates":[[[19.138810657008481,52.050778328724135],[19.572903861364185,52.016235504092137],[19.515942698641396,51.749278586517207],[19.084362349605957,51.783587023545088],[19.138810657008481,52.050778328724135]]]}},
{"type":"Feature","properties":{"Tile_ID":"X0084_Y0044","Tile_X":84,"Tile_Y":44,"TOTAL_SCENES":384,"TILE_SIZE":2.99},"geometry":{"type":"Polygon","coordinates":[[[19.572903861364185,52.016235504092137],[20.006368148987363,51.980101806711787],[19.946907881314814,51.713389615810954],[19.515942698641396,51.749278586517207],[19.572903861364185,52.016235504092137]]]}},
{"type":"Feature","properties":{"Tile_ID":"X0085_Y0044","Tile_X":85,"Tile_Y":44,"TOTAL_SCENES":383,"TILE_SIZE":2.93},"geometry":{"type":"Polygon","coordinates":[[[20.006368148987363,51.980101806711787],[20.439177201612342,51.942381029014356],[20.377232122374906,51.675923818110192],[19.946907881314814,51.713389615810954],[20.006368148987363,51.980101806711787]]]}},
{"type":"Feature","properties":{"Tile_ID":"X0086_Y0044","Tile_X":86,"Tile_Y":44,"TOTAL_SCENES":534,"TILE_SIZE":2.28},"geometry":{"type":"Polygon","coordinates":[[[20.439177201612342,51.942381029014356],[20.871305019835646,51.903077113597739],[20.806889954514553,51.636885047119939],[20.377232122374906,51.675923818110192],[20.439177201612342,51.942381029014356]]]}},
{"type":"Feature","properties":{"Tile_ID":"X0087_Y0044","Tile_X":87,"Tile_Y":44,"TOTAL_SCENES":406,"TILE_SIZE":3.15},"geometry":{"type":"Polygon","coordinates":[[[20.871305019835646,51.903077113597739],[21.30272593391344,51.86219415078871],[21.235856228842874,51.596277301212787],[20.806889954514553,51.636885047119939],[20.871305019835646,51.903077113597739]]]}},
{"type":"Feature","properties":{"Tile_ID":"X0088_Y0044","Tile_X":88,"Tile_Y":44,"TOTAL_SCENES":385,"TILE_SIZE":2.95},"geometry":{"type":"Polygon","coordinates":[[[21.30272593391344,51.86219415078871],[21.733414614189275,51.819736376129867],[21.664106125004874,51.554104721002076],[21.235856228842874,51.596277301212787],[21.30272593391344,51.86219415078871]]]}},
{"type":"Feature","properties":{"Tile_ID":"X0089_Y0044","Tile_X":89,"Tile_Y":44,"TOTAL_SCENES":455,"TILE_SIZE":2.41},"geometry":{"type":"Polygon","coordinates":[[[21.733414614189275,51.819736376129867],[22.163346081143946,51.775708167794178],[22.091615160940801,51.510371586845146],[21.664106125004874,51.554104721002076],[21.733414614189275,51.819736376129867]]]}},
{"type":"Feature","properties":{"Tile_ID":"X0090_Y0044","Tile_X":90,"Tile_Y":44,"TOTAL_SCENES":362,"TILE_SIZE":2.63},"geometry":{"type":"Polygon","coordinates":[[[22.163346081143946,51.775708167794178],[22.59249571505995,51.730114043930989],[22.518359202278017,51.465082316279357],[22.091615160940801,51.510371586845146],[22.163346081143946,51.775708167794178]]]}},
{"type":"Feature","properties":{"Tile_ID":"X0091_Y0044","Tile_X":91,"Tile_Y":44,"TOTAL_SCENES":377,"TILE_SIZE":2.9},"geometry":{"type":"Polygon","coordinates":[[[22.59249571505995,51.730114043930989],[23.020839265294008,51.682958659946436],[22.944314471348854,51.4182414613947],[22.518359202278017,51.465082316279357],[22.59249571505995,51.730114043930989]]]}},
{"type":"Feature","properties":{"Tile_ID":"X0092_Y0044","Tile_X":92,"Tile_Y":44,"TOTAL_SCENES":380,"TILE_SIZE":2.73},"geometry":{"type":"Polygon","coordinates":[[[23.020839265294008,51.682958659946436],[23.448352859151552,51.63424680572188],[23.369457555828792,51.369853706145832],[22.944314471348854,51.4182414613947],[23.020839265294008,51.682958659946436]]]}},
{"type":"Feature","properties":{"Tile_ID":"X0093_Y0044","Tile_X":93,"Tile_Y":44,"TOTAL_SCENES":493,"TILE_SIZE":2.09},"geometry":{"type":"Polygon","coordinates":[[[23.448352859151552,51.63424680572188],[23.875013010358238,51.583983402773661],[23.793765416989782,51.319923863606832],[23.369457555828792,51.369853706145832],[23.448352859151552,51.63424680572188]]]}},
{"type":"Feature","properties":{"Tile_ID":"X0047_Y0045","Tile_X":47,"Tile_Y":45,"TOTAL_SCENES":591,"TILE_SIZE":1.78},"geometry":{"type":"Polygon","coordinates":[[[3.372369413054889,51.948026910037846],[3.807372173798533,51.971712156857429],[3.844208216756508,51.703200687058995],[3.411758232974389,51.679676487526969],[3.372369413054889,51.948026910037846]]]}},
{"type":"Feature","properties":{"Tile_ID":"X0048_Y0045","Tile_X":48,"Tile_Y":45,"TOTAL_SCENES":405,"TILE_SIZE":2.9},"geometry":{"type":"Polygon","coordinates":[[[3.807372173798533,51.971712156857429],[4.24278342646197,51.993793561269463],[4.277057690485432,51.725131768610829],[3.844208216756508,51.703200687058995],[3.807372173798533,51.971712156857429]]]}},
{"type":"Feature","properties":{"Tile_ID":"X0049_Y0045","Tile_X":49,"Tile_Y":45,"TOTAL_SCENES":392,"TILE_SIZE":3.08},"geometry":{"type":"Polygon","coordinates":[[[4.24278342646197,51.993793561269463],[4.678575213543966,52.014268777477469],[4.710279301207256,51.745467440141013],[4.277057690485432,51.725131768610829],[4.24278342646197,51.993793561269463]]]}},
{"type":"Feature","properties":{"Tile_ID":"X0050_Y0045","Tile_X":50,"Tile_Y":45,"TOTAL_SCENES":427,"TILE_SIZE":2.71},"geometry":{"type":"Polygon","coordinates":[[[4.678575213543966,52.014268777477469],[5.114719386997822,52.033135625110297],[5.143845512092415,51.76420557132279],[4.710279301207256,51.745467440141013],[4.678575213543966,52.014268777477469]]]}},
{"type":"Feature","properties":{"Tile_ID":"X0051_Y0045","Tile_X":51,"Tile_Y":45,"TOTAL_SCENES":438,"TILE_SIZE":2.31},"geometry":{"type":"Polygon","coordinates":[[[5.114719386997822,52.033135625110297],[5.551187621792694,52.050392090622402],[5.577728615535181,51.781344194894515],[5.143845512092415,51.76420557132279],[5.114719386997822,52.033135625110297]]]}},
{"type":"Feature","properties":{"Tile_ID":"X0052_Y0045","Tile_X":52,"Tile_Y":45,"TOTAL_SCENES":358,"TILE_SIZE":2.76},"geometry":{"type":"Polygon","coordinates":[[[5.551187621792694,52.050392090622402],[5.987951429686513,52.066036328590947],[6.011900746454391,51.796881507910498],[5.577728615535181,51.781344194894515],[5.551187621792694,52.050392090622402]]]}},
{"type":"Feature","properties":{"Tile_ID":"X0053_Y0045","Tile_X":53,"Tile_Y":45,"TOTAL_SCENES":377,"TILE_SIZE":2.78},"geometry":{"type":"Polygon","coordinates":[[[5.987951429686513,52.066036328590947],[6.424982173194818,52.080066662908109],[6.446333895780509,51.810815872890672],[6.011900746454391,51.796881507910498],[5.987951429686513,52.066036328590947]]]}},
{"type":"Feature","properties":{"Tile_ID":"X0054_Y0045","Tile_X":54,"Tile_Y":45,"TOTAL_SCENES":528,"TILE_SIZE":2.06},"geometry":{"type":"Polygon","coordinates":[[[6.424982173194818,52.080066662908109],[6.862251079739463,52.092481587866907],[6.880999924113738,51.823145818867516],[6.446333895780509,51.810815872890672],[6.424982173194818,52.080066662908109]]]}},
{"type":"Feature","properties":{"Tile_ID":"X0055_Y0045","Tile_X":55,"Tile_Y":45,"TOTAL_SCENES":357,"TILE_SIZE":2.71},"geometry":{"type":"Polygon","coordinates":[[[6.862251079739463,52.092481587866907],[7.299729255960663,52.103279769138972],[7.315870575537446,51.83387004232884],[6.880999924113738,51.823145818867516],[6.862251079739463,52.092481587866907]]]}},
{"type":"Feature","properties":{"Tile_ID":"X0056_Y0045","Tile_X":56,"Tile_Y":45,"TOTAL_SCENES":376,"TILE_SIZE":2.84},"geometry":{"type":"Polygon","coordinates":[[[7.299729255960663,52.103279769138972],[7.737387702175593,52.112460044642901],[7.750917491570919,51.842987408054817],[7.315870575537446,51.83387004232884],[7.299729255960663,52.103279769138972]]]}},
{"type":"Feature","properties":{"Tile_ID":"X0057_Y0045","Tile_X":57,"Tile_Y":45,"TOTAL_SCENES":393,"TILE_SIZE":2.78},"geometry":{"type":"Polygon","coordinates":[[[7.737387702175593,52.112460044642901],[8.175197326966318,52.120021425301864],[8.18611222524507,51.850496949848448],[7.750917491570919,51.842987408054817],[7.737387702175593,52.112460044642901]]]}},
{"type":"Feature","properties":{"Tile_ID":"X0058_Y0045","Tile_X":58,"Tile_Y":45,"TOTAL_SCENES":497,"TILE_SIZE":2.13},"geometry":{"type":"Polygon","coordinates":[[[8.175197326966318,52.120021425301864],[8.613128961879539,52.125963095689563],[8.621426255284453,51.85639787115813],[8.18611222524507,51.850496949848448],[8.175197326966318,52.120021425301864]]]}},
{"type":"Feature","properties":{"Tile_ID":"X0059_Y0045","Tile_X":59,"Tile_Y":45,"TOTAL_SCENES":334,"TILE_SIZE":2.61},"geometry":{"type":"Polygon","coordinates":[[[8.613128961879539,52.125963095689563],[9.051153376220567,52.13028441456342],[9.056831000378796,51.86068954559174],[8.621426255284453,51.85639787115813],[8.613128961879539,52.125963095689563]]]}},
{"type":"Feature","properties":{"Tile_ID":"X0060_Y0045","Tile_X":60,"Tile_Y":45,"TOTAL_SCENES":347,"TILE_SIZE":2.55},"geometry":{"type":"Polygon","coordinates":[[[9.051153376220567,52.13028441456342],[9.48924129192336,52.132984915284396],[9.492297833526912,51.863371517321269],[9.056831000378796,51.86068954559174],[9.051153376220567,52.13028441456342]]]}},
{"type":"Feature","properties":{"Tile_ID":"X0061_Y0045","Tile_X":61,"Tile_Y":45,"TOTAL_SCENES":472,"TILE_SIZE":2.18},"geometry":{"type":"Polygon","coordinates":[[[9.48924129192336,52.132984915284396],[9.927363398478693,52.134064306122703],[9.927798096435787,51.864443501377416],[9.492297833526912,51.863371517321269],[9.48924129192336,52.132984915284396]]]}},
{"type":"Feature","properties":{"Tile_ID":"X0062_Y0045","Tile_X":62,"Tile_Y":45,"TOTAL_SCENES":359,"TILE_SIZE":2.61},"geometry":{"type":"Polygon","coordinates":[[[9.927363398478693,52.134064306122703],[10.365490367902103,52.133522470449016],[10.363303113957503,51.863905383834044],[9.927798096435787,51.864443501377416],[9.927363398478693,52.134064306122703]]]}},
{"type":"Feature","properties":{"Tile_ID":"X0063_Y0045","Tile_X":63,"Tile_Y":45,"TOTAL_SCENES":378,"TILE_SIZE":2.81},"geometry":{"type":"Polygon","coordinates":[[[10.365490367902103,52.133522470449016],[10.803592869723273,52.131359466811062],[10.798784208546547,51.861757221881817],[10.363303113957503,51.863905383834044],[10.365490367902103,52.133522470449016]]]}},
{"type":"Feature","properties":{"Tile_ID":"X0064_Y0045","Tile_X":64,"Tile_Y":45,"TOTAL_SCENES":409,"TILE_SIZE":2.82},"geometry":{"type":"Polygon","coordinates":[[[10.803592869723273,52.131359466811062],[11.241641585978476,52.127575528895044],[11.234212714720014,51.857999243791262],[10.798784208546547,51.861757221881817],[10.803592869723273,52.131359466811062]]]}},
{"type":"Feature","properties":{"Tile_ID":"X0065_Y0045","Tile_X":65,"Tile_Y":45,"TOTAL_SCENES":559,"TILE_SIZE":2.26},"geometry":{"type":"Polygon","coordinates":[[[11.241641585978476,52.127575528895044],[11.679607226187684,52.122171065372633],[11.669559993503224,51.852631848765],[11.234212714720014,51.857999243791262],[11.241641585978476,52.127575528895044]]]}},
{"type":"Feature","properties":{"Tile_ID":"X0066_Y0045","Tile_X":66,"Tile_Y":45,"TOTAL_SCENES":396,"TILE_SIZE":2.98},"geometry":{"type":"Polygon","coordinates":[[[11.679607226187684,52.122171065372633],[12.117460542297925,52.115146659632998],[12.104797446843293,51.845655606679678],[11.669559993503224,51.852631848765],[11.679607226187684,52.122171065372633]]]}},
{"type":"Feature","properties":{"Tile_ID":"X0067_Y0045","Tile_X":67,"Tile_Y":45,"TOTAL_SCENES":383,"TILE_SIZE":2.75},"geometry":{"type":"Polygon","coordinates":[[[12.117460542297925,52.115146659632998],[12.555172343574636,52.106503069400851],[12.539896531973248,51.83707125771771],[12.104797446843293,51.845655606679678],[12.117460542297925,52.115146659632998]]]}},
{"type":"Feature","properties":{"Tile_ID":"X0068_Y0045","Tile_X":68,"Tile_Y":45,"TOTAL_SCENES":483,"TILE_SIZE":2.36},"geometry":{"type":"Polygon","coordinates":[[[12.555172343574636,52.106503069400851],[12.992713511422846,52.096241226240778],[12.974828775709454,51.826879711889475],[12.539896531973248,51.83707125771771],[12.555172343574636,52.106503069400851]]]}},
{"type":"Feature","properties":{"Tile_ID":"X0069_Y0045","Tile_X":69,"Tile_Y":45,"TOTAL_SCENES":402,"TILE_SIZE":2.77},"geometry":{"type":"Polygon","coordinates":[[[12.992713511422846,52.096241226240778],[13.430055014120136,52.084362234948514],[13.409565788665201,51.815082048446577],[12.974828775709454,51.826879711889475],[12.992713511422846,52.096241226240778]]]}},
{"type":"Feature","properties":{"Tile_ID":"X0070_Y0045","Tile_X":70,"Tile_Y":45,"TOTAL_SCENES":405,"TILE_SIZE":3.01},"geometry":{"type":"Polygon","coordinates":[[[13.430055014120136,52.084362234948514],[13.867167921443608,52.070867372830342],[13.844079279363509,51.801679515187061],[13.409565788665201,51.815082048446577],[13.430055014120136,52.084362234948514]]]}},
{"type":"Feature","properties":{"Tile_ID":"X0071_Y0045","Tile_X":71,"Tile_Y":45,"TOTAL_SCENES":424,"TILE_SIZE":3.01},"geometry":{"type":"Polygon","coordinates":[[[13.867167921443608,52.070867372830342],[14.304023419173273,52.055758088871208],[14.27834106823247,51.78667352765364],[13.844079279363509,51.801679515187061],[13.867167921443608,52.070867372830342]]]}},
{"type":"Feature","properties":{"Tile_ID":"X0072_Y0045","Tile_X":72,"Tile_Y":45,"TOTAL_SCENES":575,"TILE_SIZE":2.34},"geometry":{"type":"Polygon","coordinates":[[[14.304023419173273,52.055758088871208],[14.740592823454588,52.039036002793189],[14.712323101466676,51.770065668225726],[14.27834106823247,51.78667352765364],[14.304023419173273,52.055758088871208]]]}},
{"type":"Feature","properties":{"Tile_ID":"X0073_Y0045","Tile_X":73,"Tile_Y":45,"TOTAL_SCENES":407,"TILE_SIZE":3.01},"geometry":{"type":"Polygon","coordinates":[[[14.740592823454588,52.039036002793189],[15.176847595003156,52.020702904005304],[15.145997464738588,51.751857685107041],[14.712323101466676,51.770065668225726],[14.740592823454588,52.039036002793189]]]}},
{"type":"Feature","properties":{"Tile_ID":"X0074_Y0045","Tile_X":74,"Tile_Y":45,"TOTAL_SCENES":394,"TILE_SIZE":2.95},"geometry":{"type":"Polygon","coordinates":[[[15.176847595003156,52.020702904005304],[15.612759353135017,52.000760750446275],[15.579336396744015,51.732051491209695],[15.145997464738588,51.751857685107041],[15.176847595003156,52.020702904005304]]]}},
{"type":"Feature","properties":{"Tile_ID":"X0075_Y0045","Tile_X":75,"Tile_Y":45,"TOTAL_SCENES":465,"TILE_SIZE":2.27},"geometry":{"type":"Polygon","coordinates":[[[15.612759353135017,52.000760750446275],[16.048299889606263,51.979211667322069],[16.012312302566311,51.710649162936775],[15.579336396744015,51.732051491209695],[15.612759353135017,52.000760750446275]]]}},
{"type":"Feature","properties":{"Tile_ID":"X0076_Y0045","Tile_X":76,"Tile_Y":45,"TOTAL_SCENES":374,"TILE_SIZE":2.65},"geometry":{"type":"Polygon","coordinates":[[[16.048299889606263,51.979211667322069],[16.483441182246239,51.956057945739559],[16.44489776684421,51.687652938864751],[16.012312302566311,51.710649162936775],[16.048299889606263,51.979211667322069]]]}},
{"type":"Feature","properties":{"Tile_ID":"X0077_Y0045","Tile_X":77,"Tile_Y":45,"TOTAL_SCENES":372,"TILE_SIZE":2.83},"geometry":{"type":"Polygon","coordinates":[[[16.483441182246239,51.956057945739559],[16.918155408368989,51.931302041238681],[16.87706556672871,51.663065218327716],[16.44489776684421,51.687652938864751],[16.483441182246239,51.956057945739559]]]}},
{"type":"Feature","properties":{"Tile_ID":"X0078_Y0045","Tile_X":78,"Tile_Y":45,"TOTAL_SCENES":396,"TILE_SIZE":2.91},"geometry":{"type":"Polygon","coordinates":[[[16.918155408368989,51.931302041238681],[17.352414957948071,51.90494657222478],[17.308788684614854,51.636888559905309],[16.87706556672871,51.663065218327716],[16.918155408368989,51.931302041238681]]]}},
{"type":"Feature","properties":{"Tile_ID":"X0079_Y0045","Tile_X":79,"Tile_Y":45,"TOTAL_SCENES":525,"TILE_SIZE":2.17},"geometry":{"type":"Polygon","coordinates":[[[17.352414957948071,51.90494657222478],[17.786192446540493,51.876994318303581],[17.740040320634762,51.609125679816508],[17.308788684614854,51.636888559905309],[17.352414957948071,51.90494657222478]]]}},
{"type":"Feature","properties":{"Tile_ID":"X0080_Y0045","Tile_X":80,"Tile_Y":45,"TOTAL_SCENES":379,"TILE_SIZE":2.97},"geometry":{"type":"Polygon","coordinates":[[[17.786192446540493,51.876994318303581],[18.21946072794595,51.847448218520825],[18.170793904898726,51.579779450221352],[17.740040320634762,51.609125679816508],[17.786192446540493,51.876994318303581]]]}},
{"type":"Feature","properties":{"Tile_ID":"X0081_Y0045","Tile_X":81,"Tile_Y":45,"TOTAL_SCENES":391,"TILE_SIZE":3.07},"geometry":{"type":"Polygon","coordinates":[[[18.21946072794595,51.847448218520825],[18.652192906588194,51.816311369509236],[18.601023109471875,51.548852897432866],[18.170793904898726,51.579779450221352],[18.21946072794595,51.847448218520825]]]}},
{"type":"Feature","properties":{"Tile_ID":"X0082_Y0045","Tile_X":82,"Tile_Y":45,"TOTAL_SCENES":459,"TILE_SIZE":2.2},"geometry":{"type":"Polygon","coordinates":[[[18.652192906588194,51.816311369509236],[19.084362349605957,51.783587023545088],[19.030701860074192,51.516349200041795],[18.601023109471875,51.548852897432866],[18.652192906588194,51.816311369509236]]]}},
{"type":"Feature","properties":{"Tile_ID":"X0083_Y0045","Tile_X":83,"Tile_Y":45,"TOTAL_SCENES":373,"TILE_SIZE":2.74},"geometry":{"type":"Polygon","coordinates":[[[19.084362349605957,51.783587023545088],[19.515942698641396,51.749278586517207],[19.459804347492636,51.482271686956302],[19.030701860074192,51.516349200041795],[19.084362349605957,51.783587023545088]]]}},
{"type":"Feature","properties":{"Tile_ID":"X0084_Y0045","Tile_X":84,"Tile_Y":45,"TOTAL_SCENES":380,"TILE_SIZE":2.96},"geometry":{"type":"Polygon","coordinates":[[[19.515942698641396,51.749278586517207],[19.946907881314814,51.713389615810954],[19.888305038694309,51.446623835359631],[19.459804347492636,51.482271686956302],[19.515942698641396,51.749278586517207]]]}},
{"type":"Feature","properties":{"Tile_ID":"X0085_Y0045","Tile_X":85,"Tile_Y":45,"TOTAL_SCENES":381,"TILE_SIZE":2.74},"geometry":{"type":"Polygon","coordinates":[[[19.946907881314814,51.713389615810954],[20.377232122374906,51.675923818110192],[20.316178687630586,51.409409268587972],[19.888305038694309,51.446623835359631],[19.946907881314814,51.713389615810954]]]}},
{"type":"Feature","properties":{"Tile_ID":"X0086_Y0045","Tile_X":86,"Tile_Y":45,"TOTAL_SCENES":482,"TILE_SIZE":2.27},"geometry":{"type":"Polygon","coordinates":[[[20.377232122374906,51.675923818110192],[20.806889954514553,51.636885047119939],[20.743400345722524,51.370631753931669],[20.316178687630586,51.409409268587972],[20.377232122374906,51.675923818110192]]]}},
{"type":"Feature","properties":{"Tile_ID":"X0087_Y0045","Tile_X":87,"Tile_Y":45,"TOTAL_SCENES":396,"TILE_SIZE":3.1},"geometry":{"type":"Polygon","coordinates":[[[20.806889954514553,51.636885047119939],[21.235856228842874,51.596277301212787],[21.169945372018582,51.330295200362407],[20.743400345722524,51.370631753931669],[20.806889954514553,51.636885047119939]]]}},
{"type":"Feature","properties":{"Tile_ID":"X0088_Y0045","Tile_X":88,"Tile_Y":45,"TOTAL_SCENES":371,"TILE_SIZE":2.85},"geometry":{"type":"Polygon","coordinates":[[[21.235856228842874,51.596277301212787],[21.664106125004874,51.554104721002076],[21.595789443016411,51.288403656189303],[21.169945372018582,51.330295200362407],[21.235856228842874,51.596277301212787]]]}},
{"type":"Feature","properties":{"Tile_ID":"X0089_Y0045","Tile_X":89,"Tile_Y":45,"TOTAL_SCENES":485,"TILE_SIZE":2.18},"geometry":{"type":"Polygon","coordinates":[[[21.664106125004874,51.554104721002076],[22.091615160940801,51.510371586845146],[22.020908562141006,51.244961306646822],[21.595789443016411,51.288403656189303],[21.664106125004874,51.554104721002076]]]}},
{"type":"Feature","properties":{"Tile_ID":"X0090_Y0045","Tile_X":90,"Tile_Y":45,"TOTAL_SCENES":386,"TILE_SIZE":2.84},"geometry":{"type":"Polygon","coordinates":[[[22.091615160940801,51.510371586845146],[22.518359202278017,51.465082316279357],[22.445279068872299,51.199972471417794],[22.020908562141006,51.244961306646822],[22.091615160940801,51.510371586845146]]]}},
{"type":"Feature","properties":{"Tile_ID":"X0091_Y0045","Tile_X":91,"Tile_Y":45,"TOTAL_SCENES":382,"TILE_SIZE":2.9},"geometry":{"type":"Polygon","coordinates":[[[22.518359202278017,51.465082316279357],[22.944314471348854,51.4182414613947],[22.868877647515891,51.153441602094176],[22.445279068872299,51.199972471417794],[22.518359202278017,51.465082316279357]]]}},
{"type":"Feature","properties":{"Tile_ID":"X0092_Y0045","Tile_X":92,"Tile_Y":45,"TOTAL_SCENES":394,"TILE_SIZE":2.67},"geometry":{"type":"Polygon","coordinates":[[[22.944314471348854,51.4182414613947],[23.369457555828792,51.369853706145832],[23.291681335611297,51.105373279579098],[22.868877647515891,51.153441602094176],[22.944314471348854,51.4182414613947]]]}},
{"type":"Feature","properties":{"Tile_ID":"X0093_Y0045","Tile_X":93,"Tile_Y":45,"TOTAL_SCENES":429,"TILE_SIZE":2.33},"geometry":{"type":"Polygon","coordinates":[[[23.369457555828792,51.369853706145832],[23.793765416989782,51.319923863606832],[23.713667531972767,51.055772211433009],[23.291681335611297,51.105373279579098],[23.369457555828792,51.369853706145832]]]}},
{"type":"Feature","properties":{"Tile_ID":"X0094_Y0045","Tile_X":94,"Tile_Y":45,"TOTAL_SCENES":421,"TILE_SIZE":3.05},"geometry":{"type":"Polygon","coordinates":[[[23.793765416989782,51.319923863606832],[24.217215397564516,51.268456873172447],[24.1348140043585,51.00464322916735],[23.713667531972767,51.055772211433009],[23.793765416989782,51.319923863606832]]]}},
{"type":"Feature","properties":{"Tile_ID":"X0047_Y0046","Tile_X":47,"Tile_Y":46,"TOTAL_SCENES":448,"TILE_SIZE":2.3},"geometry":{"type":"Polygon","coordinates":[[[3.411758232974389,51.679676487526969],[3.844208216756508,51.703200687058995],[3.880509844050965,51.434660792555377],[3.45057624918489,51.411295242684005],[3.411758232974389,51.679676487526969]]]}},
{"type":"Feature","properties":{"Tile_ID":"X0048_Y0046","Tile_X":48,"Tile_Y":46,"TOTAL_SCENES":413,"TILE_SIZE":3.02},"geometry":{"type":"Polygon","coordinates":[[[3.844208216756508,51.703200687058995],[4.277057690485432,51.725131768610829],[4.310834178780369,51.456443792755685],[3.880509844050965,51.434660792555377],[3.844208216756508,51.703200687058995]]]}},
{"type":"Feature","properties":{"Tile_ID":"X0049_Y0046","Tile_X":49,"Tile_Y":46,"TOTAL_SCENES":420,"TILE_SIZE":3.24},"geometry":{"type":"Polygon","coordinates":[[[4.277057690485432,51.725131768610829],[4.710279301207256,51.745467440141013],[4.741522488483006,51.476642003464647],[4.310834178780369,51.456443792755685],[4.277057690485432,51.725131768610829]]]}},
{"type":"Feature","properties":{"Tile_ID":"X0050_Y0046","Tile_X":50,"Tile_Y":46,"TOTAL_SCENES":537,"TILE_SIZE":2.28},"geometry":{"type":"Polygon","coordinates":[[[4.710279301207256,51.745467440141013],[5.143845512092415,51.76420557132279],[5.172547830784629,51.495253342968837],[4.741522488483006,51.476642003464647],[4.710279301207256,51.745467440141013]]]}},
{"type":"Feature","properties":{"Tile_ID":"X0051_Y0046","Tile_X":51,"Tile_Y":46,"TOTAL_SCENES":353,"TILE_SIZE":2.62},"geometry":{"type":"Polygon","coordinates":[[[5.143845512092415,51.76420557132279],[5.577728615535181,51.781344194894515],[5.603883098483131,51.51227588896429],[5.172547830784629,51.495253342968837],[5.143845512092415,51.76420557132279]]]}},
{"type":"Feature","properties":{"Tile_ID":"X0052_Y0046","Tile_X":52,"Tile_Y":46,"TOTAL_SCENES":349,"TILE_SIZE":2.68},"geometry":{"type":"Polygon","coordinates":[[[5.577728615535181,51.781344194894515],[6.011900746454391,51.796881507910498],[6.035501032396319,51.527707879763085],[5.603883098483131,51.51227588896429],[5.577728615535181,51.781344194894515]]]}},
{"type":"Feature","properties":{"Tile_ID":"X0053_Y0046","Tile_X":53,"Tile_Y":46,"TOTAL_SCENES":356,"TILE_SIZE":2.6},"geometry":{"type":"Polygon","coordinates":[[[6.011900746454391,51.796881507910498],[6.446333895780509,51.810815872890672],[6.467374234386968,51.541547715402217],[6.035501032396319,51.527707879763085],[6.011900746454391,51.796881507910498]]]}},
{"type":"Feature","properties":{"Tile_ID":"X0054_Y0046","Tile_X":54,"Tile_Y":46,"TOTAL_SCENES":506,"TILE_SIZE":2.06},"geometry":{"type":"Polygon","coordinates":[[[6.446333895780509,51.810815872890672],[6.880999924113738,51.823145818867516],[6.899475180550572,51.553793958653294],[6.467374234386968,51.541547715402217],[6.446333895780509,51.810815872890672]]]}},
{"type":"Feature","properties":{"Tile_ID":"X0055_Y0046","Tile_X":55,"Tile_Y":46,"TOTAL_SCENES":364,"TILE_SIZE":2.8},"geometry":{"type":"Polygon","coordinates":[[[6.880999924113738,51.823145818867516],[7.315870575537446,51.83387004232884],[7.331776234550846,51.56444533593163],[6.899475180550572,51.553793958653294],[6.880999924113738,51.823145818867516]]]}},
{"type":"Feature","properties":{"Tile_ID":"X0056_Y0046","Tile_X":56,"Tile_Y":46,"TOTAL_SCENES":377,"TILE_SIZE":2.92},"geometry":{"type":"Polygon","coordinates":[[[7.315870575537446,51.83387004232884],[7.750917491570919,51.842987408054817],[7.764249661087729,51.573500738103512],[7.331776234550846,51.56444533593163],[7.315870575537446,51.83387004232884]]]}},
{"type":"Feature","properties":{"Tile_ID":"X0057_Y0046","Tile_X":57,"Tile_Y":46,"TOTAL_SCENES":424,"TILE_SIZE":2.38},"geometry":{"type":"Polygon","coordinates":[[[7.750917491570919,51.842987408054817],[8.18611222524507,51.850496949848448],[8.196867639482317,51.580959221190525],[7.764249661087729,51.573500738103512],[7.750917491570919,51.842987408054817]]]}},
{"type":"Feature","properties":{"Tile_ID":"X0058_Y0046","Tile_X":58,"Tile_Y":46,"TOTAL_SCENES":377,"TILE_SIZE":2.56},"geometry":{"type":"Polygon","coordinates":[[[8.18611222524507,51.850496949848448],[8.621426255284453,51.85639787115813],[8.629602277362888,51.586820006969937],[8.196867639482317,51.580959221190525],[8.18611222524507,51.850496949848448]]]}},
{"type":"Feature","properties":{"Tile_ID":"X0059_Y0046","Tile_X":59,"Tile_Y":46,"TOTAL_SCENES":339,"TILE_SIZE":2.64},"geometry":{"type":"Polygon","coordinates":[[[8.621426255284453,51.85639787115813],[9.056831000378796,51.86068954559174],[9.062425624436067,51.591082483470245],[8.629602277362888,51.586820006969937],[8.621426255284453,51.85639787115813]]]}},
{"type":"Feature","properties":{"Tile_ID":"X0060_Y0046","Tile_X":60,"Tile_Y":46,"TOTAL_SCENES":324,"TILE_SIZE":2.5},"geometry":{"type":"Polygon","coordinates":[[[9.056831000378796,51.86068954559174],[9.492297833526912,51.863371517321269],[9.495309686326765,51.59374620536132],[9.062425624436067,51.591082483470245],[9.056831000378796,51.86068954559174]]]}},
{"type":"Feature","properties":{"Tile_ID":"X0061_Y0046","Tile_X":61,"Tile_Y":46,"TOTAL_SCENES":501,"TILE_SIZE":1.97},"geometry":{"type":"Polygon","coordinates":[[[9.492297833526912,51.863371517321269],[9.927798096435787,51.864443501377416],[9.928226438470633,51.594810894238606],[9.495309686326765,51.59374620536132],[9.492297833526912,51.863371517321269]]]}},
{"type":"Feature","properties":{"Tile_ID":"X0062_Y0046","Tile_X":62,"Tile_Y":46,"TOTAL_SCENES":336,"TILE_SIZE":2.58},"geometry":{"type":"Polygon","coordinates":[[[9.927798096435787,51.864443501377416],[10.363303113957503,51.863905383834044],[10.361147840042449,51.594276438800755],[9.928226438470633,51.594810894238606],[9.927798096435787,51.864443501377416]]]}},
{"type":"Feature","properties":{"Tile_ID":"X0063_Y0046","Tile_X":63,"Tile_Y":46,"TOTAL_SCENES":310,"TILE_SIZE":2.36},"geometry":{"type":"Polygon","coordinates":[[[10.363303113957503,51.863905383834044],[10.798784208546547,51.861757221881817],[10.794045847903906,51.592142894920791],[10.361147840042449,51.594276438800755],[10.363303113957503,51.863905383834044]]]}},
{"type":"Feature","properties":{"Tile_ID":"X0064_Y0046","Tile_X":64,"Tile_Y":46,"TOTAL_SCENES":399,"TILE_SIZE":2.55},"geometry":{"type":"Polygon","coordinates":[[[10.798784208546547,51.861757221881817],[11.234212714720014,51.857999243791262],[11.226892430554152,51.588410485610325],[10.794045847903906,51.592142894920791],[10.798784208546547,51.861757221881817]]]}},
{"type":"Feature","properties":{"Tile_ID":"X0065_Y0046","Tile_X":65,"Tile_Y":46,"TOTAL_SCENES":402,"TILE_SIZE":2.35},"geometry":{"type":"Polygon","coordinates":[[[11.234212714720014,51.857999243791262],[11.669559993503224,51.852631848765],[11.65965958206645,51.583079600877269],[11.226892430554152,51.588410485610325],[11.234212714720014,51.857999243791262]]]}},
{"type":"Feature","properties":{"Tile_ID":"X0066_Y0046","Tile_X":66,"Tile_Y":46,"TOTAL_SCENES":390,"TILE_SIZE":2.92},"geometry":{"type":"Polygon","coordinates":[[[11.669559993503224,51.852631848765],[12.104797446843293,51.845655606679678],[12.092319335994372,51.576150797476878],[11.65965958206645,51.583079600877269],[11.669559993503224,51.852631848765]]]}},
{"type":"Feature","properties":{"Tile_ID":"X0067_Y0046","Tile_X":67,"Tile_Y":46,"TOTAL_SCENES":390,"TILE_SIZE":2.92},"geometry":{"type":"Polygon","coordinates":[[[12.104797446843293,51.845655606679678],[12.539896531973248,51.83707125771771],[12.524843779230991,51.567624798556807],[12.092319335994372,51.576150797476878],[12.104797446843293,51.845655606679678]]]}},
{"type":"Feature","properties":{"Tile_ID":"X0068_Y0046","Tile_X":68,"Tile_Y":46,"TOTAL_SCENES":568,"TILE_SIZE":2.13},"geometry":{"type":"Polygon","coordinates":[[[12.539896531973248,51.83707125771771],[12.974828775709454,51.826879711889475],[12.957205065804649,51.557502493196246],[12.524843779230991,51.567624798556807],[12.539896531973248,51.83707125771771]]]}},
{"type":"Feature","properties":{"Tile_ID":"X0069_Y0046","Tile_X":69,"Tile_Y":46,"TOTAL_SCENES":411,"TILE_SIZE":3.06},"geometry":{"type":"Polygon","coordinates":[[[12.974828775709454,51.826879711889475],[13.409565788665201,51.815082048446577],[13.389375430594981,51.545784935840388],[12.957205065804649,51.557502493196246],[12.974828775709454,51.826879711889475]]]}},
{"type":"Feature","properties":{"Tile_ID":"X0070_Y0046","Tile_X":70,"Tile_Y":46,"TOTAL_SCENES":398,"TILE_SIZE":2.95},"geometry":{"type":"Polygon","coordinates":[[[13.409565788665201,51.815082048446577],[13.844079279363509,51.801679515187061],[13.821327202953162,51.532473345630358],[13.389375430594981,51.545784935840388],[13.409565788665201,51.815082048446577]]]}},
{"type":"Feature","properties":{"Tile_ID":"X0071_Y0046","Tile_X":71,"Tile_Y":46,"TOTAL_SCENES":438,"TILE_SIZE":2.86},"geometry":{"type":"Polygon","coordinates":[[[13.844079279363509,51.801679515187061],[14.27834106823247,51.78667352765364],[14.253032820210397,51.517569105630017],[13.821327202953162,51.532473345630358],[13.844079279363509,51.801679515187061]]]}},
{"type":"Feature","properties":{"Tile_ID":"X0072_Y0046","Tile_X":72,"Tile_Y":46,"TOTAL_SCENES":445,"TILE_SIZE":2.4},"geometry":{"type":"Polygon","coordinates":[[[14.27834106823247,51.78667352765364],[14.712323101466676,51.770065668225726],[14.684464841059075,51.501073761950472],[14.253032820210397,51.517569105630017],[14.27834106823247,51.78667352765364]]]}},
{"type":"Feature","properties":{"Tile_ID":"X0073_Y0046","Tile_X":73,"Tile_Y":46,"TOTAL_SCENES":397,"TILE_SIZE":2.95},"geometry":{"type":"Polygon","coordinates":[[[14.712323101466676,51.770065668225726],[15.145997464738588,51.751857685107041],[15.115595958791182,51.482989022773637],[14.684464841059075,51.501073761950472],[14.712323101466676,51.770065668225726]]]}},
{"type":"Feature","properties":{"Tile_ID":"X0074_Y0046","Tile_X":74,"Tile_Y":46,"TOTAL_SCENES":401,"TILE_SIZE":3.02},"geometry":{"type":"Polygon","coordinates":[[[15.145997464738588,51.751857685107041],[15.579336396744015,51.732051491209695],[15.546399014378929,51.463316757276012],[15.115595958791182,51.482989022773637],[15.145997464738588,51.751857685107041]]]}},
{"type":"Feature","properties":{"Tile_ID":"X0075_Y0046","Tile_X":75,"Tile_Y":46,"TOTAL_SCENES":566,"TILE_SIZE":2.12},"geometry":{"type":"Polygon","coordinates":[[[15.579336396744015,51.732051491209695],[16.012312302566311,51.710649162936775],[15.97684700938291,51.442058994454349],[15.546399014378929,51.463316757276012],[15.579336396744015,51.732051491209695]]]}},
{"type":"Feature","properties":{"Tile_ID":"X0076_Y0046","Tile_X":76,"Tile_Y":46,"TOTAL_SCENES":372,"TILE_SIZE":2.78},"geometry":{"type":"Polygon","coordinates":[[[16.012312302566311,51.710649162936775],[16.44489776684421,51.687652938864751],[16.406913118673419,51.419217921854717],[15.97684700938291,51.442058994454349],[16.012312302566311,51.710649162936775]]]}},
{"type":"Feature","properties":{"Tile_ID":"X0077_Y0046","Tile_X":77,"Tile_Y":46,"TOTAL_SCENES":375,"TILE_SIZE":2.83},"geometry":{"type":"Polygon","coordinates":[[[16.44489776684421,51.687652938864751],[16.87706556672871,51.663065218327716],[16.836570702951047,51.394795884206737],[16.406913118673419,51.419217921854717],[16.44489776684421,51.687652938864751]]]}},
{"type":"Feature","properties":{"Tile_ID":"X0078_Y0046","Tile_X":78,"Tile_Y":46,"TOTAL_SCENES":395,"TILE_SIZE":2.58},"geometry":{"type":"Polygon","coordinates":[[[16.87706556672871,51.663065218327716],[17.308788684614854,51.636888559905309],[17.265793321053039,51.368795381964659],[16.836570702951047,51.394795884206737],[16.87706556672871,51.663065218327716]]]}},
{"type":"Feature","properties":{"Tile_ID":"X0079_Y0046","Tile_X":79,"Tile_Y":46,"TOTAL_SCENES":395,"TILE_SIZE":2.19},"geometry":{"type":"Polygon","coordinates":[[[17.308788684614854,51.636888559905309],[17.740040320634762,51.609125679816508],[17.694554742032349,51.341219069757592],[17.265793321053039,51.368795381964659],[17.308788684614854,51.636888559905309]]]}},
{"type":"Feature","properties":{"Tile_ID":"X0080_Y0046","Tile_X":80,"Tile_Y":46,"TOTAL_SCENES":362,"TILE_SIZE":2.76},"geometry":{"type":"Polygon","coordinates":[[[17.740040320634762,51.609125679816508],[18.170793904898726,51.579779450221352],[18.122828956996937,51.312069754750581],[17.694554742032349,51.341219069757592],[17.740040320634762,51.609125679816508]]]}},
{"type":"Feature","properties":{"Tile_ID":"X0081_Y0046","Tile_X":81,"Tile_Y":46,"TOTAL_SCENES":365,"TILE_SIZE":2.79},"geometry":{"type":"Polygon","coordinates":[[[18.170793904898726,51.579779450221352],[18.601023109471875,51.548852897432866],[18.550590190697143,51.281350394919045],[18.122828956996937,51.312069754750581],[18.170793904898726,51.579779450221352]]]}},
{"type":"Feature","properties":{"Tile_ID":"X0082_Y0046","Tile_X":82,"Tile_Y":46,"TOTAL_SCENES":544,"TILE_SIZE":1.98},"geometry":{"type":"Polygon","coordinates":[[[18.601023109471875,51.548852897432866],[19.030701860074192,51.516349200041795],[18.977812912849735,51.249064097238602],[18.550590190697143,51.281350394919045],[18.601023109471875,51.548852897432866]]]}},
{"type":"Feature","properties":{"Tile_ID":"X0083_Y0046","Tile_X":83,"Tile_Y":46,"TOTAL_SCENES":394,"TILE_SIZE":2.92},"geometry":{"type":"Polygon","coordinates":[[[19.030701860074192,51.516349200041795],[19.459804347492636,51.482271686956302],[19.404471849187566,51.215214115792755],[18.977812912849735,51.249064097238602],[19.030701860074192,51.516349200041795]]]}},
{"type":"Feature","properties":{"Tile_ID":"X0084_Y0046","Tile_X":84,"Tile_Y":46,"TOTAL_SCENES":392,"TILE_SIZE":2.98},"geometry":{"type":"Polygon","coordinates":[[[19.459804347492636,51.482271686956302],[19.888305038694309,51.446623835359631],[19.830541992224518,51.179803849800983],[19.404471849187566,51.215214115792755],[19.459804347492636,51.482271686956302]]]}},
{"type":"Feature","properties":{"Tile_ID":"X0085_Y0046","Tile_X":85,"Tile_Y":46,"TOTAL_SCENES":398,"TILE_SIZE":2.61},"geometry":{"type":"Polygon","coordinates":[[[19.888305038694309,51.446623835359631],[20.316178687630586,51.409409268587972],[20.255998611725843,51.142836841569711],[19.830541992224518,51.179803849800983],[19.888305038694309,51.446623835359631]]]}},
{"type":"Feature","properties":{"Tile_ID":"X0086_Y0046","Tile_X":86,"Tile_Y":46,"TOTAL_SCENES":406,"TILE_SIZE":2.32},"geometry":{"type":"Polygon","coordinates":[[[20.316178687630586,51.409409268587972],[20.743400345722524,51.370631753931669],[20.680817264874765,51.104316774368641],[20.255998611725843,51.142836841569711],[20.316178687630586,51.409409268587972]]]}},
{"type":"Feature","properties":{"Tile_ID":"X0087_Y0046","Tile_X":87,"Tile_Y":46,"TOTAL_SCENES":402,"TILE_SIZE":3.01},"geometry":{"type":"Polygon","coordinates":[[[20.743400345722524,51.370631753931669],[21.169945372018582,51.330295200362407],[21.104973806126601,51.064247470235578],[20.680817264874765,51.104316774368641],[20.743400345722524,51.370631753931669]]]}},
{"type":"Feature","properties":{"Tile_ID":"X0088_Y0046","Tile_X":88,"Tile_Y":46,"TOTAL_SCENES":409,"TILE_SIZE":3.07},"geometry":{"type":"Polygon","coordinates":[[[21.169945372018582,51.330295200362407],[21.595789443016411,51.288403656189303],[21.528444396742547,51.022632887711957],[21.104973806126601,51.064247470235578],[21.169945372018582,51.330295200362407]]]}},
{"type":"Feature","properties":{"Tile_ID":"X0089_Y0046","Tile_X":89,"Tile_Y":46,"TOTAL_SCENES":573,"TILE_SIZE":2.16},"geometry":{"type":"Polygon","coordinates":[[[21.595789443016411,51.288403656189303],[22.020908562141006,51.244961306646822],[21.951205513995571,50.97947711951231],[21.528444396742547,51.022632887711957],[21.595789443016411,51.288403656189303]]]}},
{"type":"Feature","properties":{"Tile_ID":"X0090_Y0046","Tile_X":90,"Tile_Y":46,"TOTAL_SCENES":428,"TILE_SIZE":3.1},"geometry":{"type":"Polygon","coordinates":[[[22.020908562141006,51.244961306646822],[22.445279068872299,51.199972471417794],[22.373233960041944,50.934784390130517],[21.951205513995571,50.97947711951231],[22.020908562141006,51.244961306646822]]]}},
{"type":"Feature","properties":{"Tile_ID":"X0091_Y0046","Tile_X":91,"Tile_Y":46,"TOTAL_SCENES":417,"TILE_SIZE":3.04},"geometry":{"type":"Polygon","coordinates":[[[22.445279068872299,51.199972471417794],[22.868877647515891,51.153441602094176],[22.794506870451961,50.888559053385457],[22.373233960041944,50.934784390130517],[22.445279068872299,51.199972471417794]]]}},
{"type":"Feature","properties":{"Tile_ID":"X0092_Y0046","Tile_X":92,"Tile_Y":46,"TOTAL_SCENES":428,"TILE_SIZE":2.62},"geometry":{"type":"Polygon","coordinates":[[[22.868877647515891,51.153441602094176],[23.291681335611297,51.105373279579098],[23.215001722394721,50.840805589909479],[22.794506870451961,50.888559053385457],[22.868877647515891,51.153441602094176]]]}},
{"type":"Feature","properties":{"Tile_ID":"X0093_Y0046","Tile_X":93,"Tile_Y":46,"TOTAL_SCENES":406,"TILE_SIZE":2.44},"geometry":{"type":"Polygon","coordinates":[[[23.291681335611297,51.105373279579098],[23.713667531972767,51.055772211433009],[23.634696342471923,50.791528604582354],[23.215001722394721,50.840805589909479],[23.291681335611297,51.105373279579098]]]}},
{"type":"Feature","properties":{"Tile_ID":"X0094_Y0046","Tile_X":94,"Tile_Y":46,"TOTAL_SCENES":409,"TILE_SIZE":3.0},"geometry":{"type":"Polygon","coordinates":[[[23.713667531972767,51.055772211433009],[24.1348140043585,51.00464322916735],[24.053568914196607,50.740732823913881],[23.634696342471923,50.791528604582354],[23.713667531972767,51.055772211433009]]]}},
{"type":"Feature","properties":{"Tile_ID":"X0095_Y0046","Tile_X":95,"Tile_Y":46,"TOTAL_SCENES":431,"TILE_SIZE":3.05},"geometry":{"type":"Polygon","coordinates":[[[24.1348140043585,51.00464322916735],[24.555098896764587,50.951991285488845],[24.471597985113256,50.688423093378212],[24.053568914196607,50.740732823913881],[24.1348140043585,51.00464322916735]]]}},
{"type":"Feature","properties":{"Tile_ID":"X0044_Y0047","Tile_X":44,"Tile_Y":47,"TOTAL_SCENES":436,"TILE_SIZE":2.52},"geometry":{"type":"Polygon","coordinates":[[[2.163384630477034,51.331728034870913],[2.591987376694851,51.35982623527012],[2.6351801279125,51.091756676391235],[2.209029233386374,51.063845685289131],[2.163384630477034,51.331728034870913]]]}},
{"type":"Feature","properties":{"Tile_ID":"X0045_Y0047","Tile_X":45,"Tile_Y":47,"TOTAL_SCENES":426,"TILE_SIZE":2.73},"geometry":{"type":"Polygon","coordinates":[[[2.591987376694851,51.35982623527012],[3.021059969137073,51.386349539671897],[3.061790686180878,51.118103014068168],[2.6351801279125,51.091756676391235],[2.591987376694851,51.35982623527012]]]}},
{"type":"Feature","properties":{"Tile_ID":"X0046_Y0047","Tile_X":46,"Tile_Y":47,"TOTAL_SCENES":590,"TILE_SIZE":2.11},"geometry":{"type":"Polygon","coordinates":[[[3.021059969137073,51.386349539671897],[3.45057624918489,51.411295242684005],[3.488835300876933,51.142882053888471],[3.061790686180878,51.118103014068168],[3.021059969137073,51.386349539671897]]]}},
{"type":"Feature","properties":{"Tile_ID":"X0047_Y0047","Tile_X":47,"Tile_Y":47,"TOTAL_SCENES":412,"TILE_SIZE":2.95},"geometry":{"type":"Polygon","coordinates":[[[3.45057624918489,51.411295242684005],[3.880509844050965,51.434660792555377],[3.916288157858784,51.166091301709237],[3.488835300876933,51.142882053888471],[3.45057624918489,51.411295242684005]]]}},
{"type":"Feature","properties":{"Tile_ID":"X0048_Y0047","Tile_X":48,"Tile_Y":47,"TOTAL_SCENES":418,"TILE_SIZE":3.07},"geometry":{"type":"Polygon","coordinates":[[[3.880509844050965,51.434660792555377],[4.310834178780369,51.456443792755685],[4.344123247764154,51.187728415200802],[3.916288157858784,51.166091301709237],[3.880509844050965,51.434660792555377]]]}},
{"type":"Feature","properties":{"Tile_ID":"X0049_Y0047","Tile_X":49,"Tile_Y":47,"TOTAL_SCENES":401,"TILE_SIZE":2.91},"geometry":{"type":"Polygon","coordinates":[[[4.310834178780369,51.456443792755685],[4.741522488483006,51.476642003464647],[4.772314377837724,51.20779120528384],[4.344123247764154,51.187728415200802],[4.310834178780369,51.456443792755685]]]}},
{"type":"Feature","properties":{"Tile_ID":"X0050_Y0047","Tile_X":50,"Tile_Y":47,"TOTAL_SCENES":549,"TILE_SIZE":2.01},"geometry":{"type":"Polygon","coordinates":[[[4.741522488483006,51.476642003464647],[5.172547830784629,51.495253342968837],[5.20083518396661,51.226277637477359],[4.772314377837724,51.20779120528384],[4.741522488483006,51.476642003464647]]]}},
{"type":"Feature","properties":{"Tile_ID":"X0051_Y0047","Tile_X":51,"Tile_Y":47,"TOTAL_SCENES":375,"TILE_SIZE":2.79},"geometry":{"type":"Polygon","coordinates":[[[5.172547830784629,51.495253342968837],[5.603883098483131,51.51227588896429],[5.629659142911243,51.243185833155565],[5.20083518396661,51.226277637477359],[5.172547830784629,51.495253342968837]]]}},
{"type":"Feature","properties":{"Tile_ID":"X0052_Y0047","Tile_X":52,"Tile_Y":47,"TOTAL_SCENES":355,"TILE_SIZE":2.68},"geometry":{"type":"Polygon","coordinates":[[[5.603883098483131,51.51227588896429],[6.035501032396319,51.527707879763085],[6.05875958471852,51.258514070711946],[5.629659142911243,51.243185833155565],[5.603883098483131,51.51227588896429]]]}},
{"type":"Feature","properties":{"Tile_ID":"X0053_Y0047","Tile_X":53,"Tile_Y":47,"TOTAL_SCENES":384,"TILE_SIZE":2.35},"geometry":{"type":"Polygon","coordinates":[[[6.035501032396319,51.527707879763085],[6.467374234386968,51.541547715402217],[6.48810970530366,51.27226078662909],[6.05875958471852,51.258514070711946],[6.035501032396319,51.527707879763085]]]}},
{"type":"Feature","properties":{"Tile_ID":"X0054_Y0047","Tile_X":54,"Tile_Y":47,"TOTAL_SCENES":382,"TILE_SIZE":2.35},"geometry":{"type":"Polygon","coordinates":[[[6.467374234386968,51.541547715402217],[6.899475180550572,51.553793958653294],[6.917682579186889,51.284424576452686],[6.48810970530366,51.27226078662909],[6.467374234386968,51.541547715402217]]]}},
{"type":"Feature","properties":{"Tile_ID":"X0055_Y0047","Tile_X":55,"Tile_Y":47,"TOTAL_SCENES":363,"TILE_SIZE":2.75},"geometry":{"type":"Polygon","coordinates":[[[6.899475180550572,51.553793958653294],[7.331776234550846,51.56444533593163],[7.347451172370715,51.295004195668476],[6.917682579186889,51.284424576452686],[6.899475180550572,51.553793958653294]]]}},
{"type":"Feature","properties":{"Tile_ID":"X0056_Y0047","Tile_X":56,"Tile_Y":47,"TOTAL_SCENES":359,"TILE_SIZE":2.79},"geometry":{"type":"Polygon","coordinates":[[[7.331776234550846,51.56444533593163],[7.764249661087729,51.573500738103512],[7.777388355343258,51.303998560480927],[7.347451172370715,51.295004195668476],[7.331776234550846,51.56444533593163]]]}},
{"type":"Feature","properties":{"Tile_ID":"X0057_Y0047","Tile_X":57,"Tile_Y":47,"TOTAL_SCENES":524,"TILE_SIZE":1.92},"geometry":{"type":"Polygon","coordinates":[[[7.764249661087729,51.573500738103512],[8.196867639482317,51.580959221190525],[8.207466916192823,51.311406748492509],[7.777388355343258,51.303998560480927],[7.764249661087729,51.573500738103512]]]}},
{"type":"Feature","properties":{"Tile_ID":"X0058_Y0047","Tile_X":58,"Tile_Y":47,"TOTAL_SCENES":342,"TILE_SIZE":2.51},"geometry":{"type":"Polygon","coordinates":[[[8.196867639482317,51.580959221190525],[8.629602277362888,51.586820006969937],[8.637659573818643,51.317227999282821],[8.207466916192823,51.311406748492509],[8.196867639482317,51.580959221190525]]]}},
{"type":"Feature","properties":{"Tile_ID":"X0059_Y0047","Tile_X":59,"Tile_Y":47,"TOTAL_SCENES":328,"TILE_SIZE":2.53},"geometry":{"type":"Polygon","coordinates":[[[8.629602277362888,51.586820006969937],[9.062425624436067,51.591082483470245],[9.067938991222595,51.321461714886439],[8.637659573818643,51.317227999282821],[8.629602277362888,51.586820006969937]]]}},
{"type":"Feature","properties":{"Tile_ID":"X0060_Y0047","Tile_X":60,"Tile_Y":47,"TOTAL_SCENES":342,"TILE_SIZE":2.42},"geometry":{"type":"Polygon","coordinates":[[[9.062425624436067,51.591082483470245],[9.495309686326765,51.59374620536132],[9.498277788866364,51.324107460169309],[9.067938991222595,51.321461714886439],[9.062425624436067,51.591082483470245]]]}},
{"type":"Feature","properties":{"Tile_ID":"X0061_Y0047","Tile_X":61,"Tile_Y":47,"TOTAL_SCENES":450,"TILE_SIZE":2.04},"geometry":{"type":"Polygon","coordinates":[[[9.495309686326765,51.59374620536132],[9.928226438470633,51.594810894238606],[9.9286485580785,51.325164963102701],[9.498277788866364,51.324107460169309],[9.495309686326765,51.59374620536132]]]}},
{"type":"Feature","properties":{"Tile_ID":"X0062_Y0047","Tile_X":62,"Tile_Y":47,"TOTAL_SCENES":352,"TILE_SIZE":2.7},"geometry":{"type":"Polygon","coordinates":[[[9.928226438470633,51.594810894238606],[10.361147840042449,51.594276438800755],[10.359023874495714,51.324634114934533],[9.9286485580785,51.325164963102701],[9.928226438470633,51.594810894238606]]]}},
{"type":"Feature","properties":{"Tile_ID":"X0063_Y0047","Tile_X":63,"Tile_Y":47,"TOTAL_SCENES":350,"TILE_SIZE":2.65},"geometry":{"type":"Polygon","coordinates":[[[10.361147840042449,51.594276438800755],[10.794045847903906,51.592142894920791],[10.789376311522576,51.322514970258069],[10.359023874495714,51.324634114934533],[10.361147840042449,51.594276438800755]]]}},
{"type":"Feature","properties":{"Tile_ID":"X0064_Y0047","Tile_X":64,"Tile_Y":47,"TOTAL_SCENES":436,"TILE_SIZE":2.1},"geometry":{"type":"Polygon","coordinates":[[[10.794045847903906,51.592142894920791],[11.226892430554152,51.588410485610325],[11.219678453793859,51.318807746977384],[10.789376311522576,51.322514970258069],[10.794045847903906,51.592142894920791]]]}},
{"type":"Feature","properties":{"Tile_ID":"X0065_Y0047","Tile_X":65,"Tile_Y":47,"TOTAL_SCENES":391,"TILE_SIZE":2.65},"geometry":{"type":"Polygon","coordinates":[[[11.226892430554152,51.588410485610325],[11.65965958206645,51.583079600877269],[11.649902910623668,51.313512826170111],[11.219678453793859,51.318807746977384],[11.226892430554152,51.588410485610325]]]}},
{"type":"Feature","properties":{"Tile_ID":"X0066_Y0047","Tile_X":66,"Tile_Y":47,"TOTAL_SCENES":390,"TILE_SIZE":2.94},"geometry":{"type":"Polygon","coordinates":[[[11.65965958206645,51.583079600877269],[12.092319335994372,51.576150797476878],[12.08002232942561,51.306630751847358],[11.649902910623668,51.313512826170111],[11.65965958206645,51.583079600877269]]]}},
{"type":"Feature","properties":{"Tile_ID":"X0067_Y0047","Tile_X":67,"Tile_Y":47,"TOTAL_SCENES":390,"TILE_SIZE":2.85},"geometry":{"type":"Polygon","coordinates":[[[12.092319335994372,51.576150797476878],[12.524843779230991,51.567624798556807],[12.51000940908823,51.298162230611389],[12.08002232942561,51.306630751847358],[12.092319335994372,51.576150797476878]]]}},
{"type":"Feature","properties":{"Tile_ID":"X0068_Y0047","Tile_X":68,"Tile_Y":47,"TOTAL_SCENES":548,"TILE_SIZE":2.1},"geometry":{"type":"Polygon","coordinates":[[[12.524843779230991,51.567624798556807],[12.957205065804649,51.557502493196246],[12.939836913290147,51.288108131211274],[12.51000940908823,51.298162230611389],[12.524843779230991,51.567624798556807]]]}},
{"type":"Feature","properties":{"Tile_ID":"X0069_Y0047","Tile_X":69,"Tile_Y":47,"TOTAL_SCENES":417,"TILE_SIZE":3.05},"geometry":{"type":"Polygon","coordinates":[[[12.957205065804649,51.557502493196246],[13.389375430594981,51.545784935840388],[13.369477683739341,51.27646948399719],[12.939836913290147,51.288108131211274],[12.957205065804649,51.557502493196246]]]}},
{"type":"Feature","properties":{"Tile_ID":"X0070_Y0047","Tile_X":70,"Tile_Y":47,"TOTAL_SCENES":410,"TILE_SIZE":3.09},"geometry":{"type":"Polygon","coordinates":[[[13.389375430594981,51.545784935840388],[13.821327202953162,51.532473345630358],[13.798904653321292,51.263247480274416],[13.369477683739341,51.27646948399719],[13.389375430594981,51.545784935840388]]]}},
{"type":"Feature","properties":{"Tile_ID":"X0071_Y0047","Tile_X":71,"Tile_Y":47,"TOTAL_SCENES":458,"TILE_SIZE":2.45},"geometry":{"type":"Polygon","coordinates":[[[13.821327202953162,51.532473345630358],[14.253032820210397,51.517569105630017],[14.228090859140861,51.248443471557366],[13.798904653321292,51.263247480274416],[13.821327202953162,51.532473345630358]]]}},
{"type":"Feature","properties":{"Tile_ID":"X0072_Y0047","Tile_X":72,"Tile_Y":47,"TOTAL_SCENES":425,"TILE_SIZE":2.78},"geometry":{"type":"Polygon","coordinates":[[[14.253032820210397,51.517569105630017],[14.684464841059075,51.501073761950472],[14.657009455442985,51.232058968725163],[14.228090859140861,51.248443471557366],[14.253032820210397,51.517569105630017]]]}},
{"type":"Feature","properties":{"Tile_ID":"X0073_Y0047","Tile_X":73,"Tile_Y":47,"TOTAL_SCENES":419,"TILE_SIZE":2.98},"geometry":{"type":"Polygon","coordinates":[[[14.684464841059075,51.501073761950472],[15.115595958791182,51.482989022773637],[15.085633726397546,51.214095641079687],[14.657009455442985,51.232058968725163],[14.684464841059075,51.501073761950472]]]}},
{"type":"Feature","properties":{"Tile_ID":"X0074_Y0047","Tile_X":74,"Tile_Y":47,"TOTAL_SCENES":415,"TILE_SIZE":2.94},"geometry":{"type":"Polygon","coordinates":[[[15.115595958791182,51.482989022773637],[15.546399014378929,51.463316757276012],[15.51393709873417,51.194555315307298],[15.085633726397546,51.214095641079687],[15.115595958791182,51.482989022773637]]]}},
{"type":"Feature","properties":{"Tile_ID":"X0075_Y0047","Tile_X":75,"Tile_Y":47,"TOTAL_SCENES":578,"TILE_SIZE":2.04},"geometry":{"type":"Polygon","coordinates":[[[15.546399014378929,51.463316757276012],[15.97684700938291,51.442058994454349],[15.941893154212783,51.173439974345975],[15.51393709873417,51.194555315307298],[15.546399014378929,51.463316757276012]]]}},
{"type":"Feature","properties":{"Tile_ID":"X0076_Y0047","Tile_X":76,"Tile_Y":47,"TOTAL_SCENES":410,"TILE_SIZE":2.94},"geometry":{"type":"Polygon","coordinates":[[[15.97684700938291,51.442058994454349],[16.406913118673419,51.419217921854717],[16.369475641916438,51.150751756158868],[15.941893154212783,51.173439974345975],[15.97684700938291,51.442058994454349]]]}},
{"type":"Feature","properties":{"Tile_ID":"X0077_Y0047","Tile_X":77,"Tile_Y":47,"TOTAL_SCENES":405,"TILE_SIZE":2.85},"geometry":{"type":"Polygon","coordinates":[[[16.406913118673419,51.419217921854717],[16.836570702951047,51.394795884206737],[16.796658490353011,51.126492952416498],[16.369475641916438,51.150751756158868],[16.406913118673419,51.419217921854717]]]}},
{"type":"Feature","properties":{"Tile_ID":"X0078_Y0047","Tile_X":78,"Tile_Y":47,"TOTAL_SCENES":421,"TILE_SIZE":2.38},"geometry":{"type":"Polygon","coordinates":[[[16.836570702951047,51.394795884206737],[17.265793321053039,51.368795381964659],[17.223415819352919,51.100666007088819],[16.796658490353011,51.126492952416498],[16.836570702951047,51.394795884206737]]]}},
{"type":"Feature","properties":{"Tile_ID":"X0079_Y0047","Tile_X":79,"Tile_Y":47,"TOTAL_SCENES":416,"TILE_SIZE":2.57},"geometry":{"type":"Polygon","coordinates":[[[17.265793321053039,51.368795381964659],[17.694554742032349,51.341219069757592],[17.649721951750507,51.073273514949506],[17.223415819352919,51.100666007088819],[17.265793321053039,51.368795381964659]]]}},
{"type":"Feature","properties":{"Tile_ID":"X0080_Y0047","Tile_X":80,"Tile_Y":47,"TOTAL_SCENES":397,"TILE_SIZE":2.94},"geometry":{"type":"Polygon","coordinates":[[[17.694554742032349,51.341219069757592],[18.122828956996937,51.312069754750581],[18.075551424836956,51.044318219994011],[17.649721951750507,51.073273514949506],[17.694554742032349,51.341219069757592]]]}},
{"type":"Feature","properties":{"Tile_ID":"X0081_Y0047","Tile_X":81,"Tile_Y":47,"TOTAL_SCENES":396,"TILE_SIZE":2.91},"geometry":{"type":"Polygon","coordinates":[[[18.122828956996937,51.312069754750581],[18.550590190697143,51.281350394919045],[18.500879001573335,51.013803013773796],[18.075551424836956,51.044318219994011],[18.122828956996937,51.312069754750581]]]}},
{"type":"Feature","properties":{"Tile_ID":"X0082_Y0047","Tile_X":82,"Tile_Y":47,"TOTAL_SCENES":585,"TILE_SIZE":2.03},"geometry":{"type":"Polygon","coordinates":[[[18.550590190697143,51.281350394919045],[18.977812912849735,51.249064097238602],[18.925679681552751,50.981730933648642],[18.500879001573335,51.013803013773796],[18.550590190697143,51.281350394919045]]]}},
{"type":"Feature","properties":{"Tile_ID":"X0083_Y0047","Tile_X":83,"Tile_Y":47,"TOTAL_SCENES":429,"TILE_SIZE":3.08},"geometry":{"type":"Polygon","coordinates":[[[18.977812912849735,51.249064097238602],[19.404471849187566,51.215214115792755],[19.34992871170105,50.948105160959585],[18.925679681552751,50.981730933648642],[18.977812912849735,51.249064097238602]]]}},
{"type":"Feature","properties":{"Tile_ID":"X0084_Y0047","Tile_X":84,"Tile_Y":47,"TOTAL_SCENES":416,"TILE_SIZE":3.0},"geometry":{"type":"Polygon","coordinates":[[[19.404471849187566,51.215214115792755],[19.830541992224518,51.179803849800983],[19.773601596706147,50.912929019124554],[19.34992871170105,50.948105160959585],[19.404471849187566,51.215214115792755]]]}},
{"type":"Feature","properties":{"Tile_ID":"X0085_Y0047","Tile_X":85,"Tile_Y":47,"TOTAL_SCENES":420,"TILE_SIZE":2.38},"geometry":{"type":"Polygon","coordinates":[[[19.830541992224518,51.179803849800983],[20.255998611725843,51.142836841569711],[20.196674109166533,50.876205971659346],[19.773601596706147,50.912929019124554],[19.830541992224518,51.179803849800983]]]}},
{"type":"Feature","properties":{"Tile_ID":"X0086_Y0047","Tile_X":86,"Tile_Y":47,"TOTAL_SCENES":406,"TILE_SIZE":2.49},"geometry":{"type":"Polygon","coordinates":[[[20.255998611725843,51.142836841569711],[20.680817264874765,51.104316774368641],[20.619122299450151,50.837939620126321],[20.196674109166533,50.876205971659346],[20.255998611725843,51.142836841569711]]]}},
{"type":"Feature","properties":{"Tile_ID":"X0087_Y0047","Tile_X":87,"Tile_Y":47,"TOTAL_SCENES":417,"TILE_SIZE":3.03},"geometry":{"type":"Polygon","coordinates":[[[20.680817264874765,51.104316774368641],[21.104973806126601,51.064247470235578],[21.040922505255278,50.79813370201343],[20.619122299450151,50.837939620126321],[20.680817264874765,51.104316774368641]]]}},
{"type":"Feature","properties":{"Tile_ID":"X0088_Y0047","Tile_X":88,"Tile_Y":47,"TOTAL_SCENES":433,"TILE_SIZE":3.14},"geometry":{"type":"Polygon","coordinates":[[[21.104973806126601,51.064247470235578],[21.528444396742547,51.022632887711957],[21.462051360865786,50.756792088546256],[21.040922505255278,50.79813370201343],[21.104973806126601,51.064247470235578]]]}},
{"type":"Feature","properties":{"Tile_ID":"X0089_Y0047","Tile_X":89,"Tile_Y":47,"TOTAL_SCENES":588,"TILE_SIZE":2.19},"geometry":{"type":"Polygon","coordinates":[[[21.528444396742547,51.022632887711957],[21.951205513995571,50.97947711951231],[21.882485806093555,50.713918782435755],[21.462051360865786,50.756792088546256],[21.528444396742547,51.022632887711957]]]}},
{"type":"Feature","properties":{"Tile_ID":"X0090_Y0047","Tile_X":90,"Tile_Y":47,"TOTAL_SCENES":404,"TILE_SIZE":3.0},"geometry":{"type":"Polygon","coordinates":[[[21.951205513995571,50.97947711951231],[22.373233960041944,50.934784390130517],[22.302203094901703,50.669517915564285],[21.882485806093555,50.713918782435755],[21.951205513995571,50.97947711951231]]]}},
{"type":"Feature","properties":{"Tile_ID":"X0091_Y0047","Tile_X":91,"Tile_Y":47,"TOTAL_SCENES":403,"TILE_SIZE":3.06},"geometry":{"type":"Polygon","coordinates":[[[22.373233960041944,50.934784390130517],[22.794506870451961,50.888559053385457],[22.72118080370247,50.623593746613032],[22.302203094901703,50.669517915564285],[22.373233960041944,50.934784390130517]]]}},
{"type":"Feature","properties":{"Tile_ID":"X0092_Y0047","Tile_X":92,"Tile_Y":47,"TOTAL_SCENES":431,"TILE_SIZE":2.52},"geometry":{"type":"Polygon","coordinates":[[[22.794506870451961,50.888559053385457],[23.215001722394721,50.840805589909479],[23.139396839324682,50.57615065863348],[22.72118080370247,50.623593746613032],[22.794506870451961,50.888559053385457]]]}},
{"type":"Feature","properties":{"Tile_ID":"X0093_Y0047","Tile_X":93,"Tile_Y":47,"TOTAL_SCENES":379,"TILE_SIZE":2.43},"geometry":{"type":"Polygon","coordinates":[[[23.215001722394721,50.840805589909479],[23.634696342471923,50.791528604582354],[23.556829446645914,50.527193156565595],[23.139396839324682,50.57615065863348],[23.215001722394721,50.840805589909479]]]}},
{"type":"Feature","properties":{"Tile_ID":"X0094_Y0047","Tile_X":94,"Tile_Y":47,"TOTAL_SCENES":381,"TILE_SIZE":2.88},"geometry":{"type":"Polygon","coordinates":[[[23.634696342471923,50.791528604582354],[24.053568914196607,50.740732823913881],[23.973457215885361,50.476725864706175],[23.556829446645914,50.527193156565595],[23.634696342471923,50.791528604582354]]]}},
{"type":"Feature","properties":{"Tile_ID":"X0095_Y0047","Tile_X":95,"Tile_Y":47,"TOTAL_SCENES":385,"TILE_SIZE":2.83},"geometry":{"type":"Polygon","coordinates":[[[24.053568914196607,50.740732823913881],[24.471597985113256,50.688423093378212],[24.38925908955386,50.424753524129791],[23.973457215885361,50.476725864706175],[24.053568914196607,50.740732823913881]]]}},
{"type":"Feature","properties":{"Tile_ID":"X0044_Y0048","Tile_X":44,"Tile_Y":48,"TOTAL_SCENES":423,"TILE_SIZE":3.14},"geometry":{"type":"Polygon","coordinates":[[[2.209029233386374,51.063845685289131],[2.6351801279125,51.091756676391235],[2.677756321481649,50.82364899991024],[2.2540231386316,50.795922478929903],[2.209029233386374,51.063845685289131]]]}},
{"type":"Feature","properties":{"Tile_ID":"X0045_Y0048","Tile_X":45,"Tile_Y":48,"TOTAL_SCENES":448,"TILE_SIZE":3.03},"geometry":{"type":"Polygon","coordinates":[[[2.6351801279125,51.091756676391235],[3.061790686180878,51.118103014068168],[3.101939264864414,50.849820964978946],[2.677756321481649,50.82364899991024],[2.6351801279125,51.091756676391235]]]}},
{"type":"Feature","properties":{"Tile_ID":"X0046_Y0048","Tile_X":46,"Tile_Y":48,"TOTAL_SCENES":554,"TILE_SIZE":2.16},"geometry":{"type":"Polygon","coordinates":[[[3.061790686180878,51.118103014068168],[3.488835300876933,51.142882053888471],[3.526546898226095,50.874435788961314],[3.101939264864414,50.849820964978946],[3.061790686180878,51.118103014068168]]]}},
{"type":"Feature","properties":{"Tile_ID":"X0047_Y0048","Tile_X":47,"Tile_Y":48,"TOTAL_SCENES":415,"TILE_SIZE":3.07},"geometry":{"type":"Polygon","coordinates":[[[3.488835300876933,51.142882053888471],[3.916288157858784,51.166091301709237],[3.951553951226976,50.897491033708178],[3.526546898226095,50.874435788961314],[3.488835300876933,51.142882053888471]]]}},
{"type":"Feature","properties":{"Tile_ID":"X0048_Y0048","Tile_X":48,"Tile_Y":48,"TOTAL_SCENES":423,"TILE_SIZE":3.17},"geometry":{"type":"Polygon","coordinates":[[[3.916288157858784,51.166091301709237],[4.344123247764154,51.187728415200802],[4.376934964969586,50.918984409567749],[3.951553951226976,50.897491033708178],[3.916288157858784,51.166091301709237]]]}},
{"type":"Feature","properties":{"Tile_ID":"X0049_Y0048","Tile_X":49,"Tile_Y":48,"TOTAL_SCENES":439,"TILE_SIZE":2.59},"geometry":{"type":"Polygon","coordinates":[[[4.344123247764154,51.187728415200802],[4.772314377837724,51.20779120528384],[4.802664303436851,50.938913776772964],[4.376934964969586,50.918984409567749],[4.344123247764154,51.187728415200802]]]}},
{"type":"Feature","properties":{"Tile_ID":"X0050_Y0048","Tile_X":50,"Tile_Y":48,"TOTAL_SCENES":401,"TILE_SIZE":2.41},"geometry":{"type":"Polygon","coordinates":[[[4.772314377837724,51.20779120528384],[5.20083518396661,51.226277637477359],[5.228716165128466,50.957277146742577],[4.802664303436851,50.938913776772964],[4.772314377837724,51.20779120528384]]]}},
{"type":"Feature","properties":{"Tile_ID":"X0051_Y0048","Tile_X":51,"Tile_Y":48,"TOTAL_SCENES":399,"TILE_SIZE":2.9},"geometry":{"type":"Polygon","coordinates":[[[5.20083518396661,51.226277637477359],[5.629659142911243,51.243185833155565],[5.655064594883345,50.974072683294075],[5.228716165128466,50.957277146742577],[5.20083518396661,51.226277637477359]]]}},
{"type":"Feature","properties":{"Tile_ID":"X0052_Y0048","Tile_X":52,"Tile_Y":48,"TOTAL_SCENES":383,"TILE_SIZE":2.86},"geometry":{"type":"Polygon","coordinates":[[[5.629659142911243,51.243185833155565],[6.05875958471852,51.258514070711946],[6.081683495875608,50.989298703767211],[5.655064594883345,50.974072683294075],[5.629659142911243,51.243185833155565]]]}},
{"type":"Feature","properties":{"Tile_ID":"X0053_Y0048","Tile_X":53,"Tile_Y":48,"TOTAL_SCENES":526,"TILE_SIZE":2.02},"geometry":{"type":"Polygon","coordinates":[[[6.05875958471852,51.258514070711946],[6.48810970530366,51.27226078662909],[6.508546641771196,51.002953680056279],[6.081683495875608,50.989298703767211],[6.05875958471852,51.258514070711946]]]}},
{"type":"Feature","properties":{"Tile_ID":"X0054_Y0048","Tile_X":54,"Tile_Y":48,"TOTAL_SCENES":403,"TILE_SIZE":2.85},"geometry":{"type":"Polygon","coordinates":[[[6.48810970530366,51.27226078662909],[6.917682579186889,51.284424576452686],[6.935627689031854,51.015036239549971],[6.508546641771196,51.002953680056279],[6.48810970530366,51.27226078662909]]]}},
{"type":"Feature","properties":{"Tile_ID":"X0055_Y0048","Tile_X":55,"Tile_Y":48,"TOTAL_SCENES":383,"TILE_SIZE":2.85},"geometry":{"type":"Polygon","coordinates":[[[6.917682579186889,51.284424576452686],[7.347451172370715,51.295004195668476],[7.362900189352944,51.025545165977569],[6.935627689031854,51.015036239549971],[6.917682579186889,51.284424576452686]]]}},
{"type":"Feature","properties":{"Tile_ID":"X0056_Y0048","Tile_X":56,"Tile_Y":48,"TOTAL_SCENES":337,"TILE_SIZE":2.35},"geometry":{"type":"Polygon","coordinates":[[[7.347451172370715,51.295004195668476],[7.777388355343258,51.303998560480927],[7.790337602221223,51.03447940016008],[7.362900189352944,51.025545165977569],[7.347451172370715,51.295004195668476]]]}},
{"type":"Feature","properties":{"Tile_ID":"X0057_Y0048","Tile_X":57,"Tile_Y":48,"TOTAL_SCENES":484,"TILE_SIZE":1.72},"geometry":{"type":"Polygon","coordinates":[[[7.777388355343258,51.303998560480927],[8.207466916192823,51.311406748492509],[8.217913307578494,51.041838040665702],[7.790337602221223,51.03447940016008],[7.777388355343258,51.303998560480927]]]}},
{"type":"Feature","properties":{"Tile_ID":"X0058_Y0048","Tile_X":58,"Tile_Y":48,"TOTAL_SCENES":334,"TILE_SIZE":2.4},"geometry":{"type":"Polygon","coordinates":[[[8.207466916192823,51.311406748492509],[8.637659573818643,51.317227999282821],[8.645600618576761,51.047620344368433],[8.217913307578494,51.041838040665702],[8.207466916192823,51.311406748492509]]]}},
{"type":"Feature","properties":{"Tile_ID":"X0059_Y0048","Tile_X":59,"Tile_Y":48,"TOTAL_SCENES":343,"TILE_SIZE":2.55},"geometry":{"type":"Polygon","coordinates":[[[8.637659573818643,51.317227999282821],[9.067938991222595,51.321461714886439],[9.073372794410441,51.051825726909136],[8.645600618576761,51.047620344368433],[8.637659573818643,51.317227999282821]]]}},
{"type":"Feature","properties":{"Tile_ID":"X0060_Y0048","Tile_X":60,"Tile_Y":48,"TOTAL_SCENES":400,"TILE_SIZE":2.19},"geometry":{"type":"Polygon","coordinates":[[[9.067938991222595,51.321461714886439],[9.498277788866364,51.324107460169309],[9.501203053210844,51.05445376305854],[9.073372794410441,51.051825726909136],[9.067938991222595,51.321461714886439]]]}},
{"type":"Feature","properties":{"Tile_ID":"X0061_Y0048","Tile_X":61,"Tile_Y":48,"TOTAL_SCENES":363,"TILE_SIZE":2.27},"geometry":{"type":"Polygon","coordinates":[[[9.498277788866364,51.324107460169309],[9.9286485580785,51.325164963102701],[9.929064584988147,51.055504186981544],[9.501203053210844,51.05445376305854],[9.498277788866364,51.324107460169309]]]}},
{"type":"Feature","properties":{"Tile_ID":"X0062_Y0048","Tile_X":62,"Tile_Y":48,"TOTAL_SCENES":354,"TILE_SIZE":2.64},"geometry":{"type":"Polygon","coordinates":[[[9.9286485580785,51.325164963102701],[10.359023874495714,51.324634114934533],[10.3569305646059,51.054976892402571],[9.929064584988147,51.055504186981544],[9.9286485580785,51.325164963102701]]]}},
{"type":"Feature","properties":{"Tile_ID":"X0063_Y0048","Tile_X":63,"Tile_Y":48,"TOTAL_SCENES":384,"TILE_SIZE":2.74},"geometry":{"type":"Polygon","coordinates":[[[10.359023874495714,51.324634114934533],[10.789376311522576,51.322514970258069],[10.784774164773081,51.052871932671664],[10.3569305646059,51.054976892402571],[10.359023874495714,51.324634114934533]]]}},
{"type":"Feature","properties":{"Tile_ID":"X0064_Y0048","Tile_X":64,"Tile_Y":48,"TOTAL_SCENES":570,"TILE_SIZE":1.96},"geometry":{"type":"Polygon","coordinates":[[[10.789376311522576,51.322514970258069],[11.219678453793859,51.318807746977384],[11.21256856903865,51.049189520731261],[10.784774164773081,51.052871932671664],[10.789376311522576,51.322514970258069]]]}},
{"type":"Feature","properties":{"Tile_ID":"X0065_Y0048","Tile_X":65,"Tile_Y":48,"TOTAL_SCENES":408,"TILE_SIZE":2.92},"geometry":{"type":"Polygon","coordinates":[[[11.219678453793859,51.318807746977384],[11.649902910623668,51.313512826170111],[11.640286984773534,51.043930028983837],[11.21256856903865,51.049189520731261],[11.219678453793859,51.318807746977384]]]}},
{"type":"Feature","properties":{"Tile_ID":"X0066_Y0048","Tile_X":66,"Tile_Y":48,"TOTAL_SCENES":402,"TILE_SIZE":2.96},"geometry":{"type":"Polygon","coordinates":[[[11.649902910623668,51.313512826170111],[12.08002232942561,51.306630751847358],[12.067902656125051,51.037093989060288],[11.640286984773534,51.043930028983837],[11.649902910623668,51.313512826170111]]]}},
{"type":"Feature","properties":{"Tile_ID":"X0067_Y0048","Tile_X":67,"Tile_Y":48,"TOTAL_SCENES":410,"TILE_SIZE":2.59},"geometry":{"type":"Polygon","coordinates":[[[12.08002232942561,51.306630751847358],[12.51000940908823,51.298162230611389],[12.495388876928795,51.028682091489657],[12.067902656125051,51.037093989060288],[12.08002232942561,51.306630751847358]]]}},
{"type":"Feature","properties":{"Tile_ID":"X0068_Y0048","Tile_X":68,"Tile_Y":48,"TOTAL_SCENES":451,"TILE_SIZE":2.36},"geometry":{"type":"Polygon","coordinates":[[[12.51000940908823,51.298162230611389],[12.939836913290147,51.288108131211274],[12.922719003563111,51.018695185270481],[12.495388876928795,51.028682091489657],[12.51000940908823,51.298162230611389]]]}},
{"type":"Feature","properties":{"Tile_ID":"X0069_Y0048","Tile_X":69,"Tile_Y":48,"TOTAL_SCENES":435,"TILE_SIZE":3.21},"geometry":{"type":"Polygon","coordinates":[[[12.939836913290147,51.288108131211274],[13.369477683739341,51.27646948399719],[13.349866467731434,51.007134277344484],[12.922719003563111,51.018695185270481],[12.939836913290147,51.288108131211274]]]}},
{"type":"Feature","properties":{"Tile_ID":"X0070_Y0048","Tile_X":70,"Tile_Y":48,"TOTAL_SCENES":426,"TILE_SIZE":3.19},"geometry":{"type":"Polygon","coordinates":[[[13.369477683739341,51.27646948399719],[13.798904653321292,51.263247480274416],[13.776804789157877,50.99400053197315],[13.349866467731434,51.007134277344484],[13.369477683739341,51.27646948399719]]]}},
{"type":"Feature","properties":{"Tile_ID":"X0071_Y0048","Tile_X":71,"Tile_Y":48,"TOTAL_SCENES":530,"TILE_SIZE":2.26},"geometry":{"type":"Polygon","coordinates":[[[13.798904653321292,51.263247480274416],[14.228090859140861,51.248443471557366],[14.203507588181678,50.979295270018142],[13.776804789157877,50.99400053197315],[13.798904653321292,51.263247480274416]]]}},
{"type":"Feature","properties":{"Tile_ID":"X0072_Y0048","Tile_X":72,"Tile_Y":48,"TOTAL_SCENES":443,"TILE_SIZE":3.11},"geometry":{"type":"Polygon","coordinates":[[[14.228090859140861,51.248443471557366],[14.657009455442985,51.232058968725163],[14.629948598236354,50.963019968126538],[14.203507588181678,50.979295270018142],[14.228090859140861,51.248443471557366]]]}},
{"type":"Feature","properties":{"Tile_ID":"X0073_Y0048","Tile_X":73,"Tile_Y":48,"TOTAL_SCENES":460,"TILE_SIZE":3.3},"geometry":{"type":"Polygon","coordinates":[[[14.657009455442985,51.232058968725163],[15.085633726397546,51.214095641079687],[15.056101678199576,50.945176257821942],[14.629948598236354,50.963019968126538],[14.657009455442985,51.232058968725163]]]}},
{"type":"Feature","properties":{"Tile_ID":"X0074_Y0048","Tile_X":74,"Tile_Y":48,"TOTAL_SCENES":434,"TILE_SIZE":2.96},"geometry":{"type":"Polygon","coordinates":[[[15.085633726397546,51.214095641079687],[15.51393709873417,51.194555315307298],[15.481940824600107,50.925765924502613],[15.056101678199576,50.945176257821942],[15.085633726397546,51.214095641079687]]]}},
{"type":"Feature","properties":{"Tile_ID":"X0075_Y0048","Tile_X":75,"Tile_Y":48,"TOTAL_SCENES":518,"TILE_SIZE":2.22},"geometry":{"type":"Polygon","coordinates":[[[15.51393709873417,51.194555315307298],[15.941893154212783,51.173439974345975],[15.907440183668536,50.90479090634814],[15.481940824600107,50.925765924502613],[15.51393709873417,51.194555315307298]]]}},
{"type":"Feature","properties":{"Tile_ID":"X0076_Y0048","Tile_X":76,"Tile_Y":48,"TOTAL_SCENES":432,"TILE_SIZE":3.09},"geometry":{"type":"Polygon","coordinates":[[[15.941893154212783,51.173439974345975],[16.369475641916438,51.150751756158868],[16.332574063218633,50.882253293135918],[15.907440183668536,50.90479090634814],[15.941893154212783,51.173439974345975]]]}},
{"type":"Feature","properties":{"Tile_ID":"X0077_Y0048","Tile_X":77,"Tile_Y":48,"TOTAL_SCENES":438,"TILE_SIZE":3.12},"geometry":{"type":"Polygon","coordinates":[[[16.369475641916438,51.150751756158868],[16.796658490353011,51.126492952416498],[16.757316944346833,50.858155324969083],[16.332574063218633,50.882253293135918],[16.369475641916438,51.150751756158868]]]}},
{"type":"Feature","properties":{"Tile_ID":"X0078_Y0048","Tile_X":78,"Tile_Y":48,"TOTAL_SCENES":487,"TILE_SIZE":2.33},"geometry":{"type":"Polygon","coordinates":[[[16.796658490353011,51.126492952416498],[17.223415819352919,51.100666007088819],[17.18164349293739,50.832499390917668],[16.757316944346833,50.858155324969083],[16.796658490353011,51.126492952416498]]]}},
{"type":"Feature","properties":{"Tile_ID":"X0079_Y0048","Tile_X":79,"Tile_Y":48,"TOTAL_SCENES":441,"TILE_SIZE":2.86},"geometry":{"type":"Polygon","coordinates":[[[17.223415819352919,51.100666007088819],[17.649721951750507,51.073273514949506],[17.605528570961472,50.805288027574491],[17.18164349293739,50.832499390917668],[17.223415819352919,51.100666007088819]]]}},
{"type":"Feature","properties":{"Tile_ID":"X0080_Y0048","Tile_X":80,"Tile_Y":48,"TOTAL_SCENES":433,"TILE_SIZE":2.97},"geometry":{"type":"Polygon","coordinates":[[[17.649721951750507,51.073273514949506],[18.075551424836956,51.044318219994011],[18.028947247558669,50.776523917528017],[17.605528570961472,50.805288027574491],[17.649721951750507,51.073273514949506]]]}},
{"type":"Feature","properties":{"Tile_ID":"X0081_Y0048","Tile_X":81,"Tile_Y":48,"TOTAL_SCENES":421,"TILE_SIZE":2.83},"geometry":{"type":"Polygon","coordinates":[[[18.075551424836956,51.044318219994011],[18.500879001573335,51.013803013773796],[18.451874809889844,50.746209887753785],[18.028947247558669,50.776523917528017],[18.075551424836956,51.044318219994011]]]}},
{"type":"Feature","properties":{"Tile_ID":"X0082_Y0048","Tile_X":82,"Tile_Y":48,"TOTAL_SCENES":526,"TILE_SIZE":2.11},"geometry":{"type":"Polygon","coordinates":[[[18.500879001573335,51.013803013773796],[18.925679681552751,50.981730933648642],[18.874286773751017,50.714348907926869],[18.451874809889844,50.746209887753785],[18.500879001573335,51.013803013773796]]]}},
{"type":"Feature","properties":{"Tile_ID":"X0083_Y0048","Tile_X":83,"Tile_Y":48,"TOTAL_SCENES":419,"TILE_SIZE":3.17},"geometry":{"type":"Polygon","coordinates":[[[18.925679681552751,50.981730933648642],[19.34992871170105,50.948105160959585],[19.296158893937889,50.680944088657192],[18.874286773751017,50.714348907926869],[18.925679681552751,50.981730933648642]]]}},
{"type":"Feature","properties":{"Tile_ID":"X0084_Y0048","Tile_X":84,"Tile_Y":48,"TOTAL_SCENES":403,"TILE_SIZE":3.03},"geometry":{"type":"Polygon","coordinates":[[[19.34992871170105,50.948105160959585],[19.773601596706147,50.912929019124554],[19.7174671743518,50.645998679650084],[19.296158893937889,50.680944088657192],[19.34992871170105,50.948105160959585]]]}},
{"type":"Feature","properties":{"Tile_ID":"X0085_Y0048","Tile_X":85,"Tile_Y":48,"TOTAL_SCENES":429,"TILE_SIZE":2.19},"geometry":{"type":"Polygon","coordinates":[[[19.773601596706147,50.912929019124554],[20.196674109166533,50.876205971659346],[20.138187877837822,50.609516067794452],[19.7174671743518,50.645998679650084],[19.773601596706147,50.912929019124554]]]}},
{"type":"Feature","properties":{"Tile_ID":"X0086_Y0048","Tile_X":86,"Tile_Y":48,"TOTAL_SCENES":407,"TILE_SIZE":2.75},"geometry":{"type":"Polygon","coordinates":[[[20.196674109166533,50.876205971659346],[20.619122299450151,50.837939620126321],[20.558297535746597,50.571499775180847],[20.138187877837822,50.609516067794452],[20.196674109166533,50.876205971659346]]]}},
{"type":"Feature","properties":{"Tile_ID":"X0087_Y0048","Tile_X":87,"Tile_Y":48,"TOTAL_SCENES":410,"TILE_SIZE":3.01},"geometry":{"type":"Polygon","coordinates":[[[20.619122299450151,50.837939620126321],[21.040922505255278,50.79813370201343],[20.977772957211936,50.531953457051877],[20.558297535746597,50.571499775180847],[20.619122299450151,50.837939620126321]]]}},
{"type":"Feature","properties":{"Tile_ID":"X0088_Y0048","Tile_X":88,"Tile_Y":48,"TOTAL_SCENES":420,"TILE_SIZE":3.04},"geometry":{"type":"Polygon","coordinates":[[[21.040922505255278,50.79813370201343],[21.462051360865786,50.756792088546256],[21.396591238136747,50.490880899687639],[20.977772957211936,50.531953457051877],[21.040922505255278,50.79813370201343]]]}},
{"type":"Feature","properties":{"Tile_ID":"X0089_Y0048","Tile_X":89,"Tile_Y":48,"TOTAL_SCENES":541,"TILE_SIZE":2.12},"geometry":{"type":"Polygon","coordinates":[[[21.462051360865786,50.756792088546256],[21.882485806093555,50.713918782435755],[21.814729769880387,50.448286018228522],[21.396591238136747,50.490880899687639],[21.462051360865786,50.756792088546256]]]}},
{"type":"Feature","properties":{"Tile_ID":"X0090_Y0048","Tile_X":90,"Tile_Y":48,"TOTAL_SCENES":378,"TILE_SIZE":2.81},"geometry":{"type":"Polygon","coordinates":[[[21.882485806093555,50.713918782435755],[22.302203094901703,50.669517915564285],[22.232166247641207,50.404172854438222],[21.814729769880387,50.448286018228522],[21.882485806093555,50.713918782435755]]]}},
{"type":"Feature","properties":{"Tile_ID":"X0091_Y0048","Tile_X":91,"Tile_Y":48,"TOTAL_SCENES":380,"TILE_SIZE":2.84},"geometry":{"type":"Polygon","coordinates":[[[22.302203094901703,50.669517915564285],[22.72118080370247,50.623593746613032],[22.648878678528508,50.358545574409391],[22.232166247641207,50.404172854438222],[22.302203094901703,50.669517915564285]]]}},
{"type":"Feature","properties":{"Tile_ID":"X0092_Y0048","Tile_X":92,"Tile_Y":48,"TOTAL_SCENES":422,"TILE_SIZE":2.27},"geometry":{"type":"Polygon","coordinates":[[[22.72118080370247,50.623593746613032],[23.139396839324682,50.57615065863348],[23.06484538931873,50.311408466215042],[22.648878678528508,50.358545574409391],[22.72118080370247,50.623593746613032]]]}},
{"type":"Feature","properties":{"Tile_ID":"X0093_Y0048","Tile_X":93,"Tile_Y":48,"TOTAL_SCENES":358,"TILE_SIZE":2.38},"geometry":{"type":"Polygon","coordinates":[[[23.139396839324682,50.57615065863348],[23.556829446645914,50.527193156565595],[23.480045033891301,50.262765937507865],[23.06484538931873,50.311408466215042],[23.139396839324682,50.57615065863348]]]}},
{"type":"Feature","properties":{"Tile_ID":"X0094_Y0048","Tile_X":94,"Tile_Y":48,"TOTAL_SCENES":377,"TILE_SIZE":2.84},"geometry":{"type":"Polygon","coordinates":[[[23.556829446645914,50.527193156565595],[23.973457215885361,50.476725864706175],[23.894456600340135,50.212622513070826],[23.480045033891301,50.262765937507865],[23.556829446645914,50.527193156565595]]]}},
{"type":"Feature","properties":{"Tile_ID":"X0095_Y0048","Tile_X":95,"Tile_Y":48,"TOTAL_SCENES":383,"TILE_SIZE":2.78},"geometry":{"type":"Polygon","coordinates":[[[23.973457215885361,50.476725864706175],[24.38925908955386,50.424753524129791],[24.308059417757363,50.16098283232143],[23.894456600340135,50.212622513070826],[23.973457215885361,50.476725864706175]]]}},
{"type":"Feature","properties":{"Tile_ID":"X0044_Y0049","Tile_X":44,"Tile_Y":49,"TOTAL_SCENES":423,"TILE_SIZE":3.18},"geometry":{"type":"Polygon","coordinates":[[[2.2540231386316,50.795922478929903],[2.677756321481649,50.82364899991024],[2.71972851952257,50.555502166742109],[2.298379579166652,50.527957432638381],[2.2540231386316,50.795922478929903]]]}},
{"type":"Feature","properties":{"Tile_ID":"X0045_Y0049","Tile_X":45,"Tile_Y":49,"TOTAL_SCENES":471,"TILE_SIZE":2.56},"geometry":{"type":"Polygon","coordinates":[[[2.677756321481649,50.82364899991024],[3.101939264864414,50.849820964978946],[3.141517586976287,50.581502300209358],[2.71972851952257,50.555502166742109],[2.677756321481649,50.82364899991024]]]}},
{"type":"Feature","properties":{"Tile_ID":"X0046_Y0049","Tile_X":46,"Tile_Y":49,"TOTAL_SCENES":390,"TILE_SIZE":2.55},"geometry":{"type":"Polygon","coordinates":[[[3.101939264864414,50.849820964978946],[3.526546898226095,50.874435788961314],[3.563722233662579,50.605955305476485],[3.141517586976287,50.581502300209358],[3.101939264864414,50.849820964978946]]]}},
{"type":"Feature","properties":{"Tile_ID":"X0047_Y0049","Tile_X":47,"Tile_Y":49,"TOTAL_SCENES":387,"TILE_SIZE":2.95},"geometry":{"type":"Polygon","coordinates":[[[3.526546898226095,50.874435788961314],[3.951553951226976,50.897491033708178],[3.986317718685958,50.628858798829],[3.563722233662579,50.605955305476485],[3.526546898226095,50.874435788961314]]]}},
{"type":"Feature","properties":{"Tile_ID":"X0048_Y0049","Tile_X":48,"Tile_Y":49,"TOTAL_SCENES":410,"TILE_SIZE":3.09},"geometry":{"type":"Polygon","coordinates":[[[3.951553951226976,50.897491033708178],[4.376934964969586,50.918984409567749],[4.409279118984703,50.650210541822787],[3.986317718685958,50.628858798829],[3.951553951226976,50.897491033708178]]]}},
{"type":"Feature","properties":{"Tile_ID":"X0049_Y0049","Tile_X":49,"Tile_Y":49,"TOTAL_SCENES":559,"TILE_SIZE":2.05},"geometry":{"type":"Polygon","coordinates":[[[4.376934964969586,50.918984409567749],[4.802664303436851,50.938913776772964],[4.832581340394984,50.670008442623697],[4.409279118984703,50.650210541822787],[4.376934964969586,50.918984409567749]]]}},
{"type":"Feature","properties":{"Tile_ID":"X0050_Y0049","Tile_X":50,"Tile_Y":49,"TOTAL_SCENES":394,"TILE_SIZE":2.89},"geometry":{"type":"Polygon","coordinates":[[[4.802664303436851,50.938913776772964],[5.228716165128466,50.957277146742577],[5.256199128903802,50.688250557263572],[4.832581340394984,50.670008442623697],[4.802664303436851,50.938913776772964]]]}},
{"type":"Feature","properties":{"Tile_ID":"X0051_Y0049","Tile_X":51,"Tile_Y":49,"TOTAL_SCENES":401,"TILE_SIZE":3.0},"geometry":{"type":"Polygon","coordinates":[[[5.228716165128466,50.957277146742577],[5.655064594883345,50.974072683294075],[5.680107082079209,50.704935090811276],[5.256199128903802,50.688250557263572],[5.228716165128466,50.957277146742577]]]}},
{"type":"Feature","properties":{"Tile_ID":"X0052_Y0049","Tile_X":52,"Tile_Y":49,"TOTAL_SCENES":422,"TILE_SIZE":2.92},"geometry":{"type":"Polygon","coordinates":[[[5.655064594883345,50.974072683294075],[6.081683495875608,50.989298703767211],[6.10427966066581,50.720060398457115],[5.680107082079209,50.704935090811276],[5.655064594883345,50.974072683294075]]]}},
{"type":"Feature","properties":{"Tile_ID":"X0053_Y0049","Tile_X":53,"Tile_Y":49,"TOTAL_SCENES":541,"TILE_SIZE":2.03},"geometry":{"type":"Polygon","coordinates":[[[6.081683495875608,50.989298703767211],[6.508546641771196,51.002953680056279],[6.528691200333222,50.733624986509277],[6.10427966066581,50.720060398457115],[6.081683495875608,50.989298703767211]]]}},
{"type":"Feature","properties":{"Tile_ID":"X0054_Y0049","Tile_X":54,"Tile_Y":49,"TOTAL_SCENES":407,"TILE_SIZE":3.01},"geometry":{"type":"Polygon","coordinates":[[[6.508546641771196,51.002953680056279],[6.935627689031854,51.015036239549971],[6.953315923564888,50.745627513300917],[6.528691200333222,50.733624986509277],[6.508546641771196,51.002953680056279]]]}},
{"type":"Feature","properties":{"Tile_ID":"X0055_Y0049","Tile_X":55,"Tile_Y":49,"TOTAL_SCENES":395,"TILE_SIZE":2.89},"geometry":{"type":"Polygon","coordinates":[[[6.935627689031854,51.015036239549971],[7.362900189352944,51.025545165977569],[7.378127951674291,50.756066790006784],[6.953315923564888,50.745627513300917],[6.935627689031854,51.015036239549971]]]}},
{"type":"Feature","properties":{"Tile_ID":"X0056_Y0049","Tile_X":56,"Tile_Y":49,"TOTAL_SCENES":409,"TILE_SIZE":2.32},"geometry":{"type":"Polygon","coordinates":[[[7.362900189352944,51.025545165977569],[7.790337602221223,51.03447940016008],[7.803101316935402,50.764941781368108],[7.378127951674291,50.756066790006784],[7.362900189352944,51.025545165977569]]]}},
{"type":"Feature","properties":{"Tile_ID":"X0057_Y0049","Tile_X":57,"Tile_Y":49,"TOTAL_SCENES":365,"TILE_SIZE":2.2},"geometry":{"type":"Polygon","coordinates":[[[7.790337602221223,51.03447940016008],[8.217913307578494,51.041838040665702],[8.228209974813899,50.772251606325192],[7.803101316935402,50.764941781368108],[7.790337602221223,51.03447940016008]]]}},
{"type":"Feature","properties":{"Tile_ID":"X0058_Y0049","Tile_X":58,"Tile_Y":49,"TOTAL_SCENES":374,"TILE_SIZE":2.7},"geometry":{"type":"Polygon","coordinates":[[[8.217913307578494,51.041838040665702],[8.645600618576761,51.047620344368433],[8.653427816285511,50.777995538556404],[8.228209974813899,50.772251606325192],[8.217913307578494,51.041838040665702]]]}},
{"type":"Feature","properties":{"Tile_ID":"X0059_Y0049","Tile_X":59,"Tile_Y":49,"TOTAL_SCENES":373,"TILE_SIZE":2.67},"geometry":{"type":"Polygon","coordinates":[[[8.645600618576761,51.047620344368433],[9.073372794410441,51.051825726909136],[9.078728680227702,50.782173006923031],[8.653427816285511,50.777995538556404],[8.645600618576761,51.047620344368433]]]}},
{"type":"Feature","properties":{"Tile_ID":"X0060_Y0049","Tile_X":60,"Tile_Y":49,"TOTAL_SCENES":518,"TILE_SIZE":1.97},"geometry":{"type":"Polygon","coordinates":[[[9.073372794410441,51.051825726909136],[9.501203053210844,51.05445376305854],[9.504086365870608,50.784783595819619],[9.078728680227702,50.782173006923031],[9.073372794410441,51.051825726909136]]]}},
{"type":"Feature","properties":{"Tile_ID":"X0061_Y0049","Tile_X":61,"Tile_Y":49,"TOTAL_SCENES":380,"TILE_SIZE":2.65},"geometry":{"type":"Polygon","coordinates":[[[9.501203053210844,51.05445376305854],[9.929064584988147,51.055504186981544],[9.929474645293203,50.785827045428945],[9.504086365870608,50.784783595819619],[9.501203053210844,51.05445376305854]]]}},
{"type":"Feature","properties":{"Tile_ID":"X0062_Y0049","Tile_X":62,"Tile_Y":49,"TOTAL_SCENES":394,"TILE_SIZE":2.8},"geometry":{"type":"Polygon","coordinates":[[[9.929064584988147,51.055504186981544],[10.3569305646059,51.054976892402571],[10.354867275950411,50.785303251881572],[9.929474645293203,50.785827045428945],[9.929064584988147,51.055504186981544]]]}},
{"type":"Feature","properties":{"Tile_ID":"X0063_Y0049","Tile_X":63,"Tile_Y":49,"TOTAL_SCENES":414,"TILE_SIZE":2.7},"geometry":{"type":"Polygon","coordinates":[[[10.3569305646059,51.054976892402571],[10.784774164773081,51.052871932671664],[10.780238013216934,50.783212267319655],[10.354867275950411,50.785303251881572],[10.3569305646059,51.054976892402571]]]}},
{"type":"Feature","properties":{"Tile_ID":"X0064_Y0049","Tile_X":64,"Tile_Y":49,"TOTAL_SCENES":532,"TILE_SIZE":2.12},"geometry":{"type":"Polygon","coordinates":[[[10.784774164773081,51.052871932671664],[11.21256856903865,51.049189520731261],[11.205560622933435,50.779554299864841],[10.780238013216934,50.783212267319655],[10.784774164773081,51.052871932671664]]]}},
{"type":"Feature","properties":{"Tile_ID":"X0065_Y0049","Tile_X":65,"Tile_Y":49,"TOTAL_SCENES":420,"TILE_SIZE":2.94},"geometry":{"type":"Polygon","coordinates":[[[11.21256856903865,51.049189520731261],[11.640286984773534,51.043930028983837],[11.630808893940783,50.774329713490566],[11.205560622933435,50.779554299864841],[11.21256856903865,51.049189520731261]]]}},
{"type":"Feature","properties":{"Tile_ID":"X0066_Y0049","Tile_X":66,"Tile_Y":49,"TOTAL_SCENES":417,"TILE_SIZE":2.94},"geometry":{"type":"Polygon","coordinates":[[[11.640286984773534,51.043930028983837],[12.067902656125051,51.037093989060288],[12.05595665058806,50.767539027798612],[11.630808893940783,50.774329713490566],[11.640286984773534,51.043930028983837]]]}},
{"type":"Feature","properties":{"Tile_ID":"X0067_Y0049","Tile_X":67,"Tile_Y":49,"TOTAL_SCENES":460,"TILE_SIZE":2.33},"geometry":{"type":"Polygon","coordinates":[[[12.067902656125051,51.037093989060288],[12.495388876928795,51.028682091489657],[12.480977765200068,50.759182917700365],[12.05595665058806,50.767539027798612],[12.067902656125051,51.037093989060288]]]}},
{"type":"Feature","properties":{"Tile_ID":"X0068_Y0049","Tile_X":68,"Tile_Y":49,"TOTAL_SCENES":405,"TILE_SIZE":2.71},"geometry":{"type":"Polygon","coordinates":[[[12.495388876928795,51.028682091489657],[12.922719003563111,51.018695185270481],[12.905846170490209,50.74926221300327],[12.480977765200068,50.759182917700365],[12.495388876928795,51.028682091489657]]]}},
{"type":"Feature","properties":{"Tile_ID":"X0069_Y0049","Tile_X":69,"Tile_Y":49,"TOTAL_SCENES":422,"TILE_SIZE":3.06},"geometry":{"type":"Polygon","coordinates":[[[12.922719003563111,51.018695185270481],[13.349866467731434,51.007134277344484],[13.330535871904692,50.73777789790288],[12.905846170490209,50.74926221300327],[12.922719003563111,51.018695185270481]]]}},
{"type":"Feature","properties":{"Tile_ID":"X0070_Y0049","Tile_X":70,"Tile_Y":49,"TOTAL_SCENES":435,"TILE_SIZE":3.06},"geometry":{"type":"Polygon","coordinates":[[[13.349866467731434,51.007134277344484],[13.776804789157877,50.99400053197315],[13.755020959884163,50.724731110381356],[13.330535871904692,50.73777789790288],[13.349866467731434,51.007134277344484]]]}},
{"type":"Feature","properties":{"Tile_ID":"X0071_Y0049","Tile_X":71,"Tile_Y":49,"TOTAL_SCENES":590,"TILE_SIZE":2.19},"geometry":{"type":"Polygon","coordinates":[[[13.776804789157877,50.99400053197315],[14.203507588181678,50.979295270018142],[14.17927562202906,50.710123141512973],[13.755020959884163,50.724731110381356],[13.776804789157877,50.99400053197315]]]}},
{"type":"Feature","properties":{"Tile_ID":"X0072_Y0049","Tile_X":72,"Tile_Y":49,"TOTAL_SCENES":396,"TILE_SIZE":2.97},"geometry":{"type":"Polygon","coordinates":[[[14.203507588181678,50.979295270018142],[14.629948598236354,50.963019968126538],[14.603274155155201,50.693955434677839],[14.17927562202906,50.710123141512973],[14.203507588181678,50.979295270018142]]]}},
{"type":"Feature","properties":{"Tile_ID":"X0073_Y0049","Tile_X":73,"Tile_Y":49,"TOTAL_SCENES":427,"TILE_SIZE":3.12},"geometry":{"type":"Polygon","coordinates":[[[14.629948598236354,50.963019968126538],[15.056101678199576,50.945176257821942],[15.026990977226253,50.676229584684656],[14.603274155155201,50.693955434677839],[14.629948598236354,50.963019968126538]]]}},
{"type":"Feature","properties":{"Tile_ID":"X0074_Y0049","Tile_X":74,"Tile_Y":49,"TOTAL_SCENES":447,"TILE_SIZE":2.41},"geometry":{"type":"Polygon","coordinates":[[[15.056101678199576,50.945176257821942],[15.481940824600107,50.925765924502613],[15.450400639150176,50.656947336803796],[15.026990977226253,50.676229584684656],[15.056101678199576,50.945176257821942]]]}},
{"type":"Feature","properties":{"Tile_ID":"X0075_Y0049","Tile_X":75,"Tile_Y":49,"TOTAL_SCENES":375,"TILE_SIZE":2.17},"geometry":{"type":"Polygon","coordinates":[[[15.481940824600107,50.925765924502613],[15.907440183668536,50.90479090634814],[15.873477836426803,50.636110585711911],[15.450400639150176,50.656947336803796],[15.481940824600107,50.925765924502613]]]}},
{"type":"Feature","properties":{"Tile_ID":"X0076_Y0049","Tile_X":76,"Tile_Y":49,"TOTAL_SCENES":379,"TILE_SIZE":2.78},"geometry":{"type":"Polygon","coordinates":[[[15.907440183668536,50.90479090634814],[16.332574063218633,50.882253293135918],[16.296197420634211,50.613721374349396],[15.873477836426803,50.636110585711911],[15.907440183668536,50.90479090634814]]]}},
{"type":"Feature","properties":{"Tile_ID":"X0077_Y0049","Tile_X":77,"Tile_Y":49,"TOTAL_SCENES":411,"TILE_SIZE":3.05},"geometry":{"type":"Polygon","coordinates":[[[16.332574063218633,50.882253293135918],[16.757316944346833,50.858155324969083],[16.71853441074175,50.5897818926924],[16.296197420634211,50.613721374349396],[16.332574063218633,50.882253293135918]]]}},
{"type":"Feature","properties":{"Tile_ID":"X0078_Y0049","Tile_X":78,"Tile_Y":49,"TOTAL_SCENES":545,"TILE_SIZE":2.05},"geometry":{"type":"Polygon","coordinates":[[[16.757316944346833,50.858155324969083],[17.18164349293739,50.832499390917668],[17.140464004238037,50.564294476440807],[16.71853441074175,50.5897818926924],[16.757316944346833,50.858155324969083]]]}},
{"type":"Feature","properties":{"Tile_ID":"X0079_Y0049","Tile_X":79,"Tile_Y":49,"TOTAL_SCENES":411,"TILE_SIZE":2.98},"geometry":{"type":"Polygon","coordinates":[[[17.18164349293739,50.832499390917668],[17.605528570961472,50.805288027574491],[17.561961588062545,50.537261605623819],[17.140464004238037,50.564294476440807],[17.18164349293739,50.832499390917668]]]}},
{"type":"Feature","properties":{"Tile_ID":"X0080_Y0049","Tile_X":80,"Tile_Y":49,"TOTAL_SCENES":412,"TILE_SIZE":3.01},"geometry":{"type":"Polygon","coordinates":[[[17.605528570961472,50.805288027574491],[18.028947247558669,50.776523917528017],[17.983002749329859,50.508685903125233],[17.561961588062545,50.537261605623819],[17.605528570961472,50.805288027574491]]]}},
{"type":"Feature","properties":{"Tile_ID":"X0081_Y0049","Tile_X":81,"Tile_Y":49,"TOTAL_SCENES":424,"TILE_SIZE":2.69},"geometry":{"type":"Polygon","coordinates":[[[18.028947247558669,50.776523917528017],[18.451874809889844,50.746209887753785],[18.403563285836047,50.478570133129871],[17.983002749329859,50.508685903125233],[18.028947247558669,50.776523917528017]]]}},
{"type":"Feature","properties":{"Tile_ID":"X0082_Y0049","Tile_X":82,"Tile_Y":49,"TOTAL_SCENES":399,"TILE_SIZE":2.16},"geometry":{"type":"Polygon","coordinates":[[[18.451874809889844,50.746209887753785],[18.874286773751017,50.714348907926869],[18.823619216337107,50.446917199493662],[18.403563285836047,50.478570133129871],[18.451874809889844,50.746209887753785]]]}},
{"type":"Feature","properties":{"Tile_ID":"X0083_Y0049","Tile_X":83,"Tile_Y":49,"TOTAL_SCENES":392,"TILE_SIZE":2.97},"geometry":{"type":"Polygon","coordinates":[[[18.874286773751017,50.714348907926869],[19.296158893937889,50.680944088657192],[19.24314679058984,50.413730144038773],[18.823619216337107,50.446917199493662],[18.874286773751017,50.714348907926869]]]}},
{"type":"Feature","properties":{"Tile_ID":"X0084_Y0049","Tile_X":84,"Tile_Y":49,"TOTAL_SCENES":390,"TILE_SIZE":2.89},"geometry":{"type":"Polygon","coordinates":[[[19.296158893937889,50.680944088657192],[19.7174671743518,50.645998679650084],[19.662122499145948,50.379012144776638],[19.24314679058984,50.413730144038773],[19.296158893937889,50.680944088657192]]]}},
{"type":"Feature","properties":{"Tile_ID":"X0085_Y0049","Tile_X":85,"Tile_Y":49,"TOTAL_SCENES":462,"TILE_SIZE":2.13},"geometry":{"type":"Polygon","coordinates":[[[19.7174671743518,50.645998679650084],[20.138187877837822,50.609516067794452],[20.08052308289076,50.342766514060479],[19.662122499145948,50.379012144776638],[19.7174671743518,50.645998679650084]]]}},
{"type":"Feature","properties":{"Tile_ID":"X0086_Y0049","Tile_X":86,"Tile_Y":49,"TOTAL_SCENES":408,"TILE_SIZE":2.99},"geometry":{"type":"Polygon","coordinates":[[[20.138187877837822,50.609516067794452],[20.558297535746597,50.571499775180847],[20.498325542318362,50.30499669667001],[20.08052308289076,50.342766514060479],[20.138187877837822,50.609516067794452]]]}},
{"type":"Feature","properties":{"Tile_ID":"X0087_Y0049","Tile_X":87,"Tile_Y":49,"TOTAL_SCENES":408,"TILE_SIZE":3.17},"geometry":{"type":"Polygon","coordinates":[[[20.558297535746597,50.571499775180847],[20.977772957211936,50.531953457051877],[20.915507146535461,50.265706267830524],[20.498325542318362,50.30499669667001],[20.558297535746597,50.571499775180847]]]}},
{"type":"Feature","properties":{"Tile_ID":"X0088_Y0049","Tile_X":88,"Tile_Y":49,"TOTAL_SCENES":415,"TILE_SIZE":2.98},"geometry":{"type":"Polygon","coordinates":[[[20.977772957211936,50.531953457051877],[21.396591238136747,50.490880899687639],[21.332045441986846,50.224898931168582],[20.915507146535461,50.265706267830524],[20.977772957211936,50.531953457051877]]]}},
{"type":"Feature","properties":{"Tile_ID":"X0089_Y0049","Tile_X":89,"Tile_Y":49,"TOTAL_SCENES":434,"TILE_SIZE":2.14},"geometry":{"type":"Polygon","coordinates":[[[21.396591238136747,50.490880899687639],[21.814729769880387,50.448286018228522],[21.747918260895869,50.182578516607187],[21.332045441986846,50.224898931168582],[21.396591238136747,50.490880899687639]]]}},
{"type":"Feature","properties":{"Tile_ID":"X0090_Y0049","Tile_X":90,"Tile_Y":49,"TOTAL_SCENES":390,"TILE_SIZE":2.98},"geometry":{"type":"Polygon","coordinates":[[[21.814729769880387,50.448286018228522],[22.232166247641207,50.404172854438222],[22.163103729413674,50.138748978202592],[21.747918260895869,50.182578516607187],[21.814729769880387,50.448286018228522]]]}},
{"type":"Feature","properties":{"Tile_ID":"X0091_Y0049","Tile_X":91,"Tile_Y":49,"TOTAL_SCENES":399,"TILE_SIZE":3.05},"geometry":{"type":"Polygon","coordinates":[[[22.232166247641207,50.404172854438222],[22.648878678528508,50.358545574409391],[22.577580275471874,50.093414391925315],[22.163103729413674,50.138748978202592],[22.232166247641207,50.404172854438222]]]}},
{"type":"Feature","properties":{"Tile_ID":"X0092_Y0049","Tile_X":92,"Tile_Y":49,"TOTAL_SCENES":424,"TILE_SIZE":2.11},"geometry":{"type":"Polygon","coordinates":[[[22.648878678528508,50.358545574409391],[23.06484538931873,50.311408466215042],[22.991326636333469,50.046578953388199],[22.577580275471874,50.093414391925315],[22.648878678528508,50.358545574409391]]]}},
{"type":"Feature","properties":{"Tile_ID":"X0093_Y0049","Tile_X":93,"Tile_Y":49,"TOTAL_SCENES":369,"TILE_SIZE":2.5},"geometry":{"type":"Polygon","coordinates":[[[23.06484538931873,50.311408466215042],[23.480045033891301,50.262765937507865],[23.404321865837524,49.998246975523926],[22.991326636333469,50.046578953388199],[23.06484538931873,50.311408466215042]]]}},
{"type":"Feature","properties":{"Tile_ID":"X0094_Y0049","Tile_X":94,"Tile_Y":49,"TOTAL_SCENES":368,"TILE_SIZE":2.74},"geometry":{"type":"Polygon","coordinates":[[[23.480045033891301,50.262765937507865],[23.894456600340135,50.212622513070826],[23.816545341333807,49.948422886214594],[23.404321865837524,49.998246975523926],[23.480045033891301,50.262765937507865]]]}},
{"type":"Feature","properties":{"Tile_ID":"X0046_Y0050","Tile_X":46,"Tile_Y":50,"TOTAL_SCENES":363,"TILE_SIZE":2.76},"geometry":{"type":"Polygon","coordinates":[[[3.141517586976287,50.581502300209358],[3.563722233662579,50.605955305476485],[3.600372192681439,50.337439451056518],[3.180537209118098,50.313145916245922],[3.141517586976287,50.581502300209358]]]}},
{"type":"Feature","properties":{"Tile_ID":"X0047_Y0050","Tile_X":47,"Tile_Y":50,"TOTAL_SCENES":373,"TILE_SIZE":2.9},"geometry":{"type":"Polygon","coordinates":[[[3.563722233662579,50.605955305476485],[3.986317718685958,50.628858798829],[4.020589666429029,50.36019339868826],[3.600372192681439,50.337439451056518],[3.563722233662579,50.605955305476485]]]}},
{"type":"Feature","properties":{"Tile_ID":"X0048_Y0050","Tile_X":48,"Tile_Y":50,"TOTAL_SCENES":397,"TILE_SIZE":2.73},"geometry":{"type":"Polygon","coordinates":[[[3.986317718685958,50.628858798829],[4.409279118984703,50.650210541822787],[4.441165228985308,50.381405570484823],[4.020589666429029,50.36019339868826],[3.986317718685958,50.628858798829]]]}},
{"type":"Feature","properties":{"Tile_ID":"X0049_Y0050","Tile_X":49,"Tile_Y":50,"TOTAL_SCENES":498,"TILE_SIZE":1.88},"geometry":{"type":"Polygon","coordinates":[[[4.409279118984703,50.650210541822787],[4.832581340394984,50.670008442623697],[4.862074313646169,50.40107392121292],[4.441165228985308,50.381405570484823],[4.409279118984703,50.650210541822787]]]}},
{"type":"Feature","properties":{"Tile_ID":"X0050_Y0050","Tile_X":50,"Tile_Y":50,"TOTAL_SCENES":362,"TILE_SIZE":2.78},"geometry":{"type":"Polygon","coordinates":[[[4.832581340394984,50.670008442623697],[5.256199128903802,50.688250557263572],[5.283292199263491,50.41919655027521],[4.862074313646169,50.40107392121292],[4.832581340394984,50.670008442623697]]]}},
{"type":"Feature","properties":{"Tile_ID":"X0051_Y0050","Tile_X":51,"Tile_Y":50,"TOTAL_SCENES":386,"TILE_SIZE":2.85},"geometry":{"type":"Polygon","coordinates":[[[5.256199128903802,50.688250557263572],[5.680107082079209,50.704935090811276],[5.704794021298569,50.435771702841031],[5.283292199263491,50.41919655027521],[5.256199128903802,50.688250557263572]]]}},
{"type":"Feature","properties":{"Tile_ID":"X0052_Y0050","Tile_X":52,"Tile_Y":50,"TOTAL_SCENES":420,"TILE_SIZE":2.38},"geometry":{"type":"Polygon","coordinates":[[[5.680107082079209,50.704935090811276],[6.10427966066581,50.720060398457115],[6.126554783033026,50.450797770893452],[5.704794021298569,50.435771702841031],[5.680107082079209,50.704935090811276]]]}},
{"type":"Feature","properties":{"Tile_ID":"X0053_Y0050","Tile_X":53,"Tile_Y":50,"TOTAL_SCENES":341,"TILE_SIZE":2.08},"geometry":{"type":"Polygon","coordinates":[[[6.10427966066581,50.720060398457115],[6.528691200333222,50.733624986509277],[6.548549366925449,50.464273294191244],[6.126554783033026,50.450797770893452],[6.10427966066581,50.720060398457115]]]}},
{"type":"Feature","properties":{"Tile_ID":"X0054_Y0050","Tile_X":54,"Tile_Y":50,"TOTAL_SCENES":374,"TILE_SIZE":2.79},"geometry":{"type":"Polygon","coordinates":[[[6.528691200333222,50.733624986509277],[6.953315923564888,50.745627513300917],[6.970752546101703,50.476196961144609],[6.548549366925449,50.464273294191244],[6.528691200333222,50.733624986509277]]]}},
{"type":"Feature","properties":{"Tile_ID":"X0055_Y0050","Tile_X":55,"Tile_Y":50,"TOTAL_SCENES":388,"TILE_SIZE":2.84},"geometry":{"type":"Polygon","coordinates":[[[6.953315923564888,50.745627513300917],[7.378127951674291,50.756066790006784],[7.393138995966617,50.486567609603455],[6.970752546101703,50.476196961144609],[6.953315923564888,50.745627513300917]]]}},
{"type":"Feature","properties":{"Tile_ID":"X0056_Y0050","Tile_X":56,"Tile_Y":50,"TOTAL_SCENES":465,"TILE_SIZE":1.97},"geometry":{"type":"Polygon","coordinates":[[[7.378127951674291,50.756066790006784],[7.803101316935402,50.764941781368108],[7.815683305924424,50.49538422755721],[7.393138995966617,50.486567609603455],[7.378127951674291,50.756066790006784]]]}},
{"type":"Feature","properties":{"Tile_ID":"X0057_Y0050","Tile_X":57,"Tile_Y":50,"TOTAL_SCENES":363,"TILE_SIZE":2.59},"geometry":{"type":"Polygon","coordinates":[[[7.803101316935402,50.764941781368108],[8.228209974813899,50.772251606325192],[8.238359991195209,50.502645953745301],[7.815683305924424,50.49538422755721],[7.803101316935402,50.764941781368108]]]}},
{"type":"Feature","properties":{"Tile_ID":"X0058_Y0050","Tile_X":58,"Tile_Y":50,"TOTAL_SCENES":375,"TILE_SIZE":2.8},"geometry":{"type":"Polygon","coordinates":[[[8.228209974813899,50.772251606325192],[8.653427816285511,50.777995538556404],[8.661143504714277,50.508352078177431],[8.238359991195209,50.502645953745301],[8.228209974813899,50.772251606325192]]]}},
{"type":"Feature","properties":{"Tile_ID":"X0059_Y0050","Tile_X":59,"Tile_Y":50,"TOTAL_SCENES":385,"TILE_SIZE":2.75},"geometry":{"type":"Polygon","coordinates":[[[8.653427816285511,50.777995538556404],[9.078728680227702,50.782173006923031],[9.084008249101402,50.512502042563],[8.661143504714277,50.508352078177431],[8.653427816285511,50.777995538556404]]]}},
{"type":"Feature","properties":{"Tile_ID":"X0060_Y0050","Tile_X":60,"Tile_Y":50,"TOTAL_SCENES":504,"TILE_SIZE":1.89},"geometry":{"type":"Polygon","coordinates":[[[9.078728680227702,50.782173006923031],[9.504086365870608,50.784783595819619],[9.506928588686449,50.515095440649169],[9.084008249101402,50.512502042563],[9.078728680227702,50.782173006923031]]]}},
{"type":"Feature","properties":{"Tile_ID":"X0061_Y0050","Tile_X":61,"Tile_Y":50,"TOTAL_SCENES":365,"TILE_SIZE":2.67},"geometry":{"type":"Polygon","coordinates":[[[9.504086365870608,50.784783595819619],[9.929474645293203,50.785827045428945],[9.929878861578089,50.516132018466962],[9.506928588686449,50.515095440649169],[9.504086365870608,50.784783595819619]]]}},
{"type":"Feature","properties":{"Tile_ID":"X0062_Y0050","Tile_X":62,"Tile_Y":50,"TOTAL_SCENES":364,"TILE_SIZE":2.62},"geometry":{"type":"Polygon","coordinates":[[[9.929474645293203,50.785827045428945],[10.354867275950411,50.785303251881572],[10.352833391761967,50.515611674485278],[9.929878861578089,50.516132018466962],[9.929474645293203,50.785827045428945]]]}},
{"type":"Feature","properties":{"Tile_ID":"X0063_Y0050","Tile_X":63,"Tile_Y":50,"TOTAL_SCENES":373,"TILE_SIZE":2.07},"geometry":{"type":"Polygon","coordinates":[[[10.354867275950411,50.785303251881572],[10.780238013216934,50.783212267319655],[10.775766501214774,50.513534459672364],[10.352833391761967,50.515611674485278],[10.354867275950411,50.785303251881572]]]}},
{"type":"Feature","properties":{"Tile_ID":"X0064_Y0050","Tile_X":64,"Tile_Y":50,"TOTAL_SCENES":348,"TILE_SIZE":2.09},"geometry":{"type":"Polygon","coordinates":[[[10.780238013216934,50.783212267319655],[11.205560622933435,50.779554299864841],[11.198652522020582,50.509900577465046],[10.775766501214774,50.513534459672364],[10.780238013216934,50.783212267319655]]]}},
{"type":"Feature","properties":{"Tile_ID":"X0065_Y0050","Tile_X":65,"Tile_Y":50,"TOTAL_SCENES":368,"TILE_SIZE":2.71},"geometry":{"type":"Polygon","coordinates":[[[11.205560622933435,50.779554299864841],[11.630808893940783,50.774329713490566],[11.621465808475806,50.504710383645254],[11.198652522020582,50.509900577465046],[11.205560622933435,50.779554299864841]]]}},
{"type":"Feature","properties":{"Tile_ID":"X0066_Y0050","Tile_X":66,"Tile_Y":50,"TOTAL_SCENES":372,"TILE_SIZE":2.7},"geometry":{"type":"Polygon","coordinates":[[[11.630808893940783,50.774329713490566],[12.05595665058806,50.767539027798612],[12.044180749169172,50.497964386124487],[11.621465808475806,50.504710383645254],[11.630808893940783,50.774329713490566]]]}},
{"type":"Feature","properties":{"Tile_ID":"X0067_Y0050","Tile_X":67,"Tile_Y":50,"TOTAL_SCENES":507,"TILE_SIZE":1.92},"geometry":{"type":"Polygon","coordinates":[[[12.05595665058806,50.767539027798612],[12.480977765200068,50.759182917700365],[12.466771779023139,50.489663244636198],[12.044180749169172,50.497964386124487],[12.05595665058806,50.767539027798612]]]}},
{"type":"Feature","properties":{"Tile_ID":"X0068_Y0050","Tile_X":68,"Tile_Y":50,"TOTAL_SCENES":374,"TILE_SIZE":2.76},"geometry":{"type":"Polygon","coordinates":[[[12.480977765200068,50.759182917700365],[12.905846170490209,50.74926221300327],[12.889213391283311,50.479807770336592],[12.466771779023139,50.489663244636198],[12.480977765200068,50.759182917700365]]]}},
{"type":"Feature","properties":{"Tile_ID":"X0069_Y0050","Tile_X":69,"Tile_Y":50,"TOTAL_SCENES":385,"TILE_SIZE":2.79},"geometry":{"type":"Polygon","coordinates":[[[12.905846170490209,50.74926221300327],[13.330535871904692,50.73777789790288],[13.311480149442444,50.468398925314432],[12.889213391283311,50.479807770336592],[12.905846170490209,50.74926221300327]]]}},
{"type":"Feature","properties":{"Tile_ID":"X0070_Y0050","Tile_X":70,"Tile_Y":50,"TOTAL_SCENES":412,"TILE_SIZE":2.81},"geometry":{"type":"Polygon","coordinates":[[[13.330535871904692,50.73777789790288],[13.755020959884163,50.724731110381356],[13.733546699085846,50.455437822010346],[13.311480149442444,50.468398925314432],[13.330535871904692,50.73777789790288]]]}},
{"type":"Feature","properties":{"Tile_ID":"X0071_Y0050","Tile_X":71,"Tile_Y":50,"TOTAL_SCENES":466,"TILE_SIZE":2.11},"geometry":{"type":"Polygon","coordinates":[[[13.755020959884163,50.724731110381356],[14.17927562202906,50.710123141512973],[14.155387779645066,50.440925722546574],[13.733546699085846,50.455437822010346],[13.755020959884163,50.724731110381356]]]}},
{"type":"Feature","properties":{"Tile_ID":"X0076_Y0050","Tile_X":76,"Tile_Y":50,"TOTAL_SCENES":350,"TILE_SIZE":2.68},"geometry":{"type":"Polygon","coordinates":[[[15.873477836426803,50.636110585711911],[16.296197420634211,50.613721374349396],[16.260335053023297,50.34515483184812],[15.839996133261565,50.367397799438997],[15.873477836426803,50.636110585711911]]]}},
{"type":"Feature","properties":{"Tile_ID":"X0077_Y0050","Tile_X":77,"Tile_Y":50,"TOTAL_SCENES":363,"TILE_SIZE":2.73},"geometry":{"type":"Polygon","coordinates":[[[16.296197420634211,50.613721374349396],[16.71853441074175,50.5897818926924],[16.68029955452165,50.321371535557361],[16.260335053023297,50.34515483184812],[16.296197420634211,50.613721374349396]]]}},
{"type":"Feature","properties":{"Tile_ID":"X0078_Y0050","Tile_X":78,"Tile_Y":50,"TOTAL_SCENES":525,"TILE_SIZE":1.9},"geometry":{"type":"Polygon","coordinates":[[[16.71853441074175,50.5897818926924],[17.140464004238037,50.564294476440807],[17.099865352871145,50.296050194373997],[16.68029955452165,50.321371535557361],[16.71853441074175,50.5897818926924]]]}},
{"type":"Feature","properties":{"Tile_ID":"X0079_Y0050","Tile_X":79,"Tile_Y":50,"TOTAL_SCENES":399,"TILE_SIZE":3.03},"geometry":{"type":"Polygon","coordinates":[[[17.140464004238037,50.564294476440807],[17.561961588062545,50.537261605623819],[17.519008346268887,50.269193233325765],[17.099865352871145,50.296050194373997],[17.140464004238037,50.564294476440807]]]}},
{"type":"Feature","properties":{"Tile_ID":"X0080_Y0050","Tile_X":80,"Tile_Y":50,"TOTAL_SCENES":404,"TILE_SIZE":3.09},"geometry":{"type":"Polygon","coordinates":[[[17.561961588062545,50.537261605623819],[17.983002749329859,50.508685903125233],[17.937704626375172,50.240803217236312],[17.519008346268887,50.269193233325765],[17.561961588062545,50.537261605623819]]]}},
{"type":"Feature","properties":{"Tile_ID":"X0081_Y0050","Tile_X":81,"Tile_Y":50,"TOTAL_SCENES":421,"TILE_SIZE":2.52},"geometry":{"type":"Polygon","coordinates":[[[17.983002749329859,50.508685903125233],[18.403563285836047,50.478570133129871],[18.355930488486372,50.21088284922461],[17.937704626375172,50.240803217236312],[17.983002749329859,50.508685903125233]]]}},
{"type":"Feature","properties":{"Tile_ID":"X0082_Y0050","Tile_X":82,"Tile_Y":50,"TOTAL_SCENES":405,"TILE_SIZE":2.51},"geometry":{"type":"Polygon","coordinates":[[[18.403563285836047,50.478570133129871],[18.823619216337107,50.446917199493662],[18.773662441490451,50.17943496913],[18.355930488486372,50.21088284922461],[18.403563285836047,50.478570133129871]]]}},
{"type":"Feature","properties":{"Tile_ID":"X0083_Y0050","Tile_X":83,"Tile_Y":50,"TOTAL_SCENES":396,"TILE_SIZE":3.05},"geometry":{"type":"Polygon","coordinates":[[[18.823619216337107,50.446917199493662],[19.24314679058984,50.413730144038773],[19.190877217595897,50.146462551865135],[18.773662441490451,50.17943496913],[18.823619216337107,50.446917199493662]]]}},
{"type":"Feature","properties":{"Tile_ID":"X0084_Y0050","Tile_X":84,"Tile_Y":50,"TOTAL_SCENES":370,"TILE_SIZE":2.8},"geometry":{"type":"Polygon","coordinates":[[[19.24314679058984,50.413730144038773],[19.662122499145948,50.379012144776638],[19.60755178182529,50.111968705698615],[19.190877217595897,50.146462551865135],[19.24314679058984,50.413730144038773]]]}},
{"type":"Feature","properties":{"Tile_ID":"X0085_Y0050","Tile_X":85,"Tile_Y":50,"TOTAL_SCENES":499,"TILE_SIZE":2.01},"geometry":{"type":"Polygon","coordinates":[[[19.662122499145948,50.379012144776638],[20.08052308289076,50.342766514060479],[20.023663341265166,50.075956670469544],[19.60755178182529,50.111968705698615],[19.662122499145948,50.379012144776638]]]}},
{"type":"Feature","properties":{"Tile_ID":"X0086_Y0050","Tile_X":86,"Tile_Y":50,"TOTAL_SCENES":399,"TILE_SIZE":3.05},"geometry":{"type":"Polygon","coordinates":[[[20.08052308289076,50.342766514060479],[20.498325542318362,50.30499669667001],[20.439189354064322,50.038429815736187],[20.023663341265166,50.075956670469544],[20.08052308289076,50.342766514060479]]]}},
{"type":"Feature","properties":{"Tile_ID":"X0087_Y0050","Tile_X":87,"Tile_Y":50,"TOTAL_SCENES":407,"TILE_SIZE":3.15},"geometry":{"type":"Polygon","coordinates":[[[20.498325542318362,50.30499669667001],[20.915507146535461,50.265706267830524],[20.854107538173221,49.999391638860843],[20.439189354064322,50.038429815736187],[20.498325542318362,50.30499669667001]]]}},
{"type":"Feature","properties":{"Tile_ID":"X0088_Y0050","Tile_X":88,"Tile_Y":50,"TOTAL_SCENES":406,"TILE_SIZE":2.67},"geometry":{"type":"Polygon","coordinates":[[[20.915507146535461,50.265706267830524],[21.332045441986846,50.224898931168582],[21.268395879817572,49.958845763033366],[20.854107538173221,49.999391638860843],[20.915507146535461,50.265706267830524]]]}},
{"type":"Feature","properties":{"Tile_ID":"X0089_Y0050","Tile_X":89,"Tile_Y":50,"TOTAL_SCENES":385,"TILE_SIZE":2.19},"geometry":{"type":"Polygon","coordinates":[[[21.332045441986846,50.224898931168582],[21.747918260895869,50.182578516607187],[21.682032641699685,49.916795935235655],[21.268395879817572,49.958845763033366],[21.332045441986846,50.224898931168582]]]}},
{"type":"Feature","properties":{"Tile_ID":"X0090_Y0050","Tile_X":90,"Tile_Y":50,"TOTAL_SCENES":394,"TILE_SIZE":3.05},"geometry":{"type":"Polygon","coordinates":[[[21.747918260895869,50.182578516607187],[22.163103729413674,50.138748978202592],[22.094996370921766,49.87324602414931],[21.682032641699685,49.916795935235655],[21.747918260895869,50.182578516607187]]]}},
{"type":"Feature","properties":{"Tile_ID":"X0091_Y0050","Tile_X":91,"Tile_Y":50,"TOTAL_SCENES":397,"TILE_SIZE":3.07},"geometry":{"type":"Polygon","coordinates":[[[22.163103729413674,50.138748978202592],[22.577580275471874,50.093414391925315],[22.507265906625662,49.828200018009355],[22.094996370921766,49.87324602414931],[22.163103729413674,50.138748978202592]]]}},
{"type":"Feature","properties":{"Tile_ID":"X0092_Y0050","Tile_X":92,"Tile_Y":50,"TOTAL_SCENES":440,"TILE_SIZE":2.03},"geometry":{"type":"Polygon","coordinates":[[[22.577580275471874,50.093414391925315],[22.991326636333469,50.046578953388199],[22.918820387344304,49.781662022405911],[22.507265906625662,49.828200018009355],[22.577580275471874,50.093414391925315]]]}},
{"type":"Feature","properties":{"Tile_ID":"X0093_Y0050","Tile_X":93,"Tile_Y":50,"TOTAL_SCENES":397,"TILE_SIZE":2.65},"geometry":{"type":"Polygon","coordinates":[[[22.991326636333469,50.046578953388199],[23.404321865837524,49.998246975523926],[23.329639258060389,49.733636258036796],[22.918820387344304,49.781662022405911],[22.991326636333469,50.046578953388199]]]}},
{"type":"Feature","properties":{"Tile_ID":"X0047_Y0051","Tile_X":47,"Tile_Y":51,"TOTAL_SCENES":358,"TILE_SIZE":2.75},"geometry":{"type":"Polygon","coordinates":[[[3.600372192681439,50.337439451056518],[4.020589666429029,50.36019339868826],[4.054379722078501,50.091493626479433],[3.636507364214994,50.068887063653101],[3.600372192681439,50.337439451056518]]]}},
{"type":"Feature","properties":{"Tile_ID":"X0048_Y0051","Tile_X":48,"Tile_Y":51,"TOTAL_SCENES":384,"TILE_SIZE":2.01},"geometry":{"type":"Polygon","coordinates":[[[4.020589666429029,50.36019339868826],[4.441165228985308,50.381405570484823],[4.472602553879431,50.112568246821709],[4.054379722078501,50.091493626479433],[4.020589666429029,50.36019339868826]]]}},
{"type":"Feature","properties":{"Tile_ID":"X0049_Y0051","Tile_X":49,"Tile_Y":51,"TOTAL_SCENES":356,"TILE_SIZE":2.24},"geometry":{"type":"Polygon","coordinates":[[[4.441165228985308,50.381405570484823],[4.862074313646169,50.40107392121292],[4.89115180645227,50.132108924760871],[4.472602553879431,50.112568246821709],[4.441165228985308,50.381405570484823]]]}},
{"type":"Feature","properties":{"Tile_ID":"X0050_Y0051","Tile_X":50,"Tile_Y":51,"TOTAL_SCENES":363,"TILE_SIZE":2.76},"geometry":{"type":"Polygon","coordinates":[[[4.862074313646169,50.40107392121292],[5.283292199263491,50.41919655027521],[5.310003277374445,50.150113801870575],[4.89115180645227,50.132108924760871],[4.862074313646169,50.40107392121292]]]}},
{"type":"Feature","properties":{"Tile_ID":"X0051_Y0051","Tile_X":51,"Tile_Y":51,"TOTAL_SCENES":365,"TILE_SIZE":2.76},"geometry":{"type":"Polygon","coordinates":[[[5.283292199263491,50.41919655027521],[5.704794021298569,50.435771702841031],[5.729132625657737,50.166581162309157],[5.310003277374445,50.150113801870575],[5.283292199263491,50.41919655027521]]]}},
{"type":"Feature","properties":{"Tile_ID":"X0052_Y0051","Tile_X":52,"Tile_Y":51,"TOTAL_SCENES":426,"TILE_SIZE":1.76},"geometry":{"type":"Polygon","coordinates":[[[5.704794021298569,50.435771702841031],[6.126554783033026,50.450797770893452],[6.148515382589776,50.181509433830996],[5.729132625657737,50.166581162309157],[5.704794021298569,50.435771702841031]]]}},
{"type":"Feature","properties":{"Tile_ID":"X0053_Y0051","Tile_X":53,"Tile_Y":51,"TOTAL_SCENES":329,"TILE_SIZE":2.33},"geometry":{"type":"Polygon","coordinates":[[[6.126554783033026,50.450797770893452],[6.548549366925449,50.464273294191244],[6.568126962714415,50.194897188715267],[6.148515382589776,50.181509433830996],[6.126554783033026,50.450797770893452]]]}},
{"type":"Feature","properties":{"Tile_ID":"X0054_Y0051","Tile_X":54,"Tile_Y":51,"TOTAL_SCENES":339,"TILE_SIZE":2.59},"geometry":{"type":"Polygon","coordinates":[[[6.548549366925449,50.464273294191244],[6.970752546101703,50.476196961144609],[6.987942674939478,50.206743144611707],[6.568126962714415,50.194897188715267],[6.548549366925449,50.464273294191244]]]}},
{"type":"Feature","properties":{"Tile_ID":"X0055_Y0051","Tile_X":55,"Tile_Y":51,"TOTAL_SCENES":370,"TILE_SIZE":2.73},"geometry":{"type":"Polygon","coordinates":[[[6.970752546101703,50.476196961144609],[7.393138995966617,50.486567609603455],[7.407937733760137,50.217046165301703],[6.987942674939478,50.206743144611707],[6.970752546101703,50.476196961144609]]]}},
{"type":"Feature","properties":{"Tile_ID":"X0056_Y0051","Tile_X":56,"Tile_Y":51,"TOTAL_SCENES":510,"TILE_SIZE":1.94},"geometry":{"type":"Polygon","coordinates":[[[7.393138995966617,50.486567609603455],[7.815683305924424,50.49538422755721],[7.828087270585915,50.225805261373942],[7.407937733760137,50.217046165301703],[7.393138995966617,50.486567609603455]]]}},
{"type":"Feature","properties":{"Tile_ID":"X0057_Y0051","Tile_X":57,"Tile_Y":51,"TOTAL_SCENES":377,"TILE_SIZE":2.9},"geometry":{"type":"Polygon","coordinates":[[[7.815683305924424,50.49538422755721],[8.238359991195209,50.502645953745301],[8.248366345159141,50.233019590813825],[7.828087270585915,50.225805261373942],[7.815683305924424,50.49538422755721]]]}},
{"type":"Feature","properties":{"Tile_ID":"X0058_Y0051","Tile_X":58,"Tile_Y":51,"TOTAL_SCENES":372,"TILE_SIZE":2.85},"geometry":{"type":"Polygon","coordinates":[[[8.238359991195209,50.502645953745301],[8.661143504714277,50.508352078177431],[8.668749957052384,50.238688459505859],[8.248366345159141,50.233019590813825],[8.238359991195209,50.502645953745301]]]}},
{"type":"Feature","properties":{"Tile_ID":"X0059_Y0051","Tile_X":59,"Tile_Y":51,"TOTAL_SCENES":399,"TILE_SIZE":2.46},"geometry":{"type":"Polygon","coordinates":[[[8.661143504714277,50.508352078177431],[9.084008249101402,50.512502042563],[9.089213057232453,50.242811321648063],[8.668749957052384,50.238688459505859],[8.661143504714277,50.508352078177431]]]}},
{"type":"Feature","properties":{"Tile_ID":"X0060_Y0051","Tile_X":60,"Tile_Y":51,"TOTAL_SCENES":358,"TILE_SIZE":2.06},"geometry":{"type":"Polygon","coordinates":[[[9.084008249101402,50.512502042563],[9.506928588686449,50.515095440649169],[9.509730559678099,50.245387780078431],[9.089213057232453,50.242811321648063],[9.084008249101402,50.512502042563]]]}},
{"type":"Feature","properties":{"Tile_ID":"X0061_Y0051","Tile_X":61,"Tile_Y":51,"TOTAL_SCENES":359,"TILE_SIZE":2.72},"geometry":{"type":"Polygon","coordinates":[[[9.506928588686449,50.515095440649169],[9.929878861578089,50.516132018466962],[9.930277353038752,50.246417586512514],[9.509730559678099,50.245387780078431],[9.506928588686449,50.515095440649169]]]}},
{"type":"Feature","properties":{"Tile_ID":"X0062_Y0051","Tile_X":62,"Tile_Y":51,"TOTAL_SCENES":352,"TILE_SIZE":2.66},"geometry":{"type":"Polygon","coordinates":[[[9.929878861578089,50.516132018466962],[10.352833391761967,50.515611674485278],[10.350828312321299,50.245900641691975],[9.930277353038752,50.246417586512514],[9.929878861578089,50.516132018466962]]]}},
{"type":"Feature","properties":{"Tile_ID":"X0063_Y0051","Tile_X":63,"Tile_Y":51,"TOTAL_SCENES":411,"TILE_SIZE":1.85},"geometry":{"type":"Polygon","coordinates":[[[10.352833391761967,50.515611674485278],[10.775766501214774,50.513534459672364],[10.771358310592039,50.243836995444155],[10.350828312321299,50.245900641691975],[10.352833391761967,50.515611674485278]]]}},
{"type":"Feature","properties":{"Tile_ID":"X0064_Y0051","Tile_X":64,"Tile_Y":51,"TOTAL_SCENES":353,"TILE_SIZE":2.46},"geometry":{"type":"Polygon","coordinates":[[[10.775766501214774,50.513534459672364],[11.198652522020582,50.509900577465046],[11.191842230680759,50.240226846652135],[10.771358310592039,50.243836995444155],[10.775766501214774,50.513534459672364]]]}},
{"type":"Feature","properties":{"Tile_ID":"X0065_Y0051","Tile_X":65,"Tile_Y":51,"TOTAL_SCENES":328,"TILE_SIZE":2.51},"geometry":{"type":"Polygon","coordinates":[[[11.198652522020582,50.509900577465046],[11.621465808475806,50.504710383645254],[11.612254976873992,50.235070543135699],[11.191842230680759,50.240226846652135],[11.198652522020582,50.509900577465046]]]}},
{"type":"Feature","properties":{"Tile_ID":"X0066_Y0051","Tile_X":66,"Tile_Y":51,"TOTAL_SCENES":330,"TILE_SIZE":2.45},"geometry":{"type":"Polygon","coordinates":[[[11.621465808475806,50.504710383645254],[12.044180749169172,50.497964386124487],[12.032571486584484,50.228368581443178],[11.612254976873992,50.235070543135699],[11.621465808475806,50.504710383645254]]]}},
{"type":"Feature","properties":{"Tile_ID":"X0067_Y0051","Tile_X":67,"Tile_Y":51,"TOTAL_SCENES":465,"TILE_SIZE":1.64},"geometry":{"type":"Polygon","coordinates":[[[12.044180749169172,50.497964386124487],[12.466771779023139,50.489663244636198],[12.452766741983933,50.220121606554557],[12.032571486584484,50.228368581443178],[12.044180749169172,50.497964386124487]]]}},
{"type":"Feature","properties":{"Tile_ID":"X0068_Y0051","Tile_X":68,"Tile_Y":51,"TOTAL_SCENES":351,"TILE_SIZE":2.66},"geometry":{"type":"Polygon","coordinates":[[[12.466771779023139,50.489663244636198],[12.889213391283311,50.479807770336592],[12.872815781586187,50.210330411496017],[12.452766741983933,50.220121606554557],[12.466771779023139,50.489663244636198]]]}},
{"type":"Feature","properties":{"Tile_ID":"X0069_Y0051","Tile_X":69,"Tile_Y":51,"TOTAL_SCENES":380,"TILE_SIZE":2.9},"geometry":{"type":"Polygon","coordinates":[[[12.889213391283311,50.479807770336592],[13.311480149442444,50.468398925314432],[13.292693711768163,50.198995936866687],[12.872815781586187,50.210330411496017],[12.889213391283311,50.479807770336592]]]}},
{"type":"Feature","properties":{"Tile_ID":"X0077_Y0051","Tile_X":77,"Tile_Y":51,"TOTAL_SCENES":355,"TILE_SIZE":2.47},"geometry":{"type":"Polygon","coordinates":[[[16.260335053023297,50.34515483184812],[16.68029955452165,50.321371535557361],[16.642601349076394,50.052923122988801],[16.224976589878807,50.076552488432107],[16.260335053023297,50.34515483184812]]]}},
{"type":"Feature","properties":{"Tile_ID":"X0078_Y0051","Tile_X":78,"Tile_Y":51,"TOTAL_SCENES":381,"TILE_SIZE":1.82},"geometry":{"type":"Polygon","coordinates":[[[16.68029955452165,50.321371535557361],[17.099865352871145,50.296050194373997],[17.059835864290186,50.027765463517369],[16.642601349076394,50.052923122988801],[16.68029955452165,50.321371535557361]]]}},
{"type":"Feature","properties":{"Tile_ID":"X0079_Y0051","Tile_X":79,"Tile_Y":51,"TOTAL_SCENES":347,"TILE_SIZE":2.64},"geometry":{"type":"Polygon","coordinates":[[[17.099865352871145,50.296050194373997],[17.519008346268887,50.269193233325765],[17.476656531704784,50.001081881553354],[17.059835864290186,50.027765463517369],[17.099865352871145,50.296050194373997]]]}},
{"type":"Feature","properties":{"Tile_ID":"X0080_Y0051","Tile_X":80,"Tile_Y":51,"TOTAL_SCENES":391,"TILE_SIZE":3.0},"geometry":{"type":"Polygon","coordinates":[[[17.519008346268887,50.269193233325765],[17.937704626375172,50.240803217236312],[17.893039934524381,49.972874885449379],[17.476656531704784,50.001081881553354],[17.519008346268887,50.269193233325765]]]}},
{"type":"Feature","properties":{"Tile_ID":"X0081_Y0051","Tile_X":81,"Tile_Y":51,"TOTAL_SCENES":436,"TILE_SIZE":2.31},"geometry":{"type":"Polygon","coordinates":[[[17.937704626375172,50.240803217236312],[18.355930488486372,50.21088284922461],[18.308962852824639,49.94314711892526],[17.893039934524381,49.972874885449379],[17.937704626375172,50.240803217236312]]]}},
{"type":"Feature","properties":{"Tile_ID":"X0082_Y0051","Tile_X":82,"Tile_Y":51,"TOTAL_SCENES":394,"TILE_SIZE":2.65},"geometry":{"type":"Polygon","coordinates":[[[18.355930488486372,50.21088284922461],[18.773662441490451,50.17943496913],[18.724402273197192,49.911901359546071],[18.308962852824639,49.94314711892526],[18.355930488486372,50.21088284922461]]]}},
{"type":"Feature","properties":{"Tile_ID":"X0083_Y0051","Tile_X":83,"Tile_Y":51,"TOTAL_SCENES":385,"TILE_SIZE":2.95},"geometry":{"type":"Polygon","coordinates":[[[18.773662441490451,50.17943496913],[19.190877217595897,50.146462551865135],[19.139335398178019,49.879140517130359],[18.724402273197192,49.911901359546071],[18.773662441490451,50.17943496913]]]}},
{"type":"Feature","properties":{"Tile_ID":"X0084_Y0051","Tile_X":84,"Tile_Y":51,"TOTAL_SCENES":402,"TILE_SIZE":3.06},"geometry":{"type":"Polygon","coordinates":[[[19.190877217595897,50.146462551865135],[19.60755178182529,50.111968705698615],[19.553739655451164,49.844867632090185],[19.139335398178019,49.879140517130359],[19.190877217595897,50.146462551865135]]]}},
{"type":"Feature","properties":{"Tile_ID":"X0085_Y0051","Tile_X":85,"Tile_Y":51,"TOTAL_SCENES":566,"TILE_SIZE":1.96},"geometry":{"type":"Polygon","coordinates":[[[19.60755178182529,50.111968705698615],[20.023663341265166,50.075956670469544],[19.967592706819911,49.809085873705186],[19.553739655451164,49.844867632090185],[19.60755178182529,50.111968705698615]]]}},
{"type":"Feature","properties":{"Tile_ID":"X0086_Y0051","Tile_X":86,"Tile_Y":51,"TOTAL_SCENES":425,"TILE_SIZE":3.12},"geometry":{"type":"Polygon","coordinates":[[[20.023663341265166,50.075956670469544],[20.439189354064322,50.038429815736187],[20.380872456937855,49.771798538332611],[19.967592706819911,49.809085873705186],[20.023663341265166,50.075956670469544]]]}},
{"type":"Feature","properties":{"Tile_ID":"X0087_Y0051","Tile_X":87,"Tile_Y":51,"TOTAL_SCENES":414,"TILE_SIZE":3.07},"geometry":{"type":"Polygon","coordinates":[[[20.439189354064322,50.038429815736187],[20.854107538173221,49.999391638860843],[20.793557061792676,49.733009047555534],[20.380872456937855,49.771798538332611],[20.439189354064322,50.038429815736187]]]}},
{"type":"Feature","properties":{"Tile_ID":"X0088_Y0051","Tile_X":88,"Tile_Y":51,"TOTAL_SCENES":407,"TILE_SIZE":2.36},"geometry":{"type":"Polygon","coordinates":[[[20.854107538173221,49.999391638860843],[21.268395879817572,49.958845763033366],[21.205624936936132,49.692720946271457],[20.793557061792676,49.733009047555534],[20.854107538173221,49.999391638860843]]]}},
{"type":"Feature","properties":{"Tile_ID":"X0089_Y0051","Tile_X":89,"Tile_Y":51,"TOTAL_SCENES":420,"TILE_SIZE":2.34},"geometry":{"type":"Polygon","coordinates":[[[21.268395879817572,49.958845763033366],[21.682032641699685,49.916795935235655],[21.617054765453926,49.65093790072337],[21.205624936936132,49.692720946271457],[21.268395879817572,49.958845763033366]]]}},
{"type":"Feature","properties":{"Tile_ID":"X0090_Y0051","Tile_X":90,"Tile_Y":51,"TOTAL_SCENES":403,"TILE_SIZE":3.06},"geometry":{"type":"Polygon","coordinates":[[[21.682032641699685,49.916795935235655],[22.094996370921766,49.87324602414931],[22.027825505669966,49.607663696475861],[21.617054765453926,49.65093790072337],[21.682032641699685,49.916795935235655]]]}},
{"type":"Feature","properties":{"Tile_ID":"X0091_Y0051","Tile_X":91,"Tile_Y":51,"TOTAL_SCENES":398,"TILE_SIZE":2.96},"geometry":{"type":"Polygon","coordinates":[[[22.094996370921766,49.87324602414931],[22.507265906625662,49.828200018009355],[22.437916398579546,49.562902236338239],[22.027825505669966,49.607663696475861],[22.094996370921766,49.87324602414931]]]}},
{"type":"Feature","properties":{"Tile_ID":"X0092_Y0051","Tile_X":92,"Tile_Y":51,"TOTAL_SCENES":441,"TILE_SIZE":1.9},"geometry":{"type":"Polygon","coordinates":[[[22.507265906625662,49.828200018009355],[22.918820387344304,49.781662022405911],[22.847306975006958,49.516657538237432],[22.437916398579546,49.562902236338239],[22.507265906625662,49.828200018009355]]]}},
{"type":"Feature","properties":{"Tile_ID":"X0048_Y0052","Tile_X":48,"Tile_Y":52,"TOTAL_SCENES":483,"TILE_SIZE":1.59},"geometry":{"type":"Polygon","coordinates":[[[4.054379722078501,50.091493626479433],[4.472602553879431,50.112568246821709],[4.503600101082028,49.843697315035584],[4.087697544057861,49.822758267197536],[4.054379722078501,50.091493626479433]]]}},
{"type":"Feature","properties":{"Tile_ID":"X0049_Y0052","Tile_X":49,"Tile_Y":52,"TOTAL_SCENES":352,"TILE_SIZE":2.41},"geometry":{"type":"Polygon","coordinates":[[[4.472602553879431,50.112568246821709],[4.89115180645227,50.132108924760871],[4.919822168566502,49.863112159479677],[4.503600101082028,49.843697315035584],[4.472602553879431,50.112568246821709]]]}},
{"type":"Feature","properties":{"Tile_ID":"X0050_Y0052","Tile_X":50,"Tile_Y":52,"TOTAL_SCENES":356,"TILE_SIZE":2.67},"geometry":{"type":"Polygon","coordinates":[[[4.89115180645227,50.132108924760871],[5.310003277374445,50.150113801870575],[5.336340049139192,49.881000983115328],[4.919822168566502,49.863112159479677],[4.89115180645227,50.132108924760871]]]}},
{"type":"Feature","properties":{"Tile_ID":"X0051_Y0052","Tile_X":51,"Tile_Y":52,"TOTAL_SCENES":349,"TILE_SIZE":2.48},"geometry":{"type":"Polygon","coordinates":[[[5.310003277374445,50.150113801870575],[5.729132625657737,50.166581162309157],[5.753129911493366,49.897362108016353],[5.336340049139192,49.881000983115328],[5.310003277374445,50.150113801870575]]]}},
{"type":"Feature","properties":{"Tile_ID":"X0052_Y0052","Tile_X":52,"Tile_Y":52,"TOTAL_SCENES":478,"TILE_SIZE":1.71},"geometry":{"type":"Polygon","coordinates":[[[5.729132625657737,50.166581162309157],[6.148515382589776,50.181509433830996],[6.170167800874237,49.912193996721676],[5.753129911493366,49.897362108016353],[5.729132625657737,50.166581162309157]]]}},
{"type":"Feature","properties":{"Tile_ID":"X0053_Y0052","Tile_X":53,"Tile_Y":52,"TOTAL_SCENES":361,"TILE_SIZE":2.77},"geometry":{"type":"Polygon","coordinates":[[[6.148515382589776,50.181509433830996],[6.568126962714415,50.194897188715267],[6.587429649697895,49.925495253132596],[6.170167800874237,49.912193996721676],[6.148515382589776,50.181509433830996]]]}},
{"type":"Feature","properties":{"Tile_ID":"X0054_Y0052","Tile_X":54,"Tile_Y":52,"TOTAL_SCENES":365,"TILE_SIZE":2.79},"geometry":{"type":"Polygon","coordinates":[[[6.568126962714415,50.194897188715267],[6.987942674939478,50.206743144611707],[7.004891288291698,49.937264623329476],[6.587429649697895,49.925495253132596],[6.568126962714415,50.194897188715267]]]}},
{"type":"Feature","properties":{"Tile_ID":"X0055_Y0052","Tile_X":55,"Tile_Y":52,"TOTAL_SCENES":384,"TILE_SIZE":2.35},"geometry":{"type":"Polygon","coordinates":[[[6.987942674939478,50.206743144611707],[7.407937733760137,50.217046165301703],[7.422528455744831,49.947500996306957],[7.004891288291698,49.937264623329476],[6.987942674939478,50.206743144611707]]]}},
{"type":"Feature","properties":{"Tile_ID":"X0056_Y0052","Tile_X":56,"Tile_Y":52,"TOTAL_SCENES":382,"TILE_SIZE":2.22},"geometry":{"type":"Polygon","coordinates":[[[7.407937733760137,50.217046165301703],[7.828087270585915,50.225805261373942],[7.840316810857649,49.9562034046264],[7.422528455744831,49.947500996306957],[7.407937733760137,50.217046165301703]]]}},
{"type":"Feature","properties":{"Tile_ID":"X0057_Y0052","Tile_X":57,"Tile_Y":52,"TOTAL_SCENES":385,"TILE_SIZE":2.95},"geometry":{"type":"Polygon","coordinates":[[[7.828087270585915,50.225805261373942],[8.248366345159141,50.233019590813825],[8.258231943178128,49.963371024985143],[7.840316810857649,49.9562034046264],[7.828087270585915,50.225805261373942]]]}},
{"type":"Feature","properties":{"Tile_ID":"X0058_Y0052","Tile_X":58,"Tile_Y":52,"TOTAL_SCENES":388,"TILE_SIZE":3.0},"geometry":{"type":"Polygon","coordinates":[[[8.248366345159141,50.233019590813825],[8.668749957052384,50.238688459505859],[8.676249384113614,49.969003178701442],[8.258231943178128,49.963371024985143],[8.248366345159141,50.233019590813825]]]}},
{"type":"Feature","properties":{"Tile_ID":"X0059_Y0052","Tile_X":59,"Tile_Y":52,"TOTAL_SCENES":435,"TILE_SIZE":2.03},"geometry":{"type":"Polygon","coordinates":[[[8.668749957052384,50.238688459505859],[9.089213057232453,50.242811321648063],[9.094344618105971,49.973099332114927],[8.676249384113614,49.969003178701442],[8.668749957052384,50.238688459505859]]]}},
{"type":"Feature","properties":{"Tile_ID":"X0060_Y0052","Tile_X":60,"Tile_Y":52,"TOTAL_SCENES":364,"TILE_SIZE":2.43},"geometry":{"type":"Polygon","coordinates":[[[9.089213057232453,50.242811321648063],[9.509730559678099,50.245387780078431],[9.512493093857911,49.975659096901659],[9.094344618105971,49.973099332114927],[9.089213057232453,50.242811321648063]]]}},
{"type":"Feature","properties":{"Tile_ID":"X0061_Y0052","Tile_X":61,"Tile_Y":52,"TOTAL_SCENES":349,"TILE_SIZE":2.6},"geometry":{"type":"Polygon","coordinates":[[[9.509730559678099,50.245387780078431],[9.930277353038752,50.246417586512514],[9.930670235598393,49.97668223030356],[9.512493093857911,49.975659096901659],[9.509730559678099,50.245387780078431]]]}},
{"type":"Feature","properties":{"Tile_ID":"X0062_Y0052","Tile_X":62,"Tile_Y":52,"TOTAL_SCENES":364,"TILE_SIZE":2.72},"geometry":{"type":"Polygon","coordinates":[[[9.930277353038752,50.246417586512514],[10.350828312321299,50.245900641691975],[10.348851454374783,49.976168635271939],[9.930670235598393,49.97668223030356],[9.930277353038752,50.246417586512514]]]}},
{"type":"Feature","properties":{"Tile_ID":"X0063_Y0052","Tile_X":63,"Tile_Y":52,"TOTAL_SCENES":503,"TILE_SIZE":1.7},"geometry":{"type":"Polygon","coordinates":[[[10.350828312321299,50.245900641691975],[10.771358310592039,50.243836995444155],[10.767012159359421,49.974118360524869],[10.348851454374783,49.976168635271939],[10.350828312321299,50.245900641691975]]]}},
{"type":"Feature","properties":{"Tile_ID":"X0064_Y0052","Tile_X":64,"Tile_Y":52,"TOTAL_SCENES":377,"TILE_SIZE":2.87},"geometry":{"type":"Polygon","coordinates":[[[10.771358310592039,50.243836995444155],[11.191842230680759,50.240226846652135],[11.185127769158244,49.970531600518399],[10.767012159359421,49.974118360524869],[10.771358310592039,50.243836995444155]]]}},
{"type":"Feature","properties":{"Tile_ID":"X0065_Y0052","Tile_X":65,"Tile_Y":52,"TOTAL_SCENES":368,"TILE_SIZE":2.84},"geometry":{"type":"Polygon","coordinates":[[[11.191842230680759,50.240226846652135],[11.612254976873992,50.235070543135699],[11.603173723109103,49.965408695331561],[11.185127769158244,49.970531600518399],[11.191842230680759,50.240226846652135]]]}},
{"type":"Feature","properties":{"Tile_ID":"X0066_Y0052","Tile_X":66,"Tile_Y":52,"TOTAL_SCENES":358,"TILE_SIZE":2.31},"geometry":{"type":"Polygon","coordinates":[[[11.612254976873992,50.235070543135699],[12.032571486584484,50.228368581443178],[12.021125492557378,49.95875013046539],[11.603173723109103,49.965408695331561],[11.612254976873992,50.235070543135699]]]}},
{"type":"Feature","properties":{"Tile_ID":"X0067_Y0052","Tile_X":67,"Tile_Y":52,"TOTAL_SCENES":370,"TILE_SIZE":1.99},"geometry":{"type":"Polygon","coordinates":[[[12.032571486584484,50.228368581443178],[12.452766741983933,50.220121606554557],[12.438958592096649,49.950556536556235],[12.021125492557378,49.95875013046539],[12.032571486584484,50.228368581443178]]]}},
{"type":"Feature","properties":{"Tile_ID":"X0068_Y0052","Tile_X":68,"Tile_Y":52,"TOTAL_SCENES":361,"TILE_SIZE":2.73},"geometry":{"type":"Polygon","coordinates":[[[12.452766741983933,50.220121606554557],[12.872815781586187,50.210330411496017],[12.856648590762132,49.940828689003538],[12.438958592096649,49.950556536556235],[12.452766741983933,50.220121606554557]]]}},
{"type":"Feature","properties":{"Tile_ID":"X0080_Y0052","Tile_X":80,"Tile_Y":52,"TOTAL_SCENES":408,"TILE_SIZE":2.95},"geometry":{"type":"Polygon","coordinates":[[[17.476656531704784,50.001081881553354],[17.893039934524381,49.972874885449379],[17.848996077255961,49.704899918927843],[17.434894161970163,49.732926508212778],[17.476656531704784,50.001081881553354]]]}},
{"type":"Feature","properties":{"Tile_ID":"X0081_Y0052","Tile_X":81,"Tile_Y":52,"TOTAL_SCENES":449,"TILE_SIZE":1.98},"geometry":{"type":"Polygon","coordinates":[[[17.893039934524381,49.972874885449379],[18.308962852824639,49.94314711892526],[18.262647177282645,49.675362009173178],[17.848996077255961,49.704899918927843],[17.893039934524381,49.972874885449379]]]}},
{"type":"Feature","properties":{"Tile_ID":"X0082_Y0052","Tile_X":82,"Tile_Y":52,"TOTAL_SCENES":416,"TILE_SIZE":2.84},"geometry":{"type":"Polygon","coordinates":[[[18.308962852824639,49.94314711892526],[18.724402273197192,49.911901359546071],[18.675824914302527,49.644315495923856],[18.262647177282645,49.675362009173178],[18.308962852824639,49.94314711892526]]]}},
{"type":"Feature","properties":{"Tile_ID":"X0083_Y0052","Tile_X":83,"Tile_Y":52,"TOTAL_SCENES":410,"TILE_SIZE":3.11},"geometry":{"type":"Polygon","coordinates":[[[18.724402273197192,49.911901359546071],[19.139335398178019,49.879140517130359],[19.088506949426275,49.611763225659523],[18.675824914302527,49.644315495923856],[18.724402273197192,49.911901359546071]]]}},
{"type":"Feature","properties":{"Tile_ID":"X0084_Y0052","Tile_X":84,"Tile_Y":52,"TOTAL_SCENES":406,"TILE_SIZE":2.87},"geometry":{"type":"Polygon","coordinates":[[[19.139335398178019,49.879140517130359],[19.553739655451164,49.844867632090185],[19.50067116154715,49.577708172759664],[19.088506949426275,49.611763225659523],[19.139335398178019,49.879140517130359]]]}},
{"type":"Feature","properties":{"Tile_ID":"X0085_Y0052","Tile_X":85,"Tile_Y":52,"TOTAL_SCENES":467,"TILE_SIZE":2.02},"geometry":{"type":"Polygon","coordinates":[[[19.553739655451164,49.844867632090185],[19.967592706819911,49.809085873705186],[19.912295656043256,49.542153437834706],[19.50067116154715,49.577708172759664],[19.553739655451164,49.844867632090185]]]}},
{"type":"Feature","properties":{"Tile_ID":"X0086_Y0052","Tile_X":86,"Tile_Y":52,"TOTAL_SCENES":434,"TILE_SIZE":3.13},"geometry":{"type":"Polygon","coordinates":[[[19.967592706819911,49.809085873705186],[20.380872456937855,49.771798538332611],[20.323358773250472,49.505102245995204],[19.912295656043256,49.542153437834706],[19.967592706819911,49.809085873705186]]]}},
{"type":"Feature","properties":{"Tile_ID":"X0087_Y0052","Tile_X":87,"Tile_Y":52,"TOTAL_SCENES":441,"TILE_SIZE":3.24},"geometry":{"type":"Polygon","coordinates":[[[20.380872456937855,49.771798538332611],[20.793557061792676,49.733009047555534],[20.733839096699267,49.466557945060757],[20.323358773250472,49.505102245995204],[20.380872456937855,49.771798538332611]]]}},
{"type":"Feature","properties":{"Tile_ID":"X0088_Y0052","Tile_X":88,"Tile_Y":52,"TOTAL_SCENES":445,"TILE_SIZE":2.33},"geometry":{"type":"Polygon","coordinates":[[[20.793557061792676,49.733009047555534],[21.205624936936132,49.692720946271457],[21.143715461109007,49.426524003711215],[20.733839096699267,49.466557945060757],[20.793557061792676,49.733009047555534]]]}},
{"type":"Feature","properties":{"Tile_ID":"X0089_Y0052","Tile_X":89,"Tile_Y":52,"TOTAL_SCENES":431,"TILE_SIZE":2.5},"geometry":{"type":"Polygon","coordinates":[[[21.205624936936132,49.692720946271457],[21.617054765453926,49.65093790072337],[21.552966960133773,49.38500400958187],[21.143715461109007,49.426524003711215],[21.205624936936132,49.692720946271457]]]}},
{"type":"Feature","properties":{"Tile_ID":"X0090_Y0052","Tile_X":90,"Tile_Y":52,"TOTAL_SCENES":436,"TILE_SIZE":3.05},"geometry":{"type":"Polygon","coordinates":[[[21.617054765453926,49.65093790072337],[22.027825505669966,49.607663696475861],[21.96157295385423,49.342001667305126],[21.552966960133773,49.38500400958187],[21.617054765453926,49.65093790072337]]]}},
{"type":"Feature","properties":{"Tile_ID":"X0091_Y0052","Tile_X":91,"Tile_Y":52,"TOTAL_SCENES":421,"TILE_SIZE":2.96},"geometry":{"type":"Polygon","coordinates":[[[22.027825505669966,49.607663696475861],[22.437916398579546,49.562902236338239],[22.369513076010477,49.297520796500734],[21.96157295385423,49.342001667305126],[22.027825505669966,49.607663696475861]]]}},
{"type":"Feature","properties":{"Tile_ID":"X0092_Y0052","Tile_X":92,"Tile_Y":52,"TOTAL_SCENES":450,"TILE_SIZE":1.73},"geometry":{"type":"Polygon","coordinates":[[[22.437916398579546,49.562902236338239],[22.847306975006958,49.516657538237432],[22.776767240971264,49.251565329716861],[22.369513076010477,49.297520796500734],[22.437916398579546,49.562902236338239]]]}},
{"type":"Feature","properties":{"Tile_ID":"X0049_Y0053","Tile_X":49,"Tile_Y":53,"TOTAL_SCENES":380,"TILE_SIZE":2.81},"geometry":{"type":"Polygon","coordinates":[[[4.503600101082028,49.843697315035584],[4.919822168566502,49.863112159479677],[4.948093524068288,49.594082325712861],[4.534166634937185,49.574791512437685],[4.503600101082028,49.843697315035584]]]}},
{"type":"Feature","properties":{"Tile_ID":"X0050_Y0053","Tile_X":50,"Tile_Y":53,"TOTAL_SCENES":375,"TILE_SIZE":2.8},"geometry":{"type":"Polygon","coordinates":[[[4.919822168566502,49.863112159479677],[5.336340049139192,49.881000983115328],[5.362309992431276,49.611856760154524],[4.948093524068288,49.594082325712861],[4.919822168566502,49.863112159479677]]]}},
{"type":"Feature","properties":{"Tile_ID":"X0051_Y0053","Tile_X":51,"Tile_Y":53,"TOTAL_SCENES":390,"TILE_SIZE":2.18},"geometry":{"type":"Polygon","coordinates":[[[5.336340049139192,49.881000983115328],[5.753129911493366,49.897362108016353],[5.776792704987176,49.628113174714613],[5.362309992431276,49.611856760154524],[5.336340049139192,49.881000983115328]]]}},
{"type":"Feature","properties":{"Tile_ID":"X0052_Y0053","Tile_X":52,"Tile_Y":53,"TOTAL_SCENES":395,"TILE_SIZE":2.2},"geometry":{"type":"Polygon","coordinates":[[[5.753129911493366,49.897362108016353],[6.170167800874237,49.912193996721676],[6.191518207353945,49.642850065763405],[5.776792704987176,49.628113174714613],[5.753129911493366,49.897362108016353]]]}},
{"type":"Feature","properties":{"Tile_ID":"X0053_Y0053","Tile_X":53,"Tile_Y":53,"TOTAL_SCENES":406,"TILE_SIZE":3.03},"geometry":{"type":"Polygon","coordinates":[[[6.170167800874237,49.912193996721676],[6.587429649697895,49.925495253132596],[6.606462936078179,49.656066067956402],[6.191518207353945,49.642850065763405],[6.170167800874237,49.912193996721676]]]}},
{"type":"Feature","properties":{"Tile_ID":"X0054_Y0053","Tile_X":54,"Tile_Y":53,"TOTAL_SCENES":399,"TILE_SIZE":2.93},"geometry":{"type":"Polygon","coordinates":[[[6.587429649697895,49.925495253132596],[7.004891288291698,49.937264623329476],[7.021603229022603,49.667759955023342],[6.606462936078179,49.656066067956402],[6.587429649697895,49.925495253132596]]]}},
{"type":"Feature","properties":{"Tile_ID":"X0055_Y0053","Tile_X":55,"Tile_Y":53,"TOTAL_SCENES":439,"TILE_SIZE":1.98},"geometry":{"type":"Polygon","coordinates":[[[7.004891288291698,49.937264623329476],[7.422528455744831,49.947500996306957],[7.436915335858609,49.677930640478309],[7.021603229022603,49.667759955023342],[7.004891288291698,49.937264623329476]]]}},
{"type":"Feature","properties":{"Tile_ID":"X0056_Y0053","Tile_X":56,"Tile_Y":53,"TOTAL_SCENES":414,"TILE_SIZE":2.72},"geometry":{"type":"Polygon","coordinates":[[[7.422528455744831,49.947500996306957],[7.840316810857649,49.9562034046264],[7.852375428652961,49.686577178250111],[7.436915335858609,49.677930640478309],[7.422528455744831,49.947500996306957]]]}},
{"type":"Feature","properties":{"Tile_ID":"X0057_Y0053","Tile_X":57,"Tile_Y":53,"TOTAL_SCENES":410,"TILE_SIZE":3.08},"geometry":{"type":"Polygon","coordinates":[[[7.840316810857649,49.9562034046264],[8.258231943178128,49.963371024985143],[8.267959612537545,49.693698763232057],[7.852375428652961,49.686577178250111],[7.840316810857649,49.9562034046264]]]}},
{"type":"Feature","properties":{"Tile_ID":"X0058_Y0053","Tile_X":58,"Tile_Y":53,"TOTAL_SCENES":409,"TILE_SIZE":2.95},"geometry":{"type":"Polygon","coordinates":[[[8.258231943178128,49.963371024985143],[8.676249384113614,49.969003178701442],[8.683643936450869,49.699294731750427],[8.267959612537545,49.693698763232057],[8.258231943178128,49.963371024985143]]]}},
{"type":"Feature","properties":{"Tile_ID":"X0059_Y0053","Tile_X":59,"Tile_Y":53,"TOTAL_SCENES":556,"TILE_SIZE":1.76},"geometry":{"type":"Polygon","coordinates":[[[8.676249384113614,49.969003178701442],[9.094344618105971,49.973099332114927],[9.099404403940019,49.703364561951197],[8.683643936450869,49.699294731750427],[8.676249384113614,49.969003178701442]]]}},
{"type":"Feature","properties":{"Tile_ID":"X0060_Y0053","Tile_X":60,"Tile_Y":53,"TOTAL_SCENES":391,"TILE_SIZE":2.81},"geometry":{"type":"Polygon","coordinates":[[[9.094344618105971,49.973099332114927],[9.512493093857911,49.975659096901659],[9.515216984011367,49.70590787410439],[9.099404403940019,49.703364561951197],[9.094344618105971,49.973099332114927]]]}},
{"type":"Feature","properties":{"Tile_ID":"X0061_Y0053","Tile_X":61,"Tile_Y":53,"TOTAL_SCENES":373,"TILE_SIZE":2.73},"geometry":{"type":"Polygon","coordinates":[[[9.512493093857911,49.975659096901659],[9.930670235598393,49.97668223030356],[9.931057622018528,49.706924430825595],[9.515216984011367,49.70590787410439],[9.512493093857911,49.975659096901659]]]}},
{"type":"Feature","properties":{"Tile_ID":"X0062_Y0053","Tile_X":62,"Tile_Y":53,"TOTAL_SCENES":372,"TILE_SIZE":2.38},"geometry":{"type":"Polygon","coordinates":[[[9.930670235598393,49.97668223030356],[10.348851454374783,49.976168635271939],[10.346902250575829,49.706414137214701],[9.931057622018528,49.706924430825595],[9.930670235598393,49.97668223030356]]]}},
{"type":"Feature","properties":{"Tile_ID":"X0063_Y0053","Tile_X":63,"Tile_Y":53,"TOTAL_SCENES":425,"TILE_SIZE":1.95},"geometry":{"type":"Polygon","coordinates":[[[10.348851454374783,49.976168635271939],[10.767012159359421,49.974118360524869],[10.762726800485483,49.704377040911169],[10.346902250575829,49.706414137214701],[10.348851454374783,49.976168635271939]]]}},
{"type":"Feature","properties":{"Tile_ID":"X0064_Y0053","Tile_X":64,"Tile_Y":53,"TOTAL_SCENES":399,"TILE_SIZE":2.99},"geometry":{"type":"Polygon","coordinates":[[[10.767012159359421,49.974118360524869],[11.185127769158244,49.970531600518399],[11.178507211666762,49.700813332066332],[10.762726800485483,49.704377040911169],[10.767012159359421,49.974118360524869]]]}},
{"type":"Feature","properties":{"Tile_ID":"X0065_Y0053","Tile_X":65,"Tile_Y":53,"TOTAL_SCENES":378,"TILE_SIZE":2.82},"geometry":{"type":"Polygon","coordinates":[[[11.185127769158244,49.970531600518399],[11.603173723109103,49.965408695331561],[11.594219444075295,49.695723343232345],[11.178507211666762,49.700813332066332],[11.185127769158244,49.970531600518399]]]}},
{"type":"Feature","properties":{"Tile_ID":"X0066_Y0053","Tile_X":66,"Tile_Y":53,"TOTAL_SCENES":404,"TILE_SIZE":2.08},"geometry":{"type":"Polygon","coordinates":[[[11.603173723109103,49.965408695331561],[12.021125492557378,49.95875013046539],[12.009839488600784,49.689107549167971],[11.594219444075295,49.695723343232345],[11.603173723109103,49.965408695331561]]]}},
{"type":"Feature","properties":{"Tile_ID":"X0067_Y0053","Tile_X":67,"Tile_Y":53,"TOTAL_SCENES":394,"TILE_SIZE":2.39},"geometry":{"type":"Polygon","coordinates":[[[12.021125492557378,49.95875013046539],[12.438958592096649,49.950556536556235],[12.425343377931375,49.680966566561757],[12.009839488600784,49.689107549167971],[12.021125492557378,49.95875013046539]]]}},
{"type":"Feature","properties":{"Tile_ID":"X0068_Y0053","Tile_X":68,"Tile_Y":53,"TOTAL_SCENES":374,"TILE_SIZE":2.78},"geometry":{"type":"Polygon","coordinates":[[[12.438958592096649,49.950556536556235],[12.856648590762132,49.940828689003538],[12.840707197373046,49.671301153672538],[12.425343377931375,49.680966566561757],[12.438958592096649,49.950556536556235]]]}},
{"type":"Feature","properties":{"Tile_ID":"X0083_Y0053","Tile_X":83,"Tile_Y":53,"TOTAL_SCENES":425,"TILE_SIZE":3.07},"geometry":{"type":"Polygon","coordinates":[[[18.675824914302527,49.644315495923856],[19.088506949426275,49.611763225659523],[19.038377869408361,49.344329844679869],[18.627916934071092,49.376676486435443],[18.675824914302527,49.644315495923856]]]}},
{"type":"Feature","properties":{"Tile_ID":"X0084_Y0053","Tile_X":84,"Tile_Y":53,"TOTAL_SCENES":405,"TILE_SIZE":2.48},"geometry":{"type":"Polygon","coordinates":[[[19.088506949426275,49.611763225659523],[19.50067116154715,49.577708172759664],[19.448331736776471,49.310489556275009],[19.038377869408361,49.344329844679869],[19.088506949426275,49.611763225659523]]]}},
{"type":"Feature","properties":{"Tile_ID":"X0085_Y0053","Tile_X":85,"Tile_Y":53,"TOTAL_SCENES":405,"TILE_SIZE":2.15},"geometry":{"type":"Polygon","coordinates":[[[19.50067116154715,49.577708172759664],[19.912295656043256,49.542153437834706],[19.857757074317178,49.275158654990605],[19.448331736776471,49.310489556275009],[19.50067116154715,49.577708172759664]]]}},
{"type":"Feature","properties":{"Tile_ID":"X0086_Y0053","Tile_X":86,"Tile_Y":53,"TOTAL_SCENES":411,"TILE_SIZE":3.09},"geometry":{"type":"Polygon","coordinates":[[[19.912295656043256,49.542153437834706],[20.323358773250472,49.505102245995204],[20.266632647542696,49.238340296581036],[19.857757074317178,49.275158654990605],[19.912295656043256,49.542153437834706]]]}},
{"type":"Feature","properties":{"Tile_ID":"X0087_Y0053","Tile_X":87,"Tile_Y":53,"TOTAL_SCENES":407,"TILE_SIZE":3.07},"geometry":{"type":"Polygon","coordinates":[[[20.323358773250472,49.505102245995204],[20.733839096699267,49.466557945060757],[20.674937457333762,49.200037757052897],[20.266632647542696,49.238340296581036],[20.323358773250472,49.505102245995204]]]}},
{"type":"Feature","properties":{"Tile_ID":"X0088_Y0053","Tile_X":88,"Tile_Y":53,"TOTAL_SCENES":431,"TILE_SIZE":1.98},"geometry":{"type":"Polygon","coordinates":[[[20.733839096699267,49.466557945060757],[21.143715461109007,49.426524003711215],[21.082650747705998,49.160254430876115],[20.674937457333762,49.200037757052897],[20.733839096699267,49.466557945060757]]]}},
{"type":"Feature","properties":{"Tile_ID":"X0089_Y0053","Tile_X":89,"Tile_Y":53,"TOTAL_SCENES":392,"TILE_SIZE":2.45},"geometry":{"type":"Polygon","coordinates":[[[21.143715461109007,49.426524003711215],[21.552966960133773,49.38500400958187],[21.489752013338762,49.118993829140997],[21.082650747705998,49.160254430876115],[21.143715461109007,49.426524003711215]]]}},
{"type":"Feature","properties":{"Tile_ID":"X0090_Y0053","Tile_X":90,"Tile_Y":53,"TOTAL_SCENES":389,"TILE_SIZE":2.89},"geometry":{"type":"Polygon","coordinates":[[[21.552966960133773,49.38500400958187],[21.96157295385423,49.342001667305126],[21.896221006861239,49.076259577662839],[21.489752013338762,49.118993829140997],[21.552966960133773,49.38500400958187]]]}},
{"type":"Feature","properties":{"Tile_ID":"X0091_Y0053","Tile_X":91,"Tile_Y":53,"TOTAL_SCENES":396,"TILE_SIZE":2.83},"geometry":{"type":"Polygon","coordinates":[[[21.96157295385423,49.342001667305126],[22.369513076010477,49.297520796500734],[22.302037745890797,49.032055415036801],[21.896221006861239,49.076259577662839],[21.96157295385423,49.342001667305126]]]}},
{"type":"Feature","properties":{"Tile_ID":"X0092_Y0053","Tile_X":92,"Tile_Y":53,"TOTAL_SCENES":434,"TILE_SIZE":1.65},"geometry":{"type":"Polygon","coordinates":[[[22.369513076010477,49.297520796500734],[22.776767240971264,49.251565329716861],[22.707182519819249,48.986385190644569],[22.302037745890797,49.032055415036801],[22.369513076010477,49.297520796500734]]]}},
{"type":"Feature","properties":{"Tile_ID":"X0093_Y0053","Tile_X":93,"Tile_Y":53,"TOTAL_SCENES":356,"TILE_SIZE":2.69},"geometry":{"type":"Polygon","coordinates":[[[22.776767240971264,49.251565329716861],[23.183315650435404,49.204139310324372],[23.111635896342836,48.939252862615596],[22.707182519819249,48.986385190644569],[22.776767240971264,49.251565329716861]]]}},
{"type":"Feature","properties":{"Tile_ID":"X0051_Y0054","Tile_X":51,"Tile_Y":54,"TOTAL_SCENES":448,"TILE_SIZE":1.86},"geometry":{"type":"Polygon","coordinates":[[[5.362309992431276,49.611856760154524],[5.776792704987176,49.628113174714613],[5.800127648524626,49.358832993177593],[5.387920384040657,49.342679794311941],[5.362309992431276,49.611856760154524]]]}},
{"type":"Feature","properties":{"Tile_ID":"X0052_Y0054","Tile_X":52,"Tile_Y":54,"TOTAL_SCENES":414,"TILE_SIZE":2.69},"geometry":{"type":"Polygon","coordinates":[[[5.776792704987176,49.628113174714613],[6.191518207353945,49.642850065763405],[6.212572605188013,49.373476243943827],[5.800127648524626,49.358832993177593],[5.776792704987176,49.628113174714613]]]}},
{"type":"Feature","properties":{"Tile_ID":"X0053_Y0054","Tile_X":53,"Tile_Y":54,"TOTAL_SCENES":429,"TILE_SIZE":3.08},"geometry":{"type":"Polygon","coordinates":[[[6.191518207353945,49.642850065763405],[6.606462936078179,49.656066067956402],[6.625232181418936,49.386608211181752],[6.212572605188013,49.373476243943827],[6.191518207353945,49.642850065763405]]]}},
{"type":"Feature","properties":{"Tile_ID":"X0054_Y0054","Tile_X":54,"Tile_Y":54,"TOTAL_SCENES":417,"TILE_SIZE":2.9},"geometry":{"type":"Polygon","coordinates":[[[6.606462936078179,49.656066067956402],[7.021603229022603,49.667759955023342],[7.038083209190694,49.398227695515487],[6.625232181418936,49.386608211181752],[6.606462936078179,49.656066067956402]]]}},
{"type":"Feature","properties":{"Tile_ID":"X0055_Y0054","Tile_X":55,"Tile_Y":54,"TOTAL_SCENES":514,"TILE_SIZE":1.85},"geometry":{"type":"Polygon","coordinates":[[[7.021603229022603,49.667759955023342],[7.436915335858609,49.677930640478309],[7.451102435210385,49.40833363430832],[7.038083209190694,49.398227695515487],[7.021603229022603,49.667759955023342]]]}},
{"type":"Feature","properties":{"Tile_ID":"X0056_Y0054","Tile_X":56,"Tile_Y":54,"TOTAL_SCENES":433,"TILE_SIZE":3.08},"geometry":{"type":"Polygon","coordinates":[[[7.436915335858609,49.677930640478309],[7.852375428652961,49.686577178250111],[7.864266531157316,49.416925102271776],[7.451102435210385,49.40833363430832],[7.436915335858609,49.677930640478309]]]}},
{"type":"Feature","properties":{"Tile_ID":"X0057_Y0054","Tile_X":57,"Tile_Y":54,"TOTAL_SCENES":451,"TILE_SIZE":3.2},"geometry":{"type":"Polygon","coordinates":[[[7.852375428652961,49.686577178250111],[8.267959612537545,49.693698763232057],[8.277552104000613,49.424001311996705],[7.864266531157316,49.416925102271776],[7.852375428652961,49.686577178250111]]]}},
{"type":"Feature","properties":{"Tile_ID":"X0058_Y0054","Tile_X":58,"Tile_Y":54,"TOTAL_SCENES":458,"TILE_SIZE":2.84},"geometry":{"type":"Polygon","coordinates":[[[8.267959612537545,49.693698763232057],[8.683643936450869,49.699294731750427],[8.690935706385249,49.429561614406055],[8.277552104000613,49.424001311996705],[8.267959612537545,49.693698763232057]]]}},
{"type":"Feature","properties":{"Tile_ID":"X0059_Y0054","Tile_X":59,"Tile_Y":54,"TOTAL_SCENES":442,"TILE_SIZE":2.11},"geometry":{"type":"Polygon","coordinates":[[[8.683643936450869,49.699294731750427],[9.099404403940019,49.703364561951197],[9.104393847075672,49.433605499128326],[8.690935706385249,49.429561614406055],[8.683643936450869,49.699294731750427]]]}},
{"type":"Feature","properties":{"Tile_ID":"X0060_Y0054","Tile_X":60,"Tile_Y":54,"TOTAL_SCENES":419,"TILE_SIZE":3.0},"geometry":{"type":"Polygon","coordinates":[[[9.099404403940019,49.703364561951197],[9.515216984011367,49.70590787410439],[9.517903001445973,49.436132594791637],[9.104393847075672,49.433605499128326],[9.099404403940019,49.703364561951197]]]}},
{"type":"Feature","properties":{"Tile_ID":"X0061_Y0054","Tile_X":61,"Tile_Y":54,"TOTAL_SCENES":404,"TILE_SIZE":2.92},"geometry":{"type":"Polygon","coordinates":[[[9.515216984011367,49.70590787410439],[9.931057622018528,49.706924430825595],[9.931439622005511,49.437142669237822],[9.517903001445973,49.436132594791637],[9.515216984011367,49.70590787410439]]]}},
{"type":"Feature","properties":{"Tile_ID":"X0062_Y0054","Tile_X":62,"Tile_Y":54,"TOTAL_SCENES":430,"TILE_SIZE":2.24},"geometry":{"type":"Polygon","coordinates":[[[9.931057622018528,49.706924430825595],[10.346902250575829,49.706414137214701],[10.344980148948894,49.436635629656244],[9.931439622005511,49.437142669237822],[9.931057622018528,49.706924430825595]]]}},
{"type":"Feature","properties":{"Tile_ID":"X0063_Y0054","Tile_X":63,"Tile_Y":54,"TOTAL_SCENES":418,"TILE_SIZE":2.37},"geometry":{"type":"Polygon","coordinates":[[[10.346902250575829,49.706414137214701],[10.762726800485483,49.704377040911169],[10.758501020719017,49.434611522637482],[10.344980148948894,49.436635629656244],[10.346902250575829,49.706414137214701]]]}},
{"type":"Feature","properties":{"Tile_ID":"X0064_Y0054","Tile_X":64,"Tile_Y":54,"TOTAL_SCENES":413,"TILE_SIZE":2.97},"geometry":{"type":"Polygon","coordinates":[[[10.762726800485483,49.704377040911169],[11.178507211666762,49.700813332066332],[11.171978684571977,49.431070534146293],[10.758501020719017,49.434611522637482],[10.762726800485483,49.704377040911169]]]}},
{"type":"Feature","properties":{"Tile_ID":"X0065_Y0054","Tile_X":65,"Tile_Y":54,"TOTAL_SCENES":400,"TILE_SIZE":2.88},"geometry":{"type":"Polygon","coordinates":[[[11.178507211666762,49.700813332066332],[11.594219444075295,49.695723343232345],[11.585389607132635,49.426012989414481],[11.171978684571977,49.431070534146293],[11.178507211666762,49.700813332066332]]]}},
{"type":"Feature","properties":{"Tile_ID":"X0066_Y0054","Tile_X":66,"Tile_Y":54,"TOTAL_SCENES":447,"TILE_SIZE":1.87},"geometry":{"type":"Polygon","coordinates":[[[11.594219444075295,49.695723343232345],[12.009839488600784,49.689107549167971],[11.998710284929544,49.419439352753244],[11.585389607132635,49.426012989414481],[11.594219444075295,49.695723343232345]]]}},
{"type":"Feature","properties":{"Tile_ID":"X0067_Y0054","Tile_X":67,"Tile_Y":54,"TOTAL_SCENES":424,"TILE_SIZE":2.85},"geometry":{"type":"Polygon","coordinates":[[[12.009839488600784,49.689107549167971],[12.425343377931375,49.680966566561757],[12.411917254898118,49.411350227285773],[11.998710284929544,49.419439352753244],[12.009839488600784,49.689107549167971]]]}},
{"type":"Feature","properties":{"Tile_ID":"X0068_Y0054","Tile_X":68,"Tile_Y":54,"TOTAL_SCENES":412,"TILE_SIZE":2.97},"geometry":{"type":"Polygon","coordinates":[[[12.425343377931375,49.680966566561757],[12.840707197373046,49.671301153672538],[12.824987104840904,49.401746354599865],[12.411917254898118,49.411350227285773],[12.425343377931375,49.680966566561757]]]}},
{"type":"Feature","properties":{"Tile_ID":"X0085_Y0054","Tile_X":85,"Tile_Y":54,"TOTAL_SCENES":407,"TILE_SIZE":2.43},"geometry":{"type":"Polygon","coordinates":[[[19.448331736776471,49.310489556275009],[19.857757074317178,49.275158654990605],[19.803962242711126,49.00810079602234],[19.396707200134969,49.043210991562013],[19.448331736776471,49.310489556275009]]]}},
{"type":"Feature","properties":{"Tile_ID":"X0086_Y0054","Tile_X":86,"Tile_Y":54,"TOTAL_SCENES":393,"TILE_SIZE":3.07},"geometry":{"type":"Polygon","coordinates":[[[19.857757074317178,49.275158654990605],[20.266632647542696,49.238340296581036],[20.210678832997097,48.971512024975176],[19.803962242711126,49.00810079602234],[19.857757074317178,49.275158654990605]]]}},
{"type":"Feature","properties":{"Tile_ID":"X0053_Y0055","Tile_X":53,"Tile_Y":55,"TOTAL_SCENES":415,"TILE_SIZE":3.0},"geometry":{"type":"Polygon","coordinates":[[[6.212572605188013,49.373476243943827],[6.625232181418936,49.386608211181752],[6.643742601595689,49.117120258301632],[6.233336836759113,49.104071131079522],[6.212572605188013,49.373476243943827]]]}},
{"type":"Feature","properties":{"Tile_ID":"X0054_Y0055","Tile_X":54,"Tile_Y":55,"TOTAL_SCENES":418,"TILE_SIZE":2.5},"geometry":{"type":"Polygon","coordinates":[[[6.625232181418936,49.386608211181752],[7.038083209190694,49.398227695515487],[7.054335814410153,49.128666398720476],[6.643742601595689,49.117120258301632],[6.625232181418936,49.386608211181752]]]}},
{"type":"Feature","properties":{"Tile_ID":"X0055_Y0055","Tile_X":55,"Tile_Y":55,"TOTAL_SCENES":400,"TILE_SIZE":2.05},"geometry":{"type":"Polygon","coordinates":[[[7.038083209190694,49.398227695515487],[7.451102435210385,49.40833363430832],[7.465093705845776,49.13870851290082],[7.054335814410153,49.128666398720476],[7.038083209190694,49.398227695515487]]]}},
{"type":"Feature","properties":{"Tile_ID":"X0056_Y0055","Tile_X":56,"Tile_Y":55,"TOTAL_SCENES":409,"TILE_SIZE":2.89},"geometry":{"type":"Polygon","coordinates":[[[7.451102435210385,49.40833363430832],[7.864266531157316,49.416925102271776],[7.875993433992483,49.147245695771794],[7.465093705845776,49.13870851290082],[7.451102435210385,49.40833363430832]]]}},
{"type":"Feature","properties":{"Tile_ID":"X0057_Y0055","Tile_X":57,"Tile_Y":55,"TOTAL_SCENES":424,"TILE_SIZE":3.07},"geometry":{"type":"Polygon","coordinates":[[[7.864266531157316,49.416925102271776],[8.277552104000613,49.424001311996705],[8.287012094366208,49.154277177140287],[7.875993433992483,49.147245695771794],[7.864266531157316,49.416925102271776]]]}},
{"type":"Feature","properties":{"Tile_ID":"X0058_Y0055","Tile_X":58,"Tile_Y":55,"TOTAL_SCENES":467,"TILE_SIZE":2.35},"geometry":{"type":"Polygon","coordinates":[[[8.277552104000613,49.424001311996705],[8.690935706385249,49.429561614406055],[8.698126729953517,49.1598023221283],[8.287012094366208,49.154277177140287],[8.277552104000613,49.424001311996705]]]}},
{"type":"Feature","properties":{"Tile_ID":"X0059_Y0055","Tile_X":59,"Tile_Y":55,"TOTAL_SCENES":403,"TILE_SIZE":2.42},"geometry":{"type":"Polygon","coordinates":[[[8.690935706385249,49.429561614406055],[9.104393847075672,49.433605499128326],[9.10931434131116,49.163820631534016],[8.698126729953517,49.1598023221283],[8.690935706385249,49.429561614406055]]]}},
{"type":"Feature","properties":{"Tile_ID":"X0060_Y0055","Tile_X":60,"Tile_Y":55,"TOTAL_SCENES":405,"TILE_SIZE":3.0},"geometry":{"type":"Polygon","coordinates":[[[9.104393847075672,49.433605499128326],[9.517903001445973,49.436132594791637],[9.520551896710005,49.16633174211583],[9.10931434131116,49.163820631534016],[9.104393847075672,49.433605499128326]]]}},
{"type":"Feature","properties":{"Tile_ID":"X0061_Y0055","Tile_X":61,"Tile_Y":55,"TOTAL_SCENES":389,"TILE_SIZE":2.87},"geometry":{"type":"Polygon","coordinates":[[[9.517903001445973,49.436132594791637],[9.931439622005511,49.437142669237822],[9.931816342312789,49.167335426799205],[9.520551896710005,49.16633174211583],[9.517903001445973,49.436132594791637]]]}},
{"type":"Feature","properties":{"Tile_ID":"X0062_Y0055","Tile_X":62,"Tile_Y":55,"TOTAL_SCENES":442,"TILE_SIZE":1.84},"geometry":{"type":"Polygon","coordinates":[[[9.931439622005511,49.437142669237822],[10.344980148948894,49.436635629656244],[10.343084612375083,49.166831594806133],[9.931816342312789,49.167335426799205],[9.931439622005511,49.437142669237822]]]}},
{"type":"Feature","properties":{"Tile_ID":"X0063_Y0055","Tile_X":63,"Tile_Y":55,"TOTAL_SCENES":395,"TILE_SIZE":2.61},"geometry":{"type":"Polygon","coordinates":[[[10.344980148948894,49.436635629656244],[10.758501020719017,49.434611522637482],[10.754333639458739,49.164820291706754],[10.343084612375083,49.166831594806133],[10.344980148948894,49.436635629656244]]]}},
{"type":"Feature","properties":{"Tile_ID":"X0064_Y0055","Tile_X":64,"Tile_Y":55,"TOTAL_SCENES":402,"TILE_SIZE":2.94},"geometry":{"type":"Polygon","coordinates":[[[10.758501020719017,49.434611522637482],[11.171978684571977,49.431070534146293],[11.165540364647095,49.161301699393547],[10.754333639458739,49.164820291706754],[10.758501020719017,49.434611522637482]]]}},
{"type":"Feature","properties":{"Tile_ID":"X0065_Y0055","Tile_X":65,"Tile_Y":55,"TOTAL_SCENES":381,"TILE_SIZE":2.68},"geometry":{"type":"Polygon","coordinates":[[[11.171978684571977,49.431070534146293],[11.585389607132635,49.426012989414481],[11.576681747751268,49.156276135977478],[11.165540364647095,49.161301699393547],[11.171978684571977,49.431070534146293]]]}},
{"type":"Feature","properties":{"Tile_ID":"X0066_Y0055","Tile_X":66,"Tile_Y":55,"TOTAL_SCENES":507,"TILE_SIZE":1.62},"geometry":{"type":"Polygon","coordinates":[[[11.585389607132635,49.426012989414481],[11.998710284929544,49.419439352753244],[11.987734777496794,49.149744055606973],[11.576681747751268,49.156276135977478],[11.585389607132635,49.426012989414481]]]}},
{"type":"Feature","properties":{"Tile_ID":"X0067_Y0055","Tile_X":67,"Tile_Y":55,"TOTAL_SCENES":412,"TILE_SIZE":2.95},"geometry":{"type":"Polygon","coordinates":[[[11.998710284929544,49.419439352753244],[12.411917254898118,49.411350227285773],[12.398676481679946,49.141706048209301],[11.987734777496794,49.149744055606973],[11.998710284929544,49.419439352753244]]]}},
{"type":"Feature","properties":{"Tile_ID":"X0068_Y0055","Tile_X":68,"Tile_Y":55,"TOTAL_SCENES":424,"TILE_SIZE":3.09},"geometry":{"type":"Polygon","coordinates":[[[12.411917254898118,49.411350227285773],[12.824987104840904,49.401746354599865],[12.809483937283161,49.1321628391551],[12.398676481679946,49.141706048209301],[12.411917254898118,49.411350227285773]]]}},
{"type":"Feature","properties":{"Tile_ID":"X0069_Y0055","Tile_X":69,"Tile_Y":55,"TOTAL_SCENES":438,"TILE_SIZE":2.65},"geometry":{"type":"Polygon","coordinates":[[[12.824987104840904,49.401746354599865],[13.23789648383393,49.390628614321592],[13.220134280539046,49.121115288846177],[12.809483937283161,49.1321628391551],[12.824987104840904,49.401746354599865]]]}},
{"type":"Feature","properties":{"Tile_ID":"X0054_Y0056","Tile_X":54,"Tile_Y":56,"TOTAL_SCENES":424,"TILE_SIZE":2.02},"geometry":{"type":"Polygon","coordinates":[[[6.643742601595689,49.117120258301632],[7.054335814410153,49.128666398720476],[7.070365508038684,48.859074616637891],[6.66199927354951,48.847600782319248],[6.643742601595689,49.117120258301632]]]}},
{"type":"Feature","properties":{"Tile_ID":"X0055_Y0056","Tile_X":55,"Tile_Y":56,"TOTAL_SCENES":392,"TILE_SIZE":2.49},"geometry":{"type":"Polygon","coordinates":[[[7.054335814410153,49.128666398720476],[7.465093705845776,49.13870851290082],[7.478892994362761,48.869053809946301],[7.070365508038684,48.859074616637891],[7.054335814410153,49.128666398720476]]]}},
{"type":"Feature","properties":{"Tile_ID":"X0056_Y0056","Tile_X":56,"Tile_Y":56,"TOTAL_SCENES":394,"TILE_SIZE":2.94},"geometry":{"type":"Polygon","coordinates":[[[7.465093705845776,49.13870851290082],[7.875993433992483,49.147245695771794],[7.887559364254529,48.877537476845092],[7.478892994362761,48.869053809946301],[7.465093705845776,49.13870851290082]]]}},
{"type":"Feature","properties":{"Tile_ID":"X0057_Y0056","Tile_X":57,"Tile_Y":56,"TOTAL_SCENES":406,"TILE_SIZE":3.05},"geometry":{"type":"Polygon","coordinates":[[[7.875993433992483,49.147245695771794],[8.287012094366208,49.154277177140287],[8.296342188924553,48.884524863891706],[7.887559364254529,48.877537476845092],[7.875993433992483,49.147245695771794]]]}},
{"type":"Feature","properties":{"Tile_ID":"X0058_Y0056","Tile_X":58,"Tile_Y":56,"TOTAL_SCENES":468,"TILE_SIZE":1.9},"geometry":{"type":"Polygon","coordinates":[[[8.287012094366208,49.154277177140287],[8.698126729953517,49.1598023221283],[8.705218988777803,48.890015350023056],[8.296342188924553,48.884524863891706],[8.287012094366208,49.154277177140287]]]}},
{"type":"Feature","properties":{"Tile_ID":"X0059_Y0056","Tile_X":59,"Tile_Y":56,"TOTAL_SCENES":401,"TILE_SIZE":2.78},"geometry":{"type":"Polygon","coordinates":[[[8.698126729953517,49.1598023221283],[9.10931434131116,49.163820631534016],[9.114167243182713,48.894008446904571],[8.705218988777803,48.890015350023056],[8.698126729953517,49.1598023221283]]]}},
{"type":"Feature","properties":{"Tile_ID":"X0060_Y0056","Tile_X":60,"Tile_Y":56,"TOTAL_SCENES":394,"TILE_SIZE":3.01},"geometry":{"type":"Polygon","coordinates":[[[9.10931434131116,49.163820631534016],[9.520551896710005,49.16633174211583],[9.523164400282548,48.896503799204673],[9.114167243182713,48.894008446904571],[9.10931434131116,49.163820631534016]]]}},
{"type":"Feature","properties":{"Tile_ID":"X0061_Y0056","Tile_X":61,"Tile_Y":56,"TOTAL_SCENES":381,"TILE_SIZE":2.7},"geometry":{"type":"Polygon","coordinates":[[[9.520551896710005,49.16633174211583],[9.931816342312789,49.167335426799205],[9.932187886839065,48.897501184794805],[9.523164400282548,48.896503799204673],[9.520551896710005,49.16633174211583]]]}},
{"type":"Feature","properties":{"Tile_ID":"X0062_Y0056","Tile_X":62,"Tile_Y":56,"TOTAL_SCENES":482,"TILE_SIZE":1.67},"geometry":{"type":"Polygon","coordinates":[[[9.931816342312789,49.167335426799205],[10.343084612375083,49.166831594806133],[10.34121511809829,48.897000514874385],[9.932187886839065,48.897501184794805],[9.931816342312789,49.167335426799205]]]}},
{"type":"Feature","properties":{"Tile_ID":"X0063_Y0056","Tile_X":63,"Tile_Y":56,"TOTAL_SCENES":394,"TILE_SIZE":2.96},"geometry":{"type":"Polygon","coordinates":[[[10.343084612375083,49.166831594806133],[10.754333639458739,49.164820291706754],[10.750223507668208,48.895001834020931],[10.34121511809829,48.897000514874385],[10.343084612375083,49.166831594806133]]]}},
{"type":"Feature","properties":{"Tile_ID":"X0064_Y0056","Tile_X":64,"Tile_Y":56,"TOTAL_SCENES":382,"TILE_SIZE":2.91},"geometry":{"type":"Polygon","coordinates":[[[10.754333639458739,49.164820291706754],[11.165540364647095,49.161301699393547],[11.159190477398152,48.891505320164811],[10.750223507668208,48.895001834020931],[10.754333639458739,49.164820291706754]]]}},
{"type":"Feature","properties":{"Tile_ID":"X0065_Y0056","Tile_X":65,"Tile_Y":56,"TOTAL_SCENES":378,"TILE_SIZE":2.4},"geometry":{"type":"Polygon","coordinates":[[[11.165540364647095,49.161301699393547],[11.576681747751268,49.156276135977478],[11.568093467249655,48.886511284489167],[11.159190477398152,48.891505320164811],[11.165540364647095,49.161301699393547]]]}},
{"type":"Feature","properties":{"Tile_ID":"X0066_Y0056","Tile_X":66,"Tile_Y":56,"TOTAL_SCENES":398,"TILE_SIZE":2.0},"geometry":{"type":"Polygon","coordinates":[[[11.576681747751268,49.156276135977478],[11.987734777496794,49.149744055606973],[11.976909945148581,48.880020171254813],[11.568093467249655,48.886511284489167],[11.576681747751268,49.156276135977478]]]}},
{"type":"Feature","properties":{"Tile_ID":"X0067_Y0056","Tile_X":67,"Tile_Y":56,"TOTAL_SCENES":415,"TILE_SIZE":3.19},"geometry":{"type":"Polygon","coordinates":[[[11.987734777496794,49.149744055606973],[12.398676481679946,49.141706048209301],[12.385617416808319,48.872032557550227],[11.976909945148581,48.880020171254813],[11.987734777496794,49.149744055606973]]]}},
{"type":"Feature","properties":{"Tile_ID":"X0068_Y0056","Tile_X":68,"Tile_Y":56,"TOTAL_SCENES":426,"TILE_SIZE":3.31},"geometry":{"type":"Polygon","coordinates":[[[12.398676481679946,49.141706048209301],[12.809483937283161,49.1321628391551],[12.794193435513986,48.862549152967404],[12.385617416808319,48.872032557550227],[12.398676481679946,49.141706048209301]]]}},
{"type":"Feature","properties":{"Tile_ID":"X0069_Y0056","Tile_X":69,"Tile_Y":56,"TOTAL_SCENES":434,"TILE_SIZE":2.28},"geometry":{"type":"Polygon","coordinates":[[[12.809483937283161,49.1321628391551],[13.220134280539046,49.121115288846177],[13.20261561185753,48.851570799203415],[12.794193435513986,48.862549152967404],[12.809483937283161,49.1321628391551]]]}},
{"type":"Feature","properties":{"Tile_ID":"X0070_Y0056","Tile_X":70,"Tile_Y":56,"TOTAL_SCENES":363,"TILE_SIZE":2.22},"geometry":{"type":"Polygon","coordinates":[[[13.220134280539046,49.121115288846177],[13.630604716932506,49.108564392227343],[13.610861623413854,48.839098469588556],[13.20261561185753,48.851570799203415],[13.220134280539046,49.121115288846177]]]}},
{"type":"Feature","properties":{"Tile_ID":"X0071_Y0056","Tile_X":71,"Tile_Y":56,"TOTAL_SCENES":378,"TILE_SIZE":2.85},"geometry":{"type":"Polygon","coordinates":[[[13.630604716932506,49.108564392227343],[14.040872531130729,49.094511278222718],[14.018909224348073,48.825133268541393],[13.610861623413854,48.839098469588556],[13.630604716932506,49.108564392227343]]]}},
{"type":"Feature","properties":{"Tile_ID":"X0056_Y0057","Tile_X":56,"Tile_Y":57,"TOTAL_SCENES":416,"TILE_SIZE":3.18},"geometry":{"type":"Polygon","coordinates":[[[7.478892994362761,48.869053809946301],[7.887559364254529,48.877537476845092],[7.898967463431407,48.607798962560501],[7.492504045384164,48.59936805769545],[7.478892994362761,48.869053809946301]]]}},
{"type":"Feature","properties":{"Tile_ID":"X0057_Y0057","Tile_X":57,"Tile_Y":57,"TOTAL_SCENES":417,"TILE_SIZE":2.86},"geometry":{"type":"Polygon","coordinates":[[[7.887559364254529,48.877537476845092],[8.296342188924553,48.884524863891706],[8.305544923815544,48.614742876795418],[7.898967463431407,48.607798962560501],[7.887559364254529,48.877537476845092]]]}},
{"type":"Feature","properties":{"Tile_ID":"X0058_Y0057","Tile_X":58,"Tile_Y":57,"TOTAL_SCENES":467,"TILE_SIZE":1.7},"geometry":{"type":"Polygon","coordinates":[[[8.296342188924553,48.884524863891706],[8.705218988777803,48.890015350023056],[8.712214411861101,48.62019919278066],[8.305544923815544,48.614742876795418],[8.296342188924553,48.884524863891706]]]}},
{"type":"Feature","properties":{"Tile_ID":"X0059_Y0057","Tile_X":59,"Tile_Y":57,"TOTAL_SCENES":400,"TILE_SIZE":3.0},"geometry":{"type":"Polygon","coordinates":[[[8.705218988777803,48.890015350023056],[9.114167243182713,48.894008446904571],[9.118953873194533,48.624167432756593],[8.712214411861101,48.62019919278066],[8.705218988777803,48.890015350023056]]]}},
{"type":"Feature","properties":{"Tile_ID":"X0060_Y0057","Tile_X":60,"Tile_Y":57,"TOTAL_SCENES":404,"TILE_SIZE":3.11},"geometry":{"type":"Polygon","coordinates":[[[9.114167243182713,48.894008446904571],[9.523164400282548,48.896503799204673],[9.5257412232361,48.626647249088791],[9.118953873194533,48.624167432756593],[9.114167243182713,48.894008446904571]]]}},
{"type":"Feature","properties":{"Tile_ID":"X0061_Y0057","Tile_X":61,"Tile_Y":57,"TOTAL_SCENES":394,"TILE_SIZE":2.42},"geometry":{"type":"Polygon","coordinates":[[[9.523164400282548,48.896503799204673],[9.932187886839065,48.897501184794805],[9.93255435672256,48.627638424461516],[9.5257412232361,48.626647249088791],[9.523164400282548,48.896503799204673]]]}},
{"type":"Feature","properties":{"Tile_ID":"X0062_Y0057","Tile_X":62,"Tile_Y":57,"TOTAL_SCENES":382,"TILE_SIZE":1.99},"geometry":{"type":"Polygon","coordinates":[[[9.932187886839065,48.897501184794805],[10.34121511809829,48.897000514874385],[10.339371157250957,48.627140871998428],[9.93255435672256,48.627638424461516],[9.932187886839065,48.897501184794805]]]}},
{"type":"Feature","properties":{"Tile_ID":"X0063_Y0057","Tile_X":63,"Tile_Y":57,"TOTAL_SCENES":385,"TILE_SIZE":2.94},"geometry":{"type":"Polygon","coordinates":[[[10.34121511809829,48.897000514874385],[10.750223507668208,48.895001834020931],[10.746169506833784,48.625154635311027],[10.339371157250957,48.627140871998428],[10.34121511809829,48.897000514874385]]]}},
{"type":"Feature","properties":{"Tile_ID":"X0064_Y0057","Tile_X":64,"Tile_Y":57,"TOTAL_SCENES":385,"TILE_SIZE":2.94},"geometry":{"type":"Polygon","coordinates":[[[10.750223507668208,48.895001834020931],[11.159190477398152,48.891505320164811],[11.152927295455774,48.621679888474368],[10.746169506833784,48.625154635311027],[10.750223507668208,48.895001834020931]]]}},
{"type":"Feature","properties":{"Tile_ID":"X0065_Y0057","Tile_X":65,"Tile_Y":57,"TOTAL_SCENES":415,"TILE_SIZE":2.22},"geometry":{"type":"Polygon","coordinates":[[[11.159190477398152,48.891505320164811],[11.568093467249655,48.886511284489167],[11.559622430622523,48.616716935930171],[11.152927295455774,48.621679888474368],[11.159190477398152,48.891505320164811]]]}},
{"type":"Feature","properties":{"Tile_ID":"X0066_Y0057","Tile_X":66,"Tile_Y":57,"TOTAL_SCENES":415,"TILE_SIZE":2.46},"geometry":{"type":"Polygon","coordinates":[[[11.568093467249655,48.886511284489167],[11.976909945148581,48.880020171254813],[11.966232846891272,48.610266212317626],[11.559622430622523,48.616716935930171],[11.568093467249655,48.886511284489167]]]}},
{"type":"Feature","properties":{"Tile_ID":"X0067_Y0057","Tile_X":67,"Tile_Y":57,"TOTAL_SCENES":414,"TILE_SIZE":3.17},"geometry":{"type":"Polygon","coordinates":[[[11.976909945148581,48.880020171254813],[12.385617416808319,48.872032557550227],[12.372736515374061,48.602328282231696],[11.966232846891272,48.610266212317626],[11.976909945148581,48.880020171254813]]]}},
{"type":"Feature","properties":{"Tile_ID":"X0068_Y0057","Tile_X":68,"Tile_Y":57,"TOTAL_SCENES":426,"TILE_SIZE":3.26},"geometry":{"type":"Polygon","coordinates":[[[12.385617416808319,48.872032557550227],[12.794193435513986,48.862549152967404],[12.77911145320369,48.59290383990971],[12.372736515374061,48.602328282231696],[12.385617416808319,48.872032557550227]]]}},
{"type":"Feature","properties":{"Tile_ID":"X0069_Y0057","Tile_X":69,"Tile_Y":57,"TOTAL_SCENES":448,"TILE_SIZE":2.07},"geometry":{"type":"Polygon","coordinates":[[[12.794193435513986,48.862549152967404],[13.20261561185753,48.851570799203415],[13.185335732952797,48.58199370884622],[12.77911145320369,48.59290383990971],[12.794193435513986,48.862549152967404]]]}},
{"type":"Feature","properties":{"Tile_ID":"X0070_Y0057","Tile_X":70,"Tile_Y":57,"TOTAL_SCENES":392,"TILE_SIZE":2.72},"geometry":{"type":"Polygon","coordinates":[[[13.20261561185753,48.851570799203415],[13.610861623413854,48.839098469588556],[13.591387491996691,48.569598841336742],[13.185335732952797,48.58199370884622],[13.20261561185753,48.851570799203415]]]}},
{"type":"Feature","properties":{"Tile_ID":"X0071_Y0057","Tile_X":71,"Tile_Y":57,"TOTAL_SCENES":392,"TILE_SIZE":3.0},"geometry":{"type":"Polygon","coordinates":[[[13.610861623413854,48.839098469588556],[14.018909224348073,48.825133268541393],[13.99724494181042,48.555720317950922],[13.591387491996691,48.569598841336742],[13.610861623413854,48.839098469588556]]]}},
{"type":"Feature","properties":{"Tile_ID":"X0056_Y0058","Tile_X":56,"Tile_Y":58,"TOTAL_SCENES":421,"TILE_SIZE":3.09},"geometry":{"type":"Polygon","coordinates":[[[7.492504045384164,48.59936805769545],[7.898967463431407,48.607798962560501],[7.910220790205684,48.338028668918703],[7.50593050489359,48.329649786930744],[7.492504045384164,48.59936805769545]]]}},
{"type":"Feature","properties":{"Tile_ID":"X0057_Y0058","Tile_X":57,"Tile_Y":58,"TOTAL_SCENES":441,"TILE_SIZE":2.34},"geometry":{"type":"Polygon","coordinates":[[[7.898967463431407,48.607798962560501],[8.305544923815544,48.614742876795418],[8.314622768294148,48.344929719658133],[7.910220790205684,48.338028668918703],[7.898967463431407,48.607798962560501]]]}},
{"type":"Feature","properties":{"Tile_ID":"X0058_Y0058","Tile_X":58,"Tile_Y":58,"TOTAL_SCENES":411,"TILE_SIZE":2.04},"geometry":{"type":"Polygon","coordinates":[[[8.305544923815544,48.614742876795418],[8.712214411861101,48.62019919278066],[8.719114877311984,48.350352344613896],[8.314622768294148,48.344929719658133],[8.305544923815544,48.614742876795418]]]}},
{"type":"Feature","properties":{"Tile_ID":"X0059_Y0058","Tile_X":59,"Tile_Y":58,"TOTAL_SCENES":428,"TILE_SIZE":3.07},"geometry":{"type":"Polygon","coordinates":[[[8.712214411861101,48.62019919278066],[9.118953873194533,48.624167432756593],[9.123675517000285,48.354296076318604],[8.719114877311984,48.350352344613896],[8.712214411861101,48.62019919278066]]]}},
{"type":"Feature","properties":{"Tile_ID":"X0060_Y0058","Tile_X":60,"Tile_Y":58,"TOTAL_SCENES":396,"TILE_SIZE":2.95},"geometry":{"type":"Polygon","coordinates":[[[9.118953873194533,48.624167432756593],[9.5257412232361,48.626647249088791],[9.528283057873072,48.356760574629249],[9.123675517000285,48.354296076318604],[9.118953873194533,48.624167432756593]]]}},
{"type":"Feature","properties":{"Tile_ID":"X0061_Y0058","Tile_X":61,"Tile_Y":58,"TOTAL_SCENES":390,"TILE_SIZE":1.93},"geometry":{"type":"Polygon","coordinates":[[[9.5257412232361,48.626647249088791],[9.93255435672256,48.627638424461516],[9.932915850431556,48.357745626914117],[9.528283057873072,48.356760574629249],[9.5257412232361,48.626647249088791]]]}},
{"type":"Feature","properties":{"Tile_ID":"X0062_Y0058","Tile_X":62,"Tile_Y":58,"TOTAL_SCENES":398,"TILE_SIZE":2.34},"geometry":{"type":"Polygon","coordinates":[[[9.93255435672256,48.627638424461516],[10.339371157250957,48.627140871998428],[10.337552234398549,48.357251148169631],[9.932915850431556,48.357745626914117],[9.93255435672256,48.627638424461516]]]}},
{"type":"Feature","properties":{"Tile_ID":"X0063_Y0058","Tile_X":63,"Tile_Y":58,"TOTAL_SCENES":408,"TILE_SIZE":2.96},"geometry":{"type":"Polygon","coordinates":[[[10.339371157250957,48.627140871998428],[10.746169506833784,48.625154635311027],[10.742170547963706,48.35527718106718],[10.337552234398549,48.357251148169631],[10.339371157250957,48.627140871998428]]]}},
{"type":"Feature","properties":{"Tile_ID":"X0064_Y0058","Tile_X":64,"Tile_Y":58,"TOTAL_SCENES":406,"TILE_SIZE":3.0},"geometry":{"type":"Polygon","coordinates":[[[10.746169506833784,48.625154635311027],[11.152927295455774,48.621679888474368],[11.146749137030328,48.351823895929563],[10.742170547963706,48.35527718106718],[10.746169506833784,48.625154635311027]]]}},
{"type":"Feature","properties":{"Tile_ID":"X0065_Y0058","Tile_X":65,"Tile_Y":58,"TOTAL_SCENES":423,"TILE_SIZE":1.81},"geometry":{"type":"Polygon","coordinates":[[[11.152927295455774,48.621679888474368],[11.559622430622523,48.616716935930171],[11.551266364454406,48.346891590637419],[11.146749137030328,48.351823895929563],[11.152927295455774,48.621679888474368]]]}},
{"type":"Feature","properties":{"Tile_ID":"X0066_Y0058","Tile_X":66,"Tile_Y":58,"TOTAL_SCENES":451,"TILE_SIZE":2.89},"geometry":{"type":"Polygon","coordinates":[[[11.559622430622523,48.616716935930171],[11.966232846891272,48.610266212317626],[11.955700619266564,48.340480690465462],[11.551266364454406,48.346891590637419],[11.559622430622523,48.616716935930171]]]}},
{"type":"Feature","properties":{"Tile_ID":"X0067_Y0058","Tile_X":67,"Tile_Y":58,"TOTAL_SCENES":458,"TILE_SIZE":3.31},"geometry":{"type":"Polygon","coordinates":[[[11.966232846891272,48.610266212317626],[12.372736515374061,48.602328282231696],[12.360030325867708,48.33259174784898],[11.955700619266564,48.340480690465462],[11.966232846891272,48.610266212317626]]]}},
{"type":"Feature","properties":{"Tile_ID":"X0068_Y0058","Tile_X":68,"Tile_Y":58,"TOTAL_SCENES":424,"TILE_SIZE":2.99},"geometry":{"type":"Polygon","coordinates":[[[12.372736515374061,48.602328282231696],[12.77911145320369,48.59290383990971],[12.764233953189098,48.323225442080613],[12.360030325867708,48.33259174784898],[12.372736515374061,48.602328282231696]]]}},
{"type":"Feature","properties":{"Tile_ID":"X0069_Y0058","Tile_X":69,"Tile_Y":58,"TOTAL_SCENES":474,"TILE_SIZE":1.89},"geometry":{"type":"Polygon","coordinates":[[[12.77911145320369,48.59290383990971],[13.185335732952797,48.58199370884622],[13.168290023807748,48.312382578937985],[12.764233953189098,48.323225442080613],[12.77911145320369,48.59290383990971]]]}},
{"type":"Feature","properties":{"Tile_ID":"X0070_Y0058","Tile_X":70,"Tile_Y":58,"TOTAL_SCENES":441,"TILE_SIZE":3.14},"geometry":{"type":"Polygon","coordinates":[[[13.185335732952797,48.58199370884622],[13.591387491996691,48.569598841336742],[13.572177123008043,48.300064090242493],[13.168290023807748,48.312382578937985],[13.185335732952797,48.58199370884622]]]}},
{"type":"Feature","properties":{"Tile_ID":"X0071_Y0058","Tile_X":71,"Tile_Y":58,"TOTAL_SCENES":438,"TILE_SIZE":3.2},"geometry":{"type":"Polygon","coordinates":[[[13.591387491996691,48.569598841336742],[13.99724494181042,48.555720317950922],[13.975873907780651,48.286271033349813],[13.572177123008043,48.300064090242493],[13.591387491996691,48.569598841336742]]]}},
{"type":"Feature","properties":{"Tile_ID":"X0056_Y0059","Tile_X":56,"Tile_Y":59,"TOTAL_SCENES":479,"TILE_SIZE":3.34},"geometry":{"type":"Polygon","coordinates":[[[7.50593050489359,48.329649786930744],[7.910220790205684,48.338028668918703],[7.921322323147659,48.068225110808825],[7.519175923440979,48.059897526935885],[7.50593050489359,48.329649786930744]]]}},
{"type":"Feature","properties":{"Tile_ID":"X0057_Y0059","Tile_X":57,"Tile_Y":59,"TOTAL_SCENES":486,"TILE_SIZE":2.08},"geometry":{"type":"Polygon","coordinates":[[[7.910220790205684,48.338028668918703],[8.314622768294148,48.344929719658133],[8.323578126907128,48.075083895494629],[7.921322323147659,48.068225110808825],[7.910220790205684,48.338028668918703]]]}},
{"type":"Feature","properties":{"Tile_ID":"X0058_Y0059","Tile_X":58,"Tile_Y":59,"TOTAL_SCENES":455,"TILE_SIZE":2.72},"geometry":{"type":"Polygon","coordinates":[[[8.314622768294148,48.344929719658133],[8.719114877311984,48.350352344613896],[8.725922214001772,48.080473299195226],[8.323578126907128,48.075083895494629],[8.314622768294148,48.344929719658133]]]}},
{"type":"Feature","properties":{"Tile_ID":"X0059_Y0059","Tile_X":59,"Tile_Y":59,"TOTAL_SCENES":441,"TILE_SIZE":3.19},"geometry":{"type":"Polygon","coordinates":[[[8.719114877311984,48.350352344613896],[9.123675517000285,48.354296076318604],[9.128333426538269,48.084392864462188],[8.725922214001772,48.080473299195226],[8.719114877311984,48.350352344613896]]]}},
{"type":"Feature","properties":{"Tile_ID":"X0060_Y0059","Tile_X":60,"Tile_Y":59,"TOTAL_SCENES":424,"TILE_SIZE":2.99},"geometry":{"type":"Polygon","coordinates":[[[9.123675517000285,48.354296076318604],[9.528283057873072,48.356760574629249],[9.53079057833731,48.086842258444797],[9.128333426538269,48.084392864462188],[9.123675517000285,48.354296076318604]]]}},
{"type":"Feature","properties":{"Tile_ID":"X0061_Y0059","Tile_X":61,"Tile_Y":59,"TOTAL_SCENES":413,"TILE_SIZE":1.77},"geometry":{"type":"Polygon","coordinates":[[[9.528283057873072,48.356760574629249],[9.932915850431556,48.357745626914117],[9.933272463851399,48.087821273070922],[9.53079057833731,48.086842258444797],[9.528283057873072,48.356760574629249]]]}},
{"type":"Feature","properties":{"Tile_ID":"X0062_Y0059","Tile_X":62,"Tile_Y":59,"TOTAL_SCENES":433,"TILE_SIZE":2.8},"geometry":{"type":"Polygon","coordinates":[[[9.932915850431556,48.357745626914117],[10.337552234398549,48.357251148169631],[10.335757867101892,48.087329825159969],[9.933272463851399,48.087821273070922],[9.932915850431556,48.357745626914117]]]}},
{"type":"Feature","properties":{"Tile_ID":"X0063_Y0059","Tile_X":63,"Tile_Y":59,"TOTAL_SCENES":453,"TILE_SIZE":3.2},"geometry":{"type":"Polygon","coordinates":[[[10.337552234398549,48.357251148169631],[10.742170547963706,48.35527718106718],[10.73822557062639,48.085367956468176],[10.335757867101892,48.087329825159969],[10.337552234398549,48.357251148169631]]]}},
{"type":"Feature","properties":{"Tile_ID":"X0064_Y0059","Tile_X":64,"Tile_Y":59,"TOTAL_SCENES":440,"TILE_SIZE":2.88},"geometry":{"type":"Polygon","coordinates":[[[10.742170547963706,48.35527718106718],[11.146749137030328,48.351823895929563],[11.140654364427618,48.081935833665867],[10.73822557062639,48.085367956468176],[10.742170547963706,48.35527718106718]]]}},
{"type":"Feature","properties":{"Tile_ID":"X0065_Y0059","Tile_X":65,"Tile_Y":59,"TOTAL_SCENES":485,"TILE_SIZE":1.92},"geometry":{"type":"Polygon","coordinates":[[[11.146749137030328,48.351823895929563],[11.551266364454406,48.346891590637419],[11.54302305491488,48.077033748246869],[11.140654364427618,48.081935833665867],[11.146749137030328,48.351823895929563]]]}},
{"type":"Feature","properties":{"Tile_ID":"X0066_Y0059","Tile_X":66,"Tile_Y":59,"TOTAL_SCENES":490,"TILE_SIZE":3.4},"geometry":{"type":"Polygon","coordinates":[[[11.551266364454406,48.346891590637419],[11.955700619266564,48.340480690465462],[11.945310473829204,48.070662116370272],[11.54302305491488,48.077033748246869],[11.551266364454406,48.346891590637419]]]}},
{"type":"Feature","properties":{"Tile_ID":"X0067_Y0059","Tile_X":67,"Tile_Y":59,"TOTAL_SCENES":492,"TILE_SIZE":3.55},"geometry":{"type":"Polygon","coordinates":[[[11.955700619266564,48.340480690465462],[12.360030325867708,48.33259174784898],[12.34749548714338,48.06282147863444],[11.945310473829204,48.070662116370272],[11.955700619266564,48.340480690465462]]]}},
{"type":"Feature","properties":{"Tile_ID":"X0068_Y0059","Tile_X":68,"Tile_Y":59,"TOTAL_SCENES":487,"TILE_SIZE":3.0},"geometry":{"type":"Polygon","coordinates":[[[12.360030325867708,48.33259174784898],[12.764233953189098,48.323225442080613],[12.74955700392802,48.053512499783835],[12.34749548714338,48.06282147863444],[12.360030325867708,48.33259174784898]]]}},
{"type":"Feature","properties":{"Tile_ID":"X0069_Y0059","Tile_X":69,"Tile_Y":59,"TOTAL_SCENES":482,"TILE_SIZE":2.31},"geometry":{"type":"Polygon","coordinates":[[[12.764233953189098,48.323225442080613],[13.168290023807748,48.312382578937985],[13.15147398517496,48.04273596834885],[12.74955700392802,48.053512499783835],[12.764233953189098,48.323225442080613]]]}},
{"type":"Feature","properties":{"Tile_ID":"X0070_Y0059","Tile_X":70,"Tile_Y":59,"TOTAL_SCENES":507,"TILE_SIZE":3.63},"geometry":{"type":"Polygon","coordinates":[[[13.168290023807748,48.312382578937985],[13.572177123008043,48.300064090242493],[13.553225452569322,48.030492796218994],[13.15147398517496,48.04273596834885],[13.168290023807748,48.312382578937985]]]}},
{"type":"Feature","properties":{"Tile_ID":"X0055_Y0060","Tile_X":55,"Tile_Y":60,"TOTAL_SCENES":476,"TILE_SIZE":3.45},"geometry":{"type":"Polygon","coordinates":[[[7.117160002476083,48.05010184970785],[7.519175923440979,48.059897526935885],[7.532243759223707,47.790109805463665],[7.13234037569729,47.780373607767082],[7.117160002476083,48.05010184970785]]]}},
{"type":"Feature","properties":{"Tile_ID":"X0056_Y0060","Tile_X":56,"Tile_Y":60,"TOTAL_SCENES":485,"TILE_SIZE":3.31},"geometry":{"type":"Polygon","coordinates":[[[7.519175923440979,48.059897526935885],[7.921322323147659,48.068225110808825],[7.932274963303797,47.79838680196373],[7.532243759223707,47.790109805463665],[7.519175923440979,48.059897526935885]]]}},
{"type":"Feature","properties":{"Tile_ID":"X0057_Y0060","Tile_X":57,"Tile_Y":60,"TOTAL_SCENES":472,"TILE_SIZE":1.72},"geometry":{"type":"Polygon","coordinates":[[[7.921322323147659,48.068225110808825],[8.323578126907128,48.075083895494629],[8.332413341585118,47.805203906472684],[7.932274963303797,47.79838680196373],[7.921322323147659,48.068225110808825]]]}},
{"type":"Feature","properties":{"Tile_ID":"X0058_Y0060","Tile_X":58,"Tile_Y":60,"TOTAL_SCENES":445,"TILE_SIZE":3.04},"geometry":{"type":"Polygon","coordinates":[[[8.323578126907128,48.075083895494629],[8.725922214001772,48.080473299195226],[8.732638203157212,47.810560549593681],[8.332413341585118,47.805203906472684],[8.323578126907128,48.075083895494629]]]}},
{"type":"Feature","properties":{"Tile_ID":"X0059_Y0060","Tile_X":59,"Tile_Y":60,"TOTAL_SCENES":433,"TILE_SIZE":3.26},"geometry":{"type":"Polygon","coordinates":[[[8.725922214001772,48.080473299195226],[9.128333426538269,48.084392864462188],[9.132928821122418,47.814456283632765],[8.732638203157212,47.810560549593681],[8.725922214001772,48.080473299195226]]]}},
{"type":"Feature","properties":{"Tile_ID":"X0060_Y0060","Tile_X":60,"Tile_Y":60,"TOTAL_SCENES":416,"TILE_SIZE":2.73},"geometry":{"type":"Polygon","coordinates":[[[9.128333426538269,48.084392864462188],[9.53079057833731,48.086842258444797],[9.533264441201837,47.816890782839025],[9.132928821122418,47.814456283632765],[9.128333426538269,48.084392864462188]]]}},
{"type":"Feature","properties":{"Tile_ID":"X0061_Y0060","Tile_X":61,"Tile_Y":60,"TOTAL_SCENES":435,"TILE_SIZE":1.88},"geometry":{"type":"Polygon","coordinates":[[[9.53079057833731,48.086842258444797],[9.933272463851399,48.087821273070922],[9.933624290368096,47.817863843579467],[9.533264441201837,47.816890782839025],[9.53079057833731,48.086842258444797]]]}},
{"type":"Feature","properties":{"Tile_ID":"X0062_Y0060","Tile_X":62,"Tile_Y":60,"TOTAL_SCENES":456,"TILE_SIZE":3.28},"geometry":{"type":"Polygon","coordinates":[[[9.933272463851399,48.087821273070922],[10.335757867101892,48.087329825159969],[10.333987585496523,47.817375384448312],[9.933624290368096,47.817863843579467],[9.933272463851399,48.087821273070922]]]}},
{"type":"Feature","properties":{"Tile_ID":"X0063_Y0060","Tile_X":63,"Tile_Y":60,"TOTAL_SCENES":448,"TILE_SIZE":3.32},"geometry":{"type":"Polygon","coordinates":[[[10.335757867101892,48.087329825159969],[10.73822557062639,48.085367956468176],[10.734333542026178,47.815425446310869],[10.333987585496523,47.817375384448312],[10.335757867101892,48.087329825159969]]]}},
{"type":"Feature","properties":{"Tile_ID":"X0064_Y0060","Tile_X":64,"Tile_Y":60,"TOTAL_SCENES":467,"TILE_SIZE":2.74},"geometry":{"type":"Polygon","coordinates":[[[10.73822557062639,48.085367956468176],[11.140654364427618,48.081935833665867],[11.134641382622318,47.812014192281403],[10.734333542026178,47.815425446310869],[10.73822557062639,48.085367956468176]]]}},
{"type":"Feature","properties":{"Tile_ID":"X0065_Y0060","Tile_X":65,"Tile_Y":60,"TOTAL_SCENES":471,"TILE_SIZE":2.15},"geometry":{"type":"Polygon","coordinates":[[[11.140654364427618,48.081935833665867],[11.54302305491488,48.077033748246869],[11.534890345831771,47.807141907635625],[11.134641382622318,47.812014192281403],[11.140654364427618,48.081935833665867]]]}},
{"type":"Feature","properties":{"Tile_ID":"X0066_Y0060","Tile_X":66,"Tile_Y":60,"TOTAL_SCENES":486,"TILE_SIZE":3.57},"geometry":{"type":"Polygon","coordinates":[[[11.54302305491488,48.077033748246869],[11.945310473829204,48.070662116370272],[11.935059694722739,47.800808999657562],[11.534890345831771,47.807141907635625],[11.54302305491488,48.077033748246869]]]}},
{"type":"Feature","properties":{"Tile_ID":"X0067_Y0060","Tile_X":67,"Tile_Y":60,"TOTAL_SCENES":484,"TILE_SIZE":3.63},"geometry":{"type":"Polygon","coordinates":[[[11.945310473829204,48.070662116370272],[12.34749548714338,48.06282147863444],[12.335128725500596,47.793015997420945],[11.935059694722739,47.800808999657562],[11.945310473829204,48.070662116370272]]]}},
{"type":"Feature","properties":{"Tile_ID":"X0068_Y0060","Tile_X":68,"Tile_Y":60,"TOTAL_SCENES":504,"TILE_SIZE":2.62},"geometry":{"type":"Polygon","coordinates":[[[12.34749548714338,48.06282147863444],[12.74955700392802,48.053512499783835],[12.735076776091269,47.783763551505643],[12.335128725500596,47.793015997420945],[12.34749548714338,48.06282147863444]]]}},
{"type":"Feature","properties":{"Tile_ID":"X0069_Y0060","Tile_X":69,"Tile_Y":60,"TOTAL_SCENES":472,"TILE_SIZE":2.49},"geometry":{"type":"Polygon","coordinates":[[[12.74955700392802,48.053512499783835],[13.15147398517496,48.04273596834885],[13.134883234683844,47.773052433649106],[12.735076776091269,47.783763551505643],[12.74955700392802,48.053512499783835]]]}},
{"type":"Feature","properties":{"Tile_ID":"X0055_Y0061","Tile_X":55,"Tile_Y":61,"TOTAL_SCENES":451,"TILE_SIZE":3.44},"geometry":{"type":"Polygon","coordinates":[[[7.13234037569729,47.780373607767082],[7.532243759223707,47.790109805463665],[7.54513738104881,47.520285148701944],[7.147318455663862,47.510607611372329],[7.13234037569729,47.780373607767082]]]}},
{"type":"Feature","properties":{"Tile_ID":"X0056_Y0061","Tile_X":56,"Tile_Y":61,"TOTAL_SCENES":467,"TILE_SIZE":2.72},"geometry":{"type":"Polygon","coordinates":[[[7.532243759223707,47.790109805463665],[7.932274963303797,47.79838680196373],[7.943081536685239,47.528512254913871],[7.54513738104881,47.520285148701944],[7.532243759223707,47.790109805463665]]]}},
{"type":"Feature","properties":{"Tile_ID":"X0057_Y0061","Tile_X":57,"Tile_Y":61,"TOTAL_SCENES":436,"TILE_SIZE":2.09},"geometry":{"type":"Polygon","coordinates":[[[7.932274963303797,47.79838680196373],[8.332413341585118,47.805203906472684],[8.341130693653845,47.535288253857139],[7.943081536685239,47.528512254913871],[7.932274963303797,47.79838680196373]]]}},
{"type":"Feature","properties":{"Tile_ID":"X0058_Y0061","Tile_X":58,"Tile_Y":61,"TOTAL_SCENES":409,"TILE_SIZE":3.12},"geometry":{"type":"Polygon","coordinates":[[[8.332413341585118,47.805203906472684],[8.732638203157212,47.810560549593681],[8.739264579891573,47.54061258821099],[8.341130693653845,47.535288253857139],[8.332413341585118,47.805203906472684]]]}},
{"type":"Feature","properties":{"Tile_ID":"X0059_Y0061","Tile_X":59,"Tile_Y":61,"TOTAL_SCENES":412,"TILE_SIZE":3.12},"geometry":{"type":"Polygon","coordinates":[[[8.732638203157212,47.810560549593681],[9.132928821122418,47.814456283632765],[9.137462888491081,47.54448481978018],[8.739264579891573,47.54061258821099],[8.732638203157212,47.810560549593681]]]}},
{"type":"Feature","properties":{"Tile_ID":"X0060_Y0061","Tile_X":60,"Tile_Y":61,"TOTAL_SCENES":444,"TILE_SIZE":2.37},"geometry":{"type":"Polygon","coordinates":[[[9.132928821122418,47.814456283632765],[9.533264441201837,47.816890782839025],[9.535705286033815,47.54690462972728],[9.137462888491081,47.54448481978018],[9.132928821122418,47.814456283632765]]]}},
{"type":"Feature","properties":{"Tile_ID":"X0061_Y0061","Tile_X":61,"Tile_Y":61,"TOTAL_SCENES":457,"TILE_SIZE":2.42},"geometry":{"type":"Polygon","coordinates":[[[9.533264441201837,47.816890782839025],[9.933624290368096,47.817863843579467],[9.933971420948696,47.547871818741967],[9.535705286033815,47.54690462972728],[9.533264441201837,47.816890782839025]]]}},
{"type":"Feature","properties":{"Tile_ID":"X0062_Y0061","Tile_X":62,"Tile_Y":61,"TOTAL_SCENES":457,"TILE_SIZE":3.51},"geometry":{"type":"Polygon","coordinates":[[[9.933624290368096,47.817863843579467],[10.333987585496523,47.817375384448312],[10.332240931888354,47.547386307146702],[9.933971420948696,47.547871818741967],[9.933624290368096,47.817863843579467]]]}},
{"type":"Feature","properties":{"Tile_ID":"X0063_Y0061","Tile_X":63,"Tile_Y":61,"TOTAL_SCENES":461,"TILE_SIZE":3.52},"geometry":{"type":"Polygon","coordinates":[[[10.333987585496523,47.817375384448312],[10.734333542026178,47.815425446310869],[10.730493456114827,47.5454481349392],[10.332240931888354,47.547386307146702],[10.333987585496523,47.817375384448312]]]}},
{"type":"Feature","properties":{"Tile_ID":"X0064_Y0061","Tile_X":64,"Tile_Y":61,"TOTAL_SCENES":490,"TILE_SIZE":2.49},"geometry":{"type":"Polygon","coordinates":[[[10.734333542026178,47.815425446310869],[11.134641382622318,47.812014192281403],[11.128708637886595,47.54205746177103],[10.730493456114827,47.5454481349392],[10.734333542026178,47.815425446310869]]]}},
{"type":"Feature","properties":{"Tile_ID":"X0065_Y0061","Tile_X":65,"Tile_Y":61,"TOTAL_SCENES":495,"TILE_SIZE":2.74},"geometry":{"type":"Polygon","coordinates":[[[11.134641382622318,47.812014192281403],[11.534890345831771,47.807141907635625],[11.526866136838853,47.537214566862978],[11.128708637886595,47.54205746177103],[11.134641382622318,47.812014192281403]]]}},
{"type":"Feature","properties":{"Tile_ID":"X0066_Y0061","Tile_X":66,"Tile_Y":61,"TOTAL_SCENES":478,"TILE_SIZE":3.68},"geometry":{"type":"Polygon","coordinates":[[[11.534890345831771,47.807141907635625],[11.935059694722739,47.800808999657562],[11.924945636348918,47.530919848856762],[11.526866136838853,47.537214566862978],[11.534890345831771,47.807141907635625]]]}},
{"type":"Feature","properties":{"Tile_ID":"X0067_Y0061","Tile_X":67,"Tile_Y":61,"TOTAL_SCENES":493,"TILE_SIZE":3.84},"geometry":{"type":"Polygon","coordinates":[[[11.935059694722739,47.800808999657562],[12.335128725500596,47.793015997420945],[12.322926851878675,47.523173825603628],[11.924945636348918,47.530919848856762],[11.935059694722739,47.800808999657562]]]}},
{"type":"Feature","properties":{"Tile_ID":"X0068_Y0061","Tile_X":68,"Tile_Y":61,"TOTAL_SCENES":477,"TILE_SIZE":2.26},"geometry":{"type":"Polygon","coordinates":[[[12.335128725500596,47.793015997420945],[12.735076776091269,47.783763551505643],[12.720789539286084,47.513977133889945],[12.322926851878675,47.523173825603628],[12.335128725500596,47.793015997420945]]]}},
{"type":"Feature","properties":{"Tile_ID":"X0069_Y0061","Tile_X":69,"Tile_Y":61,"TOTAL_SCENES":439,"TILE_SIZE":2.83},"geometry":{"type":"Polygon","coordinates":[[[12.735076776091269,47.783763551505643],[13.134883234683844,47.773052433649106],[13.118513503097702,47.503330529099884],[12.720789539286084,47.513977133889945],[12.735076776091269,47.783763551505643]]]}},
{"type":"Feature","properties":{"Tile_ID":"X0060_Y0062","Tile_X":60,"Tile_Y":62,"TOTAL_SCENES":449,"TILE_SIZE":2.14},"geometry":{"type":"Polygon","coordinates":[[[9.137462888491081,47.54448481978018],[9.535705286033815,47.54690462972728],[9.538113735937833,47.276882280563356],[9.141936785815506,47.274476958288737],[9.137462888491081,47.54448481978018]]]}},
{"type":"Feature","properties":{"Tile_ID":"X0061_Y0062","Tile_X":61,"Tile_Y":62,"TOTAL_SCENES":489,"TILE_SIZE":3.0},"geometry":{"type":"Polygon","coordinates":[[[9.535705286033815,47.54690462972728],[9.933971420948696,47.547871818741967],[9.93431394421857,47.277843678440668],[9.538113735937833,47.276882280563356],[9.535705286033815,47.54690462972728]]]}},
{"type":"Feature","properties":{"Tile_ID":"X0062_Y0062","Tile_X":62,"Tile_Y":62,"TOTAL_SCENES":461,"TILE_SIZE":3.67},"geometry":{"type":"Polygon","coordinates":[[[9.933971420948696,47.547871818741967],[10.332240931888354,47.547386307146702],[10.330517460364856,47.277361073926322],[9.93431394421857,47.277843678440668],[9.933971420948696,47.547871818741967]]]}},
{"type":"Feature","properties":{"Tile_ID":"X0063_Y0062","Tile_X":63,"Tile_Y":62,"TOTAL_SCENES":448,"TILE_SIZE":3.51},"geometry":{"type":"Polygon","coordinates":[[[10.332240931888354,47.547386307146702],[10.730493456114827,47.5454481349392],[10.726704332737162,47.275434506173021],[10.330517460364856,47.277361073926322],[10.332240931888354,47.547386307146702]]]}},
{"type":"Feature","properties":{"Tile_ID":"X0064_Y0062","Tile_X":64,"Tile_Y":62,"TOTAL_SCENES":487,"TILE_SIZE":2.15},"geometry":{"type":"Polygon","coordinates":[[[10.730493456114827,47.5454481349392],[11.128708637886595,47.54205746177103],[11.122854616471415,47.272064131460006],[10.726704332737162,47.275434506173021],[10.730493456114827,47.5454481349392]]]}},
{"type":"Feature","properties":{"Tile_ID":"X0065_Y0062","Tile_X":65,"Tile_Y":62,"TOTAL_SCENES":475,"TILE_SIZE":3.14},"geometry":{"type":"Polygon","coordinates":[[[11.128708637886595,47.54205746177103],[11.526866136838853,47.537214566862978],[11.518948381594667,47.267250223110949],[11.122854616471415,47.272064131460006],[11.128708637886595,47.54205746177103]]]}},
{"type":"Feature","properties":{"Tile_ID":"X0066_Y0062","Tile_X":66,"Tile_Y":62,"TOTAL_SCENES":486,"TILE_SIZE":3.86},"geometry":{"type":"Polygon","coordinates":[[[11.526866136838853,47.537214566862978],[11.924945636348918,47.530919848856762],[11.91496572112654,47.260993171350613],[11.518948381594667,47.267250223110949],[11.526866136838853,47.537214566862978]]]}},
{"type":"Feature","properties":{"Tile_ID":"X0069_Y0062","Tile_X":69,"Tile_Y":62,"TOTAL_SCENES":445,"TILE_SIZE":3.21},"geometry":{"type":"Polygon","coordinates":[[[12.720789539286084,47.513977133889945],[13.118513503097702,47.503330529099884],[13.102360630714013,47.233568806641031],[12.706691658905083,47.244151781711473],[12.720789539286084,47.513977133889945]]]}},
{"type":"Feature","properties":{"Tile_ID":"X0062_Y0063","Tile_X":62,"Tile_Y":63,"TOTAL_SCENES":406,"TILE_SIZE":3.32},"geometry":{"type":"Polygon","coordinates":[[[9.93431394421857,47.277843678440668],[10.330517460364856,47.277361073926322],[10.328816736421107,47.007298164943315],[9.934651946535734,47.00777790206304],[9.93431394421857,47.277843678440668]]]}}
]
}
